{
  "global": {
    "id": "sky/atlas-exploratory",
    "name": "Atlas Exploratory",
    "extension": ".axp",
    "description": "Exploratory document type (Scenario, ScenarioVariation)",
    "author": {
      "name": "Sky",
      "website": "https://sky.money/"
    },
    "specifications": [
      {
        "version": 1,
        "changeLog": [],
        "state": {
          "global": {
            "schema": "type AtlasExploratoryState {\n  \"\"\"\n  Unique document number assigned to the Exploratory document within Atlas.\n  \"\"\"\n  docNo: String\n  \"\"\"\n  Full name of the Exploratory document entity.  \n  \"\"\"\n  name: String\n  \"\"\"\n  Parent entity that this Exploratory document belongs to.  \n  This is a reference to another Atlas document.\n  \"\"\"\n  parent: PHID!\n  \"\"\"\n  The type of the Exploratory document within Atlas.  \n  Example: Tenet, Original Context Data, Active Data.\n  \"\"\"\n  atlasType: EAtlasType!\n  \"\"\"\n  Entire content body of the Exploratory document within Atlas.\n  \"\"\"\n  content: String\n  \"\"\"\n  Master status of the Exploratory document as managed by the Atlas Axis facilitator group.  \n  \"\"\"\n  masterStatus: EStatus!\n  \"\"\"\n  Document tags managed by the Atlas Axis facilitator group for classification.  \n  \"\"\"\n  globalTags: [EGlobalTag!]!\n  \"\"\"\n  List of Atlas documents that were relevant for the creation of this Exploratory document.  \n  \"\"\"\n  originalContextData: [DocumentInfo!]!\n  \"\"\"\n  Original Notion document ID of the Exploratory document.  \n  Used for cross-system referencing and linking back to the original Notion source.\n  \"\"\"\n  notionId: String\n  \"\"\"\n  Alignmnet boolean findings. \n  \"\"\"\n  findings: Finding! \n  \"\"\"\n  Additional commentary and context for guidance. \n  \"\"\"\n  additionalGuidance: String!\n}\n\n\"\"\"\nReference to a document within Atlas with optional name and document number for display reasons. \n\"\"\"\ntype Finding {\n  isAligned: Boolean!\n}\n\ntype DocumentInfo {\n  id: PHID!\n  title: OLabel\n  docNo: String\n}\n\n\n\"\"\"\nDomain (i.e., Atlas) specific document types with the same document model global schema.  \n\"\"\"\nenum EAtlasType {\n  SCENARIO\n  SCENARIO_VARIATION\n}\n\n\"\"\"\nDefines the lifecycle stage of the Exploratory document within Atlas.  \n\"\"\"\nenum EStatus {\n  PLACEHOLDER\n  PROVISIONAL\n  APPROVED\n  DEFERRED\n  ARCHIVED\n}\n\n\"\"\"\nThese global tags are used for classification in Exploratory documents.  \n\"\"\"\nenum EGlobalTag {\n  SCOPE_ADVISOR\n  AVC\n  CAIS\n  ML_LOW_PRIORITY\n  EXTERNAL_REFERENCE\n  DAO_TOOLKIT\n  ML_DEFER\n  PURPOSE_SYSTEM\n  NEWCHAIN\n  ML_SUPPORT_DOCS_NEEDED\n  TWO_STAGE_BRIDGE\n  ECOSYSTEM_INTELLIGENCE\n  RECURSIVE_IMPROVEMENT\n  LEGACY_TERM_USE_APPROVED\n}",
            "initialValue": "{\n  \"docNo\": \"\",\n  \"name\": \"\",\n  \"parent\": \"\",\n  \"atlasType\": \"SCENARIO\",\n  \"content\": \"\",\n  \"masterStatus\": \"PLACEHOLDER\",\n  \"globalTags\": [],\n  \"originalContextData\": [],\n  \"notionId\": \"\",\n  \"findings\": {\n    \"isAligned\": false\n  },\n  \"additionalGuidance\": \"\"\n}",
            "examples": []
          },
          "local": {
            "schema": "",
            "initialValue": "",
            "examples": []
          }
        },
        "modules": [
          {
            "id": "Z4wFwR7FOy+pjbIc4oK+bA2dQjc=",
            "name": "general",
            "description": "",
            "operations": [
              {
                "id": "pbTnKZf0S+fzRub/1pWrD5zbNsk=",
                "name": "SET_NAME",
                "description": "",
                "schema": "input SetNameInput {\n  \"Add your inputs here\"\n  name: String!\n}",
                "template": "",
                "reducer": "",
                "errors": [],
                "examples": [],
                "scope": "global"
              },
              {
                "id": "/kGF0lna2d/9PuAjxhcQMBuIY1g=",
                "name": "SET_CONTENT",
                "description": "",
                "schema": "input SetContentInput {\n  \"Add your inputs here\"\n  content: String! \n}",
                "template": "",
                "reducer": "",
                "errors": [],
                "examples": [],
                "scope": "global"
              },
              {
                "id": "yy3qFG0k67tzM1+klvVsOBe21H0=",
                "name": "SET_MASTER_STATUS",
                "description": "",
                "schema": "input SetMasterStatusInput {\n  \"Add your inputs here\"\n  masterStatus: EStatus!\n}",
                "template": "",
                "reducer": "",
                "errors": [],
                "examples": [],
                "scope": "global"
              },
              {
                "id": "2geMGCOayC7itdwOTxZlgxWy8qc=",
                "name": "SET_PARENT",
                "description": "",
                "schema": "input SetParentInput {\n  \"Add your inputs here\"\n  parent: PHID!\n}",
                "template": "",
                "reducer": "",
                "errors": [],
                "examples": [],
                "scope": "global"
              },
              {
                "id": "W/uD6K8Z9rqjGOtnQnkk6dWGpn4=",
                "name": "SET_ATLAS_TYPE",
                "description": "",
                "schema": "input SetAtlasTypeInput {\n  \"Add your inputs here\"\n  atlasType: EAtlasType! \n}",
                "template": "",
                "reducer": "",
                "errors": [],
                "examples": [],
                "scope": "global"
              },
              {
                "id": "Av5Jb9DN++xE6z3RVpLPn2yEV3g=",
                "name": "SET_FINDINGS",
                "description": "",
                "schema": "input SetFindingsInput {\n  \"Add your inputs here\"\n  isAligned: Boolean!\n}",
                "template": "",
                "reducer": "",
                "errors": [],
                "examples": [],
                "scope": "global"
              },
              {
                "id": "/SkCCJTqoLjkFw74f6VSKD7tLsw=",
                "name": "SET_DOCUMENT_NUMBER",
                "description": "",
                "schema": "input SetDocumentNumberInput {\n  docNo: String\n}",
                "template": "",
                "reducer": "",
                "errors": [],
                "examples": [],
                "scope": "global"
              }
            ]
          },
          {
            "id": "vpQLv7KGVNUx30F6sValLa7BBdM=",
            "name": "tags",
            "description": "",
            "operations": [
              {
                "id": "G1qGUhuNhTQ0YYNKbhlTO4sa8K8=",
                "name": "ADD_TAGS",
                "description": "",
                "schema": "input AddTagsInput {\n  \"Add your inputs here\"\n  newTags: [EGlobalTag!]!\n}",
                "template": "",
                "reducer": "",
                "errors": [],
                "examples": [],
                "scope": "global"
              },
              {
                "id": "AuFU3WJ/oSjB1gFiKY/jRWeORRI=",
                "name": "REMOVE_TAGS",
                "description": "",
                "schema": "input RemoveTagsInput {\n  \"Add your inputs here\"\n  tags: [EGlobalTag!]!\n}",
                "template": "",
                "reducer": "",
                "errors": [],
                "examples": [],
                "scope": "global"
              }
            ]
          },
          {
            "id": "hYLyB00jZOGkgOYlzIK4CQyetAc=",
            "name": "context",
            "description": "",
            "operations": [
              {
                "id": "kJ18avk8GZfFSCDB9nc3Q/IW/YM=",
                "name": "ADD_CONTEXT_DATA",
                "description": "",
                "schema": "input AddContextDataInput {\n  \"Add your inputs here\"\n  id: PHID!\n  title: String\n  docNo: String\n  \n}",
                "template": "",
                "reducer": "",
                "errors": [],
                "examples": [],
                "scope": "global"
              },
              {
                "id": "/US9/Z+DslnShdktk4kXSPk+5mQ=",
                "name": "REMOVE_CONTEXT_DATA",
                "description": "",
                "schema": "input RemoveContextDataInput {\n  \"Add your inputs here\"\n  id: PHID!\n}",
                "template": "",
                "reducer": "",
                "errors": [],
                "examples": [],
                "scope": "global"
              },
              {
                "id": "sC5gxkpmz59EDlC1AG5kyfCR/u8=",
                "name": "SET_NOTION_ID",
                "description": "",
                "schema": "input SetNotionIdInput {\n  \"Add your inputs here\"\n  notionID: String\n}",
                "template": "",
                "reducer": "",
                "errors": [],
                "examples": [],
                "scope": "global"
              },
              {
                "id": "ceBCIgyjUX1fJuBlQ8G+CnRs5uY=",
                "name": "SET_ADDITIONAL_GUIDANCE",
                "description": "",
                "schema": "input SetAdditionalGuidanceInput {\n  \"Add your inputs here\"\n  additionalGuidance: String!\n}",
                "template": "",
                "reducer": "",
                "errors": [],
                "examples": [],
                "scope": "global"
              },
              {
                "id": "4/Um8lZqMAsjKktwN0jCu7U5U1M=",
                "name": "REPLACE_CONTEXT_DATA",
                "description": "",
                "schema": "input ReplaceContextDataInput {\n prevId: PHID!\n  id: PHID!\n  title: String\n  docNo: String\n}",
                "template": "",
                "reducer": "",
                "errors": [],
                "examples": [],
                "scope": "global"
              }
            ]
          }
        ]
      }
    ]
  },
  "local": {}
}