{
  "global": {
    "id": "sky/atlas-set",
    "name": "atlas-set",
    "extension": "",
    "description": "Navigational containers, like \"categories, which themselves are not numbered, but contain numbered child nodes.",
    "author": {
      "name": "",
      "website": ""
    },
    "specifications": [
      {
        "version": 1,
        "changeLog": [],
        "state": {
          "global": {
            "schema": "type AtlasSetState {\n  id: PHID!\n  name: String!\n  parent: SetDocumentLink\n}\n\ntype SetDocumentLink {\n  id: PHID!\n  title: OLabel\n}",
            "initialValue": "{\n  \"id\": \"\",\n  \"name\": \"\",\n  \"parent\": {\n    \"id\": \"\",\n    \"title\": \"\"\n  }\n}",
            "examples": []
          },
          "local": {
            "schema": "",
            "initialValue": "",
            "examples": []
          }
        },
        "modules": [
          {
            "id": "U0lzVxbZlFR5Plu/xx2mMwKVF0Y=",
            "name": "general",
            "description": "",
            "operations": [
              {
                "id": "kNXbpv7WFGOpLkpJilvyN9Y7f48=",
                "name": "SET_SET_NAME",
                "description": "",
                "schema": "input SetSetNameInput {\n  name: String\n}",
                "template": "",
                "reducer": "",
                "errors": [],
                "examples": [],
                "scope": "global"
              },
              {
                "id": "nE5yNQ7ABx3oOPPH3Dz1sjerjh8=",
                "name": "SET_SET_PARENT",
                "description": "",
                "schema": "input SetSetParentInput {\n  id: PHID!\n  title: OLabel\n}",
                "template": "",
                "reducer": "",
                "errors": [],
                "examples": [],
                "scope": "global"
              }
            ]
          }
        ]
      }
    ]
  },
  "local": {}
}