{
  "global": [
    {
      "type": "SET_MODEL_NAME",
      "input": {
        "name": "atlas-set"
      },
      "scope": "global",
      "id": "33393244-7f38-4aa5-a74c-e7d2f596b61c",
      "index": 0,
      "timestamp": "2025-04-25T18:46:59.398Z",
      "hash": "BRusYcco3WDQcKMR1qFRoDMKkEs=",
      "skip": 0
    },
    {
      "type": "SET_STATE_SCHEMA",
      "input": {
        "schema": "type AtlasSetState {\n  \"Add your global state fields here\"\n  _placeholder: String\n}",
        "scope": "global"
      },
      "scope": "global",
      "id": "0b320fe3-5850-4dc3-a5da-f56a656736a9",
      "index": 1,
      "timestamp": "2025-04-25T18:46:59.398Z",
      "hash": "At3BZsvRWODyV+lNJEt3lHqGy6w=",
      "skip": 0
    },
    {
      "type": "SET_MODEL_ID",
      "input": {
        "id": "sky/atlas-set"
      },
      "scope": "global",
      "id": "c6e6d185-0f33-465a-96af-18ea5bce5fe2",
      "index": 2,
      "timestamp": "2025-04-25T18:47:12.579Z",
      "hash": "B6uXkmPW9p346JXFg5jMUbT/AYw=",
      "skip": 0
    },
    {
      "type": "SET_MODEL_DESCRIPTION",
      "input": {
        "description": "Navigational containers, like \"categories, which themselves are not numbered, but contain numbered child nodes."
      },
      "scope": "global",
      "id": "7c8dd7b1-ddd0-4a3d-bafc-119279e3402e",
      "index": 3,
      "timestamp": "2025-04-25T18:47:22.434Z",
      "hash": "NviMBVh1fWpzCyQmGRuMpf0/5Wo=",
      "skip": 0
    },
    {
      "type": "SET_STATE_SCHEMA",
      "input": {
        "schema": "type AtlasSetState {\n  id: PHID!\n  name: String!\n  parent: SetDocumentLink\n}\n\ntype SetDocumentLink {\n  id: PHID!\n  title: OLabel\n}",
        "scope": "global"
      },
      "scope": "global",
      "id": "b404f0b5-0545-4bad-a75b-57eb3e921e3c",
      "index": 4,
      "timestamp": "2025-04-25T18:47:26.740Z",
      "hash": "E14zxxxDAr9unpq/pXn/6pHseys=",
      "skip": 0
    },
    {
      "type": "ADD_MODULE",
      "input": {
        "id": "U0lzVxbZlFR5Plu/xx2mMwKVF0Y=",
        "name": "general"
      },
      "scope": "global",
      "id": "46691405-dfa0-4b6e-a062-0f763b79e69b",
      "index": 5,
      "timestamp": "2025-04-25T18:48:27.331Z",
      "hash": "e+wBQbHEc6FcyVCp0fF18qMUnN8=",
      "skip": 0
    },
    {
      "type": "ADD_OPERATION",
      "input": {
        "id": "kNXbpv7WFGOpLkpJilvyN9Y7f48=",
        "moduleId": "U0lzVxbZlFR5Plu/xx2mMwKVF0Y=",
        "name": "SET_SET_NAME"
      },
      "scope": "global",
      "id": "ec2ca317-7d9b-4db9-8298-3608cac925de",
      "index": 6,
      "timestamp": "2025-04-25T18:48:38.775Z",
      "hash": "4iZGyD03KEy6DoB3Mebht8YeIhM=",
      "skip": 0
    },
    {
      "type": "SET_OPERATION_SCHEMA",
      "input": {
        "id": "kNXbpv7WFGOpLkpJilvyN9Y7f48=",
        "schema": "input SetSetNameInput {\n  \"Add your inputs here\"\n  _placeholder: String\n}"
      },
      "scope": "global",
      "id": "f1535762-1ace-4e89-900f-780adff96d42",
      "index": 7,
      "timestamp": "2025-04-25T18:48:38.828Z",
      "hash": "8J/jfHfnQRXkqvwdVEIBGtmhnFk=",
      "skip": 0
    },
    {
      "type": "SET_OPERATION_SCHEMA",
      "input": {
        "id": "kNXbpv7WFGOpLkpJilvyN9Y7f48=",
        "schema": "input SetSetNameInput {\n  name: String\n}"
      },
      "scope": "global",
      "id": "c6332004-ef43-4a08-9830-7e8bbead6536",
      "index": 8,
      "timestamp": "2025-04-25T18:48:55.577Z",
      "hash": "cZte4X0pQC6EbjkoG/qUFvL2MzM=",
      "skip": 0
    },
    {
      "type": "ADD_OPERATION",
      "input": {
        "id": "nE5yNQ7ABx3oOPPH3Dz1sjerjh8=",
        "moduleId": "U0lzVxbZlFR5Plu/xx2mMwKVF0Y=",
        "name": "SET_SET_PARENT"
      },
      "scope": "global",
      "id": "82f1f224-03b5-49fe-9712-8b7816defd29",
      "index": 9,
      "timestamp": "2025-04-25T18:49:05.204Z",
      "hash": "0ubQfgAvk3bnHNvhlh3cKc4Kf+o=",
      "skip": 0
    },
    {
      "type": "SET_OPERATION_SCHEMA",
      "input": {
        "id": "nE5yNQ7ABx3oOPPH3Dz1sjerjh8=",
        "schema": "input SetSetParentInput {\n  \"Add your inputs here\"\n  _placeholder: String\n}"
      },
      "scope": "global",
      "id": "de05f478-0fd0-44e7-9015-d891ecc8b802",
      "index": 10,
      "timestamp": "2025-04-25T18:49:05.246Z",
      "hash": "SFZt+Qoy0mGjEpxZK8Qdh5H9YL4=",
      "skip": 0
    },
    {
      "type": "SET_OPERATION_SCHEMA",
      "input": {
        "id": "nE5yNQ7ABx3oOPPH3Dz1sjerjh8=",
        "schema": "input SetSetParentInput {\n  id: PHID!\n  title: OLabel\n}"
      },
      "scope": "global",
      "id": "8b651aac-fd51-43aa-a683-836e8c385d82",
      "index": 11,
      "timestamp": "2025-04-25T18:49:24.479Z",
      "hash": "q+vgvkfTvB+fjNDgS+AMZpU/UrM=",
      "skip": 0
    },
    {
      "type": "SET_INITIAL_STATE",
      "input": {
        "initialValue": "{\n  \"id\": \"\",\n  \"name\": \"\",\n  \"parent\": {\n    \"id\": \"\",\n    \"title\": \"\"\n  }\n}",
        "scope": "global"
      },
      "scope": "global",
      "id": "f7b89181-e15b-4b51-8aed-a08446552a19",
      "index": 12,
      "timestamp": "2025-04-25T18:49:26.969Z",
      "hash": "0nsIIaGpDDphdJE6OGFZXINC+9Q=",
      "skip": 0
    }
  ],
  "local": []
}