{
  "global": [
    {
      "type": "SET_MODEL_NAME",
      "input": {
        "name": "atlas-set"
      },
      "scope": "global",
      "id": "33393244-7f38-4aa5-a74c-e7d2f596b61c",
      "index": 0,
      "timestamp": "2025-04-25T18:46:59.398Z",
      "hash": "BRusYcco3WDQcKMR1qFRoDMKkEs=",
      "skip": 0
    },
    {
      "type": "SET_STATE_SCHEMA",
      "input": {
        "schema": "type AtlasSetState {\n  \"Add your global state fields here\"\n  _placeholder: String\n}",
        "scope": "global"
      },
      "scope": "global",
      "id": "0b320fe3-5850-4dc3-a5da-f56a656736a9",
      "index": 1,
      "timestamp": "2025-04-25T18:46:59.398Z",
      "hash": "At3BZsvRWODyV+lNJEt3lHqGy6w=",
      "skip": 0
    },
    {
      "type": "SET_MODEL_ID",
      "input": {
        "id": "sky/atlas-set"
      },
      "scope": "global",
      "id": "c6e6d185-0f33-465a-96af-18ea5bce5fe2",
      "index": 2,
      "timestamp": "2025-04-25T18:47:12.579Z",
      "hash": "B6uXkmPW9p346JXFg5jMUbT/AYw=",
      "skip": 0
    },
    {
      "type": "SET_MODEL_DESCRIPTION",
      "input": {
        "description": "Navigational containers, like \"categories, which themselves are not numbered, but contain numbered child nodes."
      },
      "scope": "global",
      "id": "7c8dd7b1-ddd0-4a3d-bafc-119279e3402e",
      "index": 3,
      "timestamp": "2025-04-25T18:47:22.434Z",
      "hash": "NviMBVh1fWpzCyQmGRuMpf0/5Wo=",
      "skip": 0
    },
    {
      "type": "SET_STATE_SCHEMA",
      "input": {
        "schema": "type AtlasSetState {\n  id: PHID!\n  name: String!\n  parent: SetDocumentLink\n}\n\ntype SetDocumentLink {\n  id: PHID!\n  title: OLabel\n}",
        "scope": "global"
      },
      "scope": "global",
      "id": "b404f0b5-0545-4bad-a75b-57eb3e921e3c",
      "index": 4,
      "timestamp": "2025-04-25T18:47:26.740Z",
      "hash": "E14zxxxDAr9unpq/pXn/6pHseys=",
      "skip": 0
    },
    {
      "type": "ADD_MODULE",
      "input": {
        "id": "U0lzVxbZlFR5Plu/xx2mMwKVF0Y=",
        "name": "general"
      },
      "scope": "global",
      "id": "46691405-dfa0-4b6e-a062-0f763b79e69b",
      "index": 5,
      "timestamp": "2025-04-25T18:48:27.331Z",
      "hash": "e+wBQbHEc6FcyVCp0fF18qMUnN8=",
      "skip": 0
    },
    {
      "type": "ADD_OPERATION",
      "input": {
        "id": "kNXbpv7WFGOpLkpJilvyN9Y7f48=",
        "moduleId": "U0lzVxbZlFR5Plu/xx2mMwKVF0Y=",
        "name": "SET_SET_NAME"
      },
      "scope": "global",
      "id": "ec2ca317-7d9b-4db9-8298-3608cac925de",
      "index": 6,
      "timestamp": "2025-04-25T18:48:38.775Z",
      "hash": "4iZGyD03KEy6DoB3Mebht8YeIhM=",
      "skip": 0
    },
    {
      "type": "SET_OPERATION_SCHEMA",
      "input": {
        "id": "kNXbpv7WFGOpLkpJilvyN9Y7f48=",
        "schema": "input SetSetNameInput {\n  \"Add your inputs here\"\n  _placeholder: String\n}"
      },
      "scope": "global",
      "id": "f1535762-1ace-4e89-900f-780adff96d42",
      "index": 7,
      "timestamp": "2025-04-25T18:48:38.828Z",
      "hash": "8J/jfHfnQRXkqvwdVEIBGtmhnFk=",
      "skip": 0
    },
    {
      "type": "SET_OPERATION_SCHEMA",
      "input": {
        "id": "kNXbpv7WFGOpLkpJilvyN9Y7f48=",
        "schema": "input SetSetNameInput {\n  name: String\n}"
      },
      "scope": "global",
      "id": "c6332004-ef43-4a08-9830-7e8bbead6536",
      "index": 8,
      "timestamp": "2025-04-25T18:48:55.577Z",
      "hash": "cZte4X0pQC6EbjkoG/qUFvL2MzM=",
      "skip": 0
    },
    {
      "type": "ADD_OPERATION",
      "input": {
        "id": "nE5yNQ7ABx3oOPPH3Dz1sjerjh8=",
        "moduleId": "U0lzVxbZlFR5Plu/xx2mMwKVF0Y=",
        "name": "SET_SET_PARENT"
      },
      "scope": "global",
      "id": "82f1f224-03b5-49fe-9712-8b7816defd29",
      "index": 9,
      "timestamp": "2025-04-25T18:49:05.204Z",
      "hash": "0ubQfgAvk3bnHNvhlh3cKc4Kf+o=",
      "skip": 0
    },
    {
      "type": "SET_OPERATION_SCHEMA",
      "input": {
        "id": "nE5yNQ7ABx3oOPPH3Dz1sjerjh8=",
        "schema": "input SetSetParentInput {\n  \"Add your inputs here\"\n  _placeholder: String\n}"
      },
      "scope": "global",
      "id": "597a9bb7-fa58-41e8-b2d3-6270f84c3d31",
      "index": 10,
      "timestamp": "2025-04-25T18:49:05.323Z",
      "hash": "SFZt+Qoy0mGjEpxZK8Qdh5H9YL4=",
      "skip": 0
    },
    {
      "type": "SET_OPERATION_SCHEMA",
      "input": {
        "id": "nE5yNQ7ABx3oOPPH3Dz1sjerjh8=",
        "schema": "input SetSetParentInput {\n  id: PHID!\n  title: OLabel\n}"
      },
      "scope": "global",
      "id": "8b651aac-fd51-43aa-a683-836e8c385d82",
      "index": 11,
      "timestamp": "2025-04-25T18:49:24.479Z",
      "hash": "q+vgvkfTvB+fjNDgS+AMZpU/UrM=",
      "skip": 0
    },
    {
      "type": "SET_INITIAL_STATE",
      "input": {
        "initialValue": "{\n  \"id\": \"\",\n  \"name\": \"\",\n  \"parent\": {\n    \"id\": \"\",\n    \"title\": \"\"\n  }\n}",
        "scope": "global"
      },
      "scope": "global",
      "id": "f7b89181-e15b-4b51-8aed-a08446552a19",
      "index": 12,
      "timestamp": "2025-04-25T18:49:26.969Z",
      "hash": "0nsIIaGpDDphdJE6OGFZXINC+9Q=",
      "skip": 0
    },
    {
      "type": "SET_MODEL_NAME",
      "input": {
        "name": "Atlas Set"
      },
      "scope": "global",
      "id": "083f5b8e-076b-40e3-b9c6-b6bf2cb63c2a",
      "index": 13,
      "timestamp": "2025-04-25T20:46:56.258Z",
      "hash": "n91Q6rfBn+y+f5nomR4bFR7AG3U=",
      "skip": 0
    },
    {
      "type": "SET_STATE_SCHEMA",
      "input": {
        "schema": "type AtlasSetState {\n  id: PHID!\n  name: String!\n  parent: SetDocumentLink\n  notionId: String\n}\n\ntype SetDocumentLink {\n  id: PHID!\n  title: OLabel\n}",
        "scope": "global"
      },
      "scope": "global",
      "id": "6b1e7dea-2dc2-41ad-bbff-5a635ddafcea",
      "index": 14,
      "timestamp": "2025-04-25T20:47:10.567Z",
      "hash": "1TAVIM6n4p3eQRf2XyR9FRFiadw=",
      "skip": 0
    },
    {
      "type": "SET_INITIAL_STATE",
      "input": {
        "initialValue": "{\n  \"id\": \"\",\n  \"name\": \"\",\n  \"parent\": {\n    \"id\": \"\",\n    \"title\": \"\"\n  },\n  \"notionId\": \"\"\n}",
        "scope": "global"
      },
      "scope": "global",
      "id": "a2295262-3ac5-4672-93d1-626cfe8f982b",
      "index": 15,
      "timestamp": "2025-04-25T20:47:20.549Z",
      "hash": "x/8ik2/Gx9YsCDnV2XUOta9dyEA=",
      "skip": 0
    },
    {
      "type": "SET_OPERATION_SCHEMA",
      "input": {
        "id": "kNXbpv7WFGOpLkpJilvyN9Y7f48=",
        "schema": "input SetSetNameInput {\n  name: String!\n}"
      },
      "scope": "global",
      "id": "3257e002-ba20-439c-925b-02021c9b9809",
      "index": 16,
      "timestamp": "2025-04-25T20:47:39.589Z",
      "hash": "oMrst9ZCvunjBpEtWa/wgb5hjSs=",
      "skip": 0
    },
    {
      "type": "ADD_OPERATION",
      "input": {
        "id": "3vG1BBRhVRf4I8ZytVGtClWTIYk=",
        "moduleId": "U0lzVxbZlFR5Plu/xx2mMwKVF0Y=",
        "name": "SET_NOTION_ID"
      },
      "scope": "global",
      "id": "63690b42-9544-4da1-a1af-fbd3e3a3256b",
      "index": 17,
      "timestamp": "2025-04-25T20:48:27.420Z",
      "hash": "g9AV+NG6AzGha+I3c3h/jAfbkmQ=",
      "skip": 0
    },
    {
      "type": "SET_OPERATION_SCHEMA",
      "input": {
        "id": "3vG1BBRhVRf4I8ZytVGtClWTIYk=",
        "schema": "input SetNotionIdInput {\n  \"Add your inputs here\"\n  _placeholder: String\n}"
      },
      "scope": "global",
      "id": "5ed3d090-3643-4da4-a03c-e8a477bae01e",
      "index": 18,
      "timestamp": "2025-04-25T20:48:27.459Z",
      "hash": "Ysy/ZPD79oJio8q/PoWDLCXXd8M=",
      "skip": 0
    },
    {
      "type": "SET_OPERATION_SCHEMA",
      "input": {
        "id": "3vG1BBRhVRf4I8ZytVGtClWTIYk=",
        "schema": "input SetNotionIdInput {\n  notionId: String!\n}"
      },
      "scope": "global",
      "id": "3960e81f-a34a-40a9-993a-e210b6769caf",
      "index": 19,
      "timestamp": "2025-04-25T20:48:43.846Z",
      "hash": "gLY4a7PneLbdmqZVvsRpfjv4B4c=",
      "skip": 0
    },
    {
      "type": "SET_STATE_SCHEMA",
      "input": {
        "schema": "type AtlasSetState {\n  id: PHID!\n  name: String!\n  parent: SetDocumentLink\n  notionId: String\n}\n\ntype SetDocumentLink {\n  id: PHID!\n  title: OLabel\n  documentType: String\n}",
        "scope": "global"
      },
      "scope": "global",
      "id": "88ec15ba-7daf-47bf-bafa-5c4d1bec344c",
      "index": 20,
      "timestamp": "2025-05-12T22:18:12.648Z",
      "hash": "lMKIgia/U+e8stgiqeHbBI4vl+U=",
      "skip": 0
    },
    {
      "type": "SET_OPERATION_SCHEMA",
      "input": {
        "id": "nE5yNQ7ABx3oOPPH3Dz1sjerjh8=",
        "schema": "input SetSetParentInput {\n  id: PHID!\n  title: OLabel\n  documentType: String\n}"
      },
      "scope": "global",
      "id": "525071b9-3ab4-4ceb-a3f5-25e4b8ed1bd1",
      "index": 21,
      "timestamp": "2025-05-12T22:19:15.050Z",
      "hash": "shBk3nS7r5MEoBcJ2IqRsqFDjR4=",
      "skip": 0
    },
    {
      "type": "SET_INITIAL_STATE",
      "input": {
        "initialValue": "{\n  \"id\": \"\",\n  \"name\": \"\",\n  \"parent\": {\n    \"id\": \"\",\n    \"title\": \"\",\n    \"documentType\": \"\"\n  },\n  \"notionId\": \"\"\n}",
        "scope": "global"
      },
      "scope": "global",
      "id": "4731aa19-211e-4dbf-aa3e-d3da75427d56",
      "index": 22,
      "timestamp": "2025-05-12T22:19:24.498Z",
      "hash": "PReCoHbpkcMVxaV/xEsXokbrJUk=",
      "skip": 0
    }
  ],
  "local": []
}