{
  "global": {
    "id": "sky/atlas-scope",
    "name": "Atlas Scope",
    "extension": ".asc",
    "description": "No-parent document type (Scope): Defines broad boundaries, principles, and objectives for focus areas.",
    "author": {
      "name": "Sky",
      "website": "https://sky.money/"
    },
    "specifications": [
      {
        "version": 1,
        "changeLog": [],
        "state": {
          "global": {
            "schema": "type AtlasScopeState {\n  \"\"\"\n  Unique document number assigned to the Scope document within Atlas.\n  \"\"\"\n  docNo: String\n  \"\"\"\n  Full name of the Scope without the document number. \n  For example: \"The Support Scope\" \n  \"\"\"\n  name: OLabel\n  \"\"\"\n  Document number of the scope document within Atlas. \n  For example: \"A.1\" for the Governance Scope. \n  \"\"\"\n  content: String\n  \"\"\"\n  Master status as managed by the Atlas Axis facilitator group.\n  \"\"\"\n  masterStatus: Status!\n  \"\"\"\n  Document tags as managed by the Atlas Axis facilitator group.\n  \"\"\"\n  globalTags: [GlobalTag!]!\n  \"\"\"\n  List of Atlas documents that were relevant for the creation of the scope document. \n  \"\"\"\n  originalContextData: [DocumentInfo!]!\n  \"\"\"\n  Original Notion document ID of the scope document.\n  \"\"\"\n  notionId: String\n}\n\n\"\"\"\nReference to a document within Atlas with optional name and document number for display reasons. \n\"\"\"\ntype DocumentInfo {\n  id: PHID!\n  title: OLabel\n  docNo: String\n  documentType: String\n}\n\nenum Status {\n  PLACEHOLDER\n  PROVISIONAL\n  APPROVED\n  DEFERRED\n  ARCHIVED\n}\n\nenum GlobalTag {\n  RECURSIVE_IMPROVEMENT\n  SCOPE_ADVISOR\n  DAO_TOOLKIT\n  PURPOSE_SYSTEM\n  ML_LOW_PRIORITY\n  EXTERNAL_REFERENCE\n  ML_DEFER\n  SUBDAO_INCUBATION\n  V1_MIP\n  ML_HIGH_PRIORITY\n  ECOSYSTEM_INTELLIGENCE\n  LEGACY_TERM_USE_APPROVED\n  CAIS\n  INTERNAL_REFERENCE\n  FACILITATORDAO\n  ML_MED_PRIORITY\n  AVC\n  P0_HUB_ENTRY_NEEDED\n  ANON_WORKFORCE\n  NEWCHAIN\n  ML_SUPPORT_DOCS_NEEDED\n  SUBDAO_REWARDS\n  TWO_STAGE_BRIDGE\n}",
            "initialValue": "{\n  \"docNo\": \"\",\n  \"name\": \"\",\n  \"content\": \"\",\n  \"masterStatus\": \"PLACEHOLDER\",\n  \"globalTags\": [],\n  \"originalContextData\": [],\n  \"notionId\": \"\"\n}",
            "examples": []
          },
          "local": {
            "schema": "",
            "initialValue": "",
            "examples": []
          }
        },
        "modules": [
          {
            "id": "2/eTg/KwCW6D1XeR6YY3A4SX/9g=",
            "name": "general",
            "description": "",
            "operations": [
              {
                "id": "bNPa/jqunWF2jkFK1UfyoiMKSGI=",
                "name": "SET_SCOPE_NAME",
                "description": "",
                "schema": "input SetScopeNameInput {\n  name: OLabel!\n}",
                "template": "",
                "reducer": "",
                "errors": [],
                "examples": [],
                "scope": "global"
              },
              {
                "id": "CmlKXXm9KUpDGMMV6/uYGPAcZ6A=",
                "name": "SET_CONTENT",
                "description": "",
                "schema": "input SetContentInput {\n  \"Update the content of the scope document\"\n  content: String!\n}",
                "template": "",
                "reducer": "",
                "errors": [],
                "examples": [],
                "scope": "global"
              },
              {
                "id": "OH1qWP8lHtXW6guJ6Kca48bP0RI=",
                "name": "SET_MASTER_STATUS",
                "description": "",
                "schema": "input SetMasterStatusInput {\n  \"New master status\"\n  masterStatus: Status!\n}",
                "template": "",
                "reducer": "",
                "errors": [],
                "examples": [],
                "scope": "global"
              },
              {
                "id": "8JvDZmAL2qXsaobWaoSL9g3Nras=",
                "name": "SET_DOC_NUMBER",
                "description": "",
                "schema": "input SetDocNumberInput {\n  docNo: String\n}",
                "template": "",
                "reducer": "",
                "errors": [],
                "examples": [],
                "scope": "global"
              }
            ]
          },
          {
            "id": "Kx+nJMOBLvKQ0I224MtpIsjsJr8=",
            "name": "tags",
            "description": "",
            "operations": [
              {
                "id": "qLCtjLjZh/cIJq0XHQtr2GnGvUs=",
                "name": "ADD_TAGS",
                "description": "Add one or more tags to the list",
                "schema": "input AddTagsInput {\n  \"Tags to be added\"\n  newTags: [GlobalTag!]!\n}",
                "template": "",
                "reducer": "",
                "errors": [],
                "examples": [],
                "scope": "global"
              },
              {
                "id": "44TUD8TJBWqysE4JkZ807xAMUZ0=",
                "name": "REMOVE_TAGS",
                "description": "Remove one or more tags from the list",
                "schema": "input RemoveTagsInput {\n  \"Tags to be removed\"\n  tags: [GlobalTag!]!\n}",
                "template": "",
                "reducer": "",
                "errors": [],
                "examples": [],
                "scope": "global"
              }
            ]
          },
          {
            "id": "TZmNFznVeKWHYSdSOktgvxQhOi0=",
            "name": "context",
            "description": "",
            "operations": [
              {
                "id": "dAX/2KcuexBRvJlwkM5loXCpLgk=",
                "name": "ADD_CONTEXT_DATA",
                "description": "",
                "schema": "input AddContextDataInput {\n  id: PHID!\n  title: String\n  docNo: String\n  documentType: String\n}",
                "template": "",
                "reducer": "",
                "errors": [],
                "examples": [],
                "scope": "global"
              },
              {
                "id": "AIdPwfZl8kLixPl8hFb5RKLQNLg=",
                "name": "REMOVE_CONTEXT_DATA",
                "description": "",
                "schema": "input RemoveContextDataInput {\n  id: PHID!\n}",
                "template": "",
                "reducer": "",
                "errors": [],
                "examples": [],
                "scope": "global"
              },
              {
                "id": "jEu8NeDWny2l9XR2aE9eqRIL9GQ=",
                "name": "SET_NOTION_ID",
                "description": "",
                "schema": "input SetNotionIdInput {\n  \"Add your inputs here\"\n  notionID: String\n}",
                "template": "",
                "reducer": "",
                "errors": [],
                "examples": [],
                "scope": "global"
              },
              {
                "id": "gWbHQ0qFBoFLioJfg+Wq3c+XTbE=",
                "name": "REPLACE_CONTEXT_DATA",
                "description": "",
                "schema": "input ReplaceContextDataInput {\n  prevId: PHID!\n  id:PHID!\n  title: String\n  docNo: String\n  documentType: String\n}",
                "template": "",
                "reducer": "",
                "errors": [],
                "examples": [],
                "scope": "global"
              }
            ]
          }
        ]
      }
    ]
  },
  "local": {}
}