{
  "name": "",
  "documentType": "powerhouse/document-model",
  "revision": {
    "global": 0,
    "local": 0
  },
  "created": "2024-12-04T08:34:09.444Z",
  "lastModified": "2024-12-04T08:34:09.444Z",
  "attachments": {},
  "state": {
    "global": {
      "id": "",
      "name": "",
      "extension": "",
      "description": "",
      "author": {
        "name": "",
        "website": ""
      },
      "specifications": [
        {
          "version": 1,
          "changeLog": [],
          "state": {
            "global": {
              "schema": "",
              "initialValue": "",
              "examples": []
            },
            "local": {
              "schema": "",
              "initialValue": "",
              "examples": []
            }
          },
          "modules": []
        }
      ]
    },
    "local": {}
  }
}