{
  "global": {
    "id": "sky/atlas-multiparent",
    "name": "Atlas MultiParent",
    "extension": ".amp",
    "description": "Multi-parent document type (Annotation, NeededResearch). ",
    "author": {
      "name": "Sky",
      "website": "https://sky.money/"
    },
    "specifications": [
      {
        "version": 1,
        "changeLog": [],
        "state": {
          "global": {
            "schema": "type AtlasMultiParentState {\n  \"\"\"Full name of the Grounding document entity.  \"\"\"\n  name: String\n  \"\"\"\n  Unique document number assigned to the Grounding document within Atlas.  \n  \"\"\"\n  docNo: String\n  \"\"\"\n  Parent entity that this Grounding document belongs to.  \n  This is a reference to another Atlas document.\n  \"\"\"\n  parent: [PHID!]!\n  \"\"\"\n  The type of the Grounding document within Atlas.  \n  Example: Tenet, Original Context Data, Active Data.\n  \"\"\"\n  atlasType: MAtlasType!\n  \"\"\"Entire content body of the Grounding document within Atlas.  \"\"\"\n  content: String\n  \"\"\"\n  Master status of the Grounding document as managed by the Atlas Axis facilitator group.  \n  \"\"\"\n  masterStatus: MStatus!\n  \"\"\"\n  Document tags managed by the Atlas Axis facilitator group for classification.  \n  \"\"\"\n  globalTags: [MGlobalTag!]!\n  \"\"\"\n  References to other Atlas entities that are linked to this Grounding document.  \n  \"\"\"\n  references: [PHID!]!\n  \"\"\"\n  List of Atlas documents that were relevant for the creation of this Grounding document.  \n  \"\"\"\n  originalContextData: [DocumentInfo!]!\n  \"\"\"\n  Link to the original P0hub Notion environment where this document was first created or referenced.\n  \"\"\"\n  provenance: URL\n  \"\"\"\n  Original Notion document ID of the Grounding document.  \n  Used for cross-system referencing and linking back to the original Notion source.\n  \"\"\"\n  notionId: String\n}\n\n\"\"\"\nReference to a document within Atlas with optional name and document number for display reasons. \n\"\"\"\ntype DocumentInfo {\n  id: PHID!\n  name: OLabel\n  docNo: String\n}\n\n\"\"\"\nDomain (i.e., Atlas) specific document types with the same document model global schema.  \n\"\"\"\nenum MAtlasType {\n  ANNOTATION\n  NEEDED_RESEARCH \n}\n\n\"\"\"Defines the lifecycle stage of the Grounding document within Atlas.  \"\"\"\nenum MStatus {\n  PLACEHOLDER\n  PROVISIONAL\n  APPROVED\n  DEFERRED\n  ARCHIVED\n}\n\n\"\"\"\nThese global tags are used for classification in Grounding documents.  \n\"\"\"\nenum MGlobalTag {\n  SCOPE_ADVISOR\n  AVC\n  CAIS\n  ML_LOW_PRIORITY\n  EXTERNAL_REFERENCE\n  DAO_TOOLKIT\n  ML_DEFER\n  PURPOSE_SYSTEM\n  NEWCHAIN\n  ML_SUPPORT_DOCS_NEEDED\n  TWO_STAGE_BRIDGE\n  ECOSYSTEM_INTELLIGENCE\n  RECURSIVE_IMPROVEMENT\n  LEGACY_TERM_USE_APPROVED\n}",
            "initialValue": "{\n  \"name\": \"\",\n  \"docNo\": \"\",\n  \"parent\": [],\n  \"atlasType\": \"ANNOTATION\",\n  \"content\": \"\",\n  \"masterStatus\": \"PLACEHOLDER\",\n  \"globalTags\": [],\n  \"references\": [],\n  \"originalContextData\": [],\n  \"provenance\": \"\",\n  \"notionId\": \"\"\n}",
            "examples": []
          },
          "local": {
            "schema": "",
            "initialValue": "",
            "examples": []
          }
        },
        "modules": [
          {
            "id": "Z4wFwR7FOy+pjbIc4oK+bA2dQjc=",
            "name": "general",
            "description": "",
            "operations": [
              {
                "id": "pbTnKZf0S+fzRub/1pWrD5zbNsk=",
                "name": "SET_MULTIPARENT_NAME",
                "description": "",
                "schema": "input SetMultiparentNameInput {\n  \"Add your inputs here\"\n  name: String!\n}",
                "template": "",
                "reducer": "",
                "errors": [],
                "examples": [],
                "scope": "global"
              },
              {
                "id": "VyLF4PhtTbRi/adkmeHIo700dzE=",
                "name": "SET_DOC_NUMBER",
                "description": "",
                "schema": "input SetDocNumberInput {\n  \"Add your inputs here\"\n  docNo: String! \n}",
                "template": "",
                "reducer": "",
                "errors": [],
                "examples": [],
                "scope": "global"
              },
              {
                "id": "/kGF0lna2d/9PuAjxhcQMBuIY1g=",
                "name": "SET_CONTENT",
                "description": "",
                "schema": "input SetContentInput {\n  \"Add your inputs here\"\n  content: String! \n}",
                "template": "",
                "reducer": "",
                "errors": [],
                "examples": [],
                "scope": "global"
              },
              {
                "id": "yy3qFG0k67tzM1+klvVsOBe21H0=",
                "name": "SET_MASTER_STATUS",
                "description": "",
                "schema": "input SetMasterStatusInput {\n  \"Add your inputs here\"\n  masterStatus: MStatus! \n}",
                "template": "",
                "reducer": "",
                "errors": [],
                "examples": [],
                "scope": "global"
              },
              {
                "id": "2geMGCOayC7itdwOTxZlgxWy8qc=",
                "name": "SET_PARENT",
                "description": "",
                "schema": "input SetParentInput {\n  \"Add your inputs here\"\n  parent: [PHID!]\n}",
                "template": "",
                "reducer": "",
                "errors": [],
                "examples": [],
                "scope": "global"
              },
              {
                "id": "b0K5N9G6UAxV/K0LefW2jMtViL4=",
                "name": "SET_ATLAS_TYPE",
                "description": "",
                "schema": "input SetAtlasTypeInput {\n  \"Add your inputs here\"\n  atlasType: [MAtlasType!]\n}",
                "template": "",
                "reducer": "",
                "errors": [],
                "examples": [],
                "scope": "global"
              }
            ]
          },
          {
            "id": "vpQLv7KGVNUx30F6sValLa7BBdM=",
            "name": "tags",
            "description": "",
            "operations": [
              {
                "id": "G1qGUhuNhTQ0YYNKbhlTO4sa8K8=",
                "name": "ADD_TAGS",
                "description": "",
                "schema": "input AddTagsInput {\n  \"Add your inputs here\"\n  newTags: [MGlobalTag!]!\n}",
                "template": "",
                "reducer": "",
                "errors": [],
                "examples": [],
                "scope": "global"
              },
              {
                "id": "AuFU3WJ/oSjB1gFiKY/jRWeORRI=",
                "name": "REMOVE_TAGS",
                "description": "",
                "schema": "input RemoveTagsInput {\n  \"Add your inputs here\"\n  tags: [MGlobalTag!]!\n}",
                "template": "",
                "reducer": "",
                "errors": [],
                "examples": [],
                "scope": "global"
              }
            ]
          },
          {
            "id": "hYLyB00jZOGkgOYlzIK4CQyetAc=",
            "name": "context",
            "description": "",
            "operations": [
              {
                "id": "kJ18avk8GZfFSCDB9nc3Q/IW/YM=",
                "name": "ADD_CONTEXT_DATA",
                "description": "",
                "schema": "input AddContextDataInput {\n  \"Add your inputs here\"\n  id: PHID!\n  name: String\n  docNo: String\n  \n}",
                "template": "",
                "reducer": "",
                "errors": [],
                "examples": [],
                "scope": "global"
              },
              {
                "id": "/US9/Z+DslnShdktk4kXSPk+5mQ=",
                "name": "REMOVE_CONTEXT_DATA",
                "description": "",
                "schema": "input RemoveContextDataInput {\n  \"Add your inputs here\"\n  id: PHID!\n}",
                "template": "",
                "reducer": "",
                "errors": [],
                "examples": [],
                "scope": "global"
              },
              {
                "id": "T9esDJaav0Urn7+xzXMG06+IvyI=",
                "name": "SET_PROVENANCE",
                "description": "",
                "schema": "input SetProvenanceInput {\n  \"Add your inputs here\"\n  provenance: URL\n  \n}",
                "template": "",
                "reducer": "",
                "errors": [],
                "examples": [],
                "scope": "global"
              },
              {
                "id": "sC5gxkpmz59EDlC1AG5kyfCR/u8=",
                "name": "SET_NOTION_ID",
                "description": "",
                "schema": "input SetNotionIdInput {\n  \"Add your inputs here\"\n  notionID: String\n}",
                "template": "",
                "reducer": "",
                "errors": [],
                "examples": [],
                "scope": "global"
              }
            ]
          }
        ]
      }
    ]
  },
  "local": {}
}