{
  "global": [
    {
      "type": "SET_MODEL_NAME",
      "input": {
        "name": "Atlas Grounding"
      },
      "scope": "global",
      "id": "df150d81-c955-4faa-81d2-d1411ec544b3",
      "index": 0,
      "timestamp": "2025-02-05T19:25:48.293Z",
      "hash": "dAjv8UWBdX0L5BGmoQz4GBzodnw=",
      "skip": 0
    },
    {
      "type": "SET_STATE_SCHEMA",
      "input": {
        "schema": "type AtlasGroundingState {\n  \"Add your global state fields here\"\n  _placeholder: String\n}",
        "scope": "global"
      },
      "scope": "global",
      "id": "b3679257-628c-46ce-bda9-971c98354ebf",
      "index": 1,
      "timestamp": "2025-02-05T19:25:48.294Z",
      "hash": "8NNEThpPJFMYEtVHh5gs7Wk04I4=",
      "skip": 0
    },
    {
      "type": "SET_MODEL_ID",
      "input": {
        "id": "sky/atlas-grounding"
      },
      "scope": "global",
      "id": "6e29ea6c-888d-443a-9ff5-2ac647ce5dee",
      "index": 2,
      "timestamp": "2025-02-05T19:25:55.166Z",
      "hash": "W34PzBZlg/P2cNzWrAuG1kRWKVE=",
      "skip": 0
    },
    {
      "type": "SET_AUTHOR_NAME",
      "input": {
        "authorName": "Sky"
      },
      "scope": "global",
      "id": "04c89f03-bb40-4d49-bb3b-97bc66d10582",
      "index": 3,
      "timestamp": "2025-02-05T19:25:57.233Z",
      "hash": "d5YL7C1yNB1j2hanB1x0QmCLXnQ=",
      "skip": 0
    },
    {
      "type": "SET_MODEL_DESCRIPTION",
      "input": {
        "description": "Grounding document type (Tennet, OriginalContextData, ActiveData, Collection)"
      },
      "scope": "global",
      "id": "1af40685-def7-478a-a31b-b33747ab617d",
      "index": 4,
      "timestamp": "2025-02-05T19:26:04.244Z",
      "hash": "4yRQvs9neA2tVu4n78K2Mi5kSgY=",
      "skip": 0
    },
    {
      "type": "SET_MODEL_EXTENSION",
      "input": {
        "extension": ".asc"
      },
      "scope": "global",
      "id": "0e296e89-29e0-4437-9e95-1d7261e89586",
      "index": 5,
      "timestamp": "2025-02-05T19:26:06.288Z",
      "hash": "76ENoKB97xfoSEvqec8cWXVdjnw=",
      "skip": 0
    },
    {
      "type": "SET_AUTHOR_WEBSITE",
      "input": {
        "authorWebsite": "https://sky.money/"
      },
      "scope": "global",
      "id": "cc937cac-b833-4596-8adc-ed9ff98f7d19",
      "index": 6,
      "timestamp": "2025-02-05T19:26:13.074Z",
      "hash": "nMeSJRxi37eMzXx7+FFsju/xuxI=",
      "skip": 0
    },
    {
      "type": "SET_STATE_SCHEMA",
      "input": {
        "schema": "",
        "scope": "global"
      },
      "scope": "global",
      "id": "3c2d644f-c6f4-4630-8d48-575270364ee0",
      "index": 7,
      "timestamp": "2025-02-05T19:26:21.757Z",
      "hash": "wbRbnA0mpzfoA69vfphIK+zQc44=",
      "skip": 0
    },
    {
      "type": "SET_STATE_SCHEMA",
      "input": {
        "schema": "type AtlasGroundingState {\n  \"\"\"\n    Full name of the Grounding document entity.  \n  \"\"\"\n  name: String\n\n  \"\"\"\n    Unique document number assigned to the Grounding document within Atlas.  \n  \"\"\"\n  docNo: String\n\n  \"\"\"\n    Parent entity that this Grounding document belongs to.  \n    This is a reference to another Atlas document.\n  \"\"\"\n  parent: PHID!\n\n  \"\"\"\n    The type of the Grounding document within Atlas.  \n    Example: Tenet, Original Context Data, Active Data.\n  \"\"\"\n  atlasType: GAtlasType!\n\n  \"\"\"\n    Entire content body of the Grounding document within Atlas.  \n  \"\"\"\n  content: String\n\n  \"\"\"\n    Master status of the Grounding document as managed by the Atlas Axis facilitator group.  \n  \"\"\"\n  masterStatus: GStatus!\n\n  \"\"\"\n    Document tags managed by the Atlas Axis facilitator group for classification.  \n  \"\"\"\n  globalTags: [GGlobalTag!]!\n\n  \"\"\"\n    References to other Atlas entities that are linked to this Grounding document.  \n  \"\"\"\n  references: [PHID!]!\n\n  \"\"\"\n    List of Atlas documents that were relevant for the creation of this Grounding document.  \n  \"\"\"\n  originalContextData: [DocumentInfo!]!\n\n  \"\"\"\n    Link to the original P0hub Notion environment where this document was first created or referenced.\n  \"\"\"\n  provenance: URL\n\n  \"\"\"\n    Original Notion document ID of the Grounding document.  \n    Used for cross-system referencing and linking back to the original Notion source.\n  \"\"\"\n  notionId: String\n}\n",
        "scope": "global"
      },
      "scope": "global",
      "id": "b5a5dfe2-a3d7-473c-ab7f-63fd6d96f1df",
      "index": 8,
      "timestamp": "2025-02-05T19:26:43.299Z",
      "hash": "AIqeOoNiDrR6YYI58k35T3i/nsc=",
      "skip": 0
    },
    {
      "type": "SET_STATE_SCHEMA",
      "input": {
        "schema": "type AtlasGroundingState {\n  \"\"\"\n    Full name of the Grounding document entity.  \n  \"\"\"\n  name: String\n\n  \"\"\"\n    Unique document number assigned to the Grounding document within Atlas.  \n  \"\"\"\n  docNo: String\n\n  \"\"\"\n    Parent entity that this Grounding document belongs to.  \n    This is a reference to another Atlas document.\n  \"\"\"\n  parent: PHID!\n\n  \"\"\"\n    The type of the Grounding document within Atlas.  \n    Example: Tenet, Original Context Data, Active Data.\n  \"\"\"\n  atlasType: GAtlasType!\n\n  \"\"\"\n    Entire content body of the Grounding document within Atlas.  \n  \"\"\"\n  content: String\n\n  \"\"\"\n    Master status of the Grounding document as managed by the Atlas Axis facilitator group.  \n  \"\"\"\n  masterStatus: GStatus!\n\n  \"\"\"\n    Document tags managed by the Atlas Axis facilitator group for classification.  \n  \"\"\"\n  globalTags: [GGlobalTag!]!\n\n  \"\"\"\n    References to other Atlas entities that are linked to this Grounding document.  \n  \"\"\"\n  references: [PHID!]!\n\n  \"\"\"\n    List of Atlas documents that were relevant for the creation of this Grounding document.  \n  \"\"\"\n  originalContextData: [DocumentInfo!]!\n\n  \"\"\"\n    Link to the original P0hub Notion environment where this document was first created or referenced.\n  \"\"\"\n  provenance: URL\n\n  \"\"\"\n    Original Notion document ID of the Grounding document.  \n    Used for cross-system referencing and linking back to the original Notion source.\n  \"\"\"\n  notionId: String\n}\n\n\"\"\"\n   Reference to a document within Atlas with optional name and document number for display reasons. \n\"\"\"\n\ntype DocumentInfo {\n\n id:PHID!\n  name:OLabel\n  docNo: String \n}\n",
        "scope": "global"
      },
      "scope": "global",
      "id": "c72659c8-256f-4a1e-be5f-6c062e8fa3d4",
      "index": 9,
      "timestamp": "2025-02-05T19:27:02.155Z",
      "hash": "c/oUEo2YUcQAUjtZo6/gci6v4cU=",
      "skip": 0
    },
    {
      "type": "SET_STATE_SCHEMA",
      "input": {
        "schema": "type AtlasGroundingState {\n  \"\"\"\n    Full name of the Grounding document entity.  \n  \"\"\"\n  name: String\n\n  \"\"\"\n    Unique document number assigned to the Grounding document within Atlas.  \n  \"\"\"\n  docNo: String\n\n  \"\"\"\n    Parent entity that this Grounding document belongs to.  \n    This is a reference to another Atlas document.\n  \"\"\"\n  parent: PHID!\n\n  \"\"\"\n    The type of the Grounding document within Atlas.  \n    Example: Tenet, Original Context Data, Active Data.\n  \"\"\"\n  atlasType: GAtlasType!\n\n  \"\"\"\n    Entire content body of the Grounding document within Atlas.  \n  \"\"\"\n  content: String\n\n  \"\"\"\n    Master status of the Grounding document as managed by the Atlas Axis facilitator group.  \n  \"\"\"\n  masterStatus: GStatus!\n\n  \"\"\"\n    Document tags managed by the Atlas Axis facilitator group for classification.  \n  \"\"\"\n  globalTags: [GGlobalTag!]!\n\n  \"\"\"\n    References to other Atlas entities that are linked to this Grounding document.  \n  \"\"\"\n  references: [PHID!]!\n\n  \"\"\"\n    List of Atlas documents that were relevant for the creation of this Grounding document.  \n  \"\"\"\n  originalContextData: [DocumentInfo!]!\n\n  \"\"\"\n    Link to the original P0hub Notion environment where this document was first created or referenced.\n  \"\"\"\n  provenance: URL\n\n  \"\"\"\n    Original Notion document ID of the Grounding document.  \n    Used for cross-system referencing and linking back to the original Notion source.\n  \"\"\"\n  notionId: String\n}\n\n\"\"\"\n   Reference to a document within Atlas with optional name and document number for display reasons. \n\"\"\"\n\ntype DocumentInfo {\n\n id:PHID!\n  name:OLabel\n  docNo: String \n}\n\n\n\"\"\"\n  Domain (i.e., Atlas) specific document types with the same document model global schema.  \n\"\"\"\nenum AtlasType {\n  TENET\n  ORIGINAL_CONTEXT_DATA\n  ACTIVE_DATA\n}\n",
        "scope": "global"
      },
      "scope": "global",
      "id": "c33e1b7b-3850-4e75-aa8a-2f21b7779331",
      "index": 10,
      "timestamp": "2025-02-05T19:27:22.901Z",
      "hash": "g8y9WmiAwtYGb5TfRxaKC7Hvwa8=",
      "skip": 0
    },
    {
      "type": "SET_STATE_SCHEMA",
      "input": {
        "schema": "type AtlasGroundingState {\n  \"\"\"\n    Full name of the Grounding document entity.  \n  \"\"\"\n  name: String\n\n  \"\"\"\n    Unique document number assigned to the Grounding document within Atlas.  \n  \"\"\"\n  docNo: String\n\n  \"\"\"\n    Parent entity that this Grounding document belongs to.  \n    This is a reference to another Atlas document.\n  \"\"\"\n  parent: PHID!\n\n  \"\"\"\n    The type of the Grounding document within Atlas.  \n    Example: Tenet, Original Context Data, Active Data.\n  \"\"\"\n  atlasType: GAtlasType!\n\n  \"\"\"\n    Entire content body of the Grounding document within Atlas.  \n  \"\"\"\n  content: String\n\n  \"\"\"\n    Master status of the Grounding document as managed by the Atlas Axis facilitator group.  \n  \"\"\"\n  masterStatus: GStatus!\n\n  \"\"\"\n    Document tags managed by the Atlas Axis facilitator group for classification.  \n  \"\"\"\n  globalTags: [GGlobalTag!]!\n\n  \"\"\"\n    References to other Atlas entities that are linked to this Grounding document.  \n  \"\"\"\n  references: [PHID!]!\n\n  \"\"\"\n    List of Atlas documents that were relevant for the creation of this Grounding document.  \n  \"\"\"\n  originalContextData: [DocumentInfo!]!\n\n  \"\"\"\n    Link to the original P0hub Notion environment where this document was first created or referenced.\n  \"\"\"\n  provenance: URL\n\n  \"\"\"\n    Original Notion document ID of the Grounding document.  \n    Used for cross-system referencing and linking back to the original Notion source.\n  \"\"\"\n  notionId: String\n}\n\n\"\"\"\n   Reference to a document within Atlas with optional name and document number for display reasons. \n\"\"\"\n\ntype DocumentInfo {\n\n id:PHID!\n  name:OLabel\n  docNo: String \n}\n\n\n\"\"\"\n  Domain (i.e., Atlas) specific document types with the same document model global schema.  \n\"\"\"\nenum AtlasType {\n  TENET\n  ORIGINAL_CONTEXT_DATA\n  ACTIVE_DATA\n}\n\n\n\"\"\"\n  Defines the lifecycle stage of the Grounding document within Atlas.  \n\"\"\"\nenum Status {\n  PLACEHOLDER\n  PROVISIONAL\n  APPROVED\n  DEFERRED\n  ARCHIVED\n}\n\n",
        "scope": "global"
      },
      "scope": "global",
      "id": "1118aa01-af9c-4900-aa87-c96bb0c9bc5d",
      "index": 11,
      "timestamp": "2025-02-05T19:27:39.023Z",
      "hash": "srSAFevSSy2LdUsSBDuUbidI2/w=",
      "skip": 0
    },
    {
      "type": "SET_STATE_SCHEMA",
      "input": {
        "schema": "type AtlasGroundingState {\n  \"\"\"\n    Full name of the Grounding document entity.  \n  \"\"\"\n  name: String\n\n  \"\"\"\n    Unique document number assigned to the Grounding document within Atlas.  \n  \"\"\"\n  docNo: String\n\n  \"\"\"\n    Parent entity that this Grounding document belongs to.  \n    This is a reference to another Atlas document.\n  \"\"\"\n  parent: PHID!\n\n  \"\"\"\n    The type of the Grounding document within Atlas.  \n    Example: Tenet, Original Context Data, Active Data.\n  \"\"\"\n  atlasType: GAtlasType!\n\n  \"\"\"\n    Entire content body of the Grounding document within Atlas.  \n  \"\"\"\n  content: String\n\n  \"\"\"\n    Master status of the Grounding document as managed by the Atlas Axis facilitator group.  \n  \"\"\"\n  masterStatus: GStatus!\n\n  \"\"\"\n    Document tags managed by the Atlas Axis facilitator group for classification.  \n  \"\"\"\n  globalTags: [GGlobalTag!]!\n\n  \"\"\"\n    References to other Atlas entities that are linked to this Grounding document.  \n  \"\"\"\n  references: [PHID!]!\n\n  \"\"\"\n    List of Atlas documents that were relevant for the creation of this Grounding document.  \n  \"\"\"\n  originalContextData: [DocumentInfo!]!\n\n  \"\"\"\n    Link to the original P0hub Notion environment where this document was first created or referenced.\n  \"\"\"\n  provenance: URL\n\n  \"\"\"\n    Original Notion document ID of the Grounding document.  \n    Used for cross-system referencing and linking back to the original Notion source.\n  \"\"\"\n  notionId: String\n}\n\n\"\"\"\n   Reference to a document within Atlas with optional name and document number for display reasons. \n\"\"\"\n\ntype DocumentInfo {\n\n id:PHID!\n  name:OLabel\n  docNo: String \n}\n\n\n\"\"\"\n  Domain (i.e., Atlas) specific document types with the same document model global schema.  \n\"\"\"\nenum AtlasType {\n  TENET\n  ORIGINAL_CONTEXT_DATA\n  ACTIVE_DATA\n}\n\n\n\"\"\"\n  Defines the lifecycle stage of the Grounding document within Atlas.  \n\"\"\"\nenum Status {\n  PLACEHOLDER\n  PROVISIONAL\n  APPROVED\n  DEFERRED\n  ARCHIVED\n}\n\n\"\"\"\n  These global tags are used for classification in Grounding documents.  \n\"\"\"\nenum GlobalTag {\n  SCOPE_ADVISOR\n  AVC\n  CAIS\n  ML_LOW_PRIORITY\n  EXTERNAL_REFERENCE\n  DAO_TOOLKIT\n  ML_DEFER\n  PURPOSE_SYSTEM\n  NEWCHAIN\n  ML_SUPPORT_DOCS_NEEDED\n  TWO_STAGE_BRIDGE\n  ECOSYSTEM_INTELLIGENCE\n  RECURSIVE_IMPROVEMENT\n  LEGACY_TERM_USE_APPROVED\n}\n",
        "scope": "global"
      },
      "scope": "global",
      "id": "9f9bfd88-7dca-4c9f-ab60-edf768aa2afb",
      "index": 12,
      "timestamp": "2025-02-05T19:27:45.925Z",
      "hash": "A1krusVdxTb6EOEIJ9o9cOXzH+4=",
      "skip": 0
    },
    {
      "type": "ADD_MODULE",
      "input": {
        "id": "Z4wFwR7FOy+pjbIc4oK+bA2dQjc=",
        "name": "general"
      },
      "scope": "global",
      "id": "0631ec07-81f5-4f1a-89be-50aadc8763b2",
      "index": 13,
      "timestamp": "2025-02-05T19:32:26.709Z",
      "hash": "0eHdkOIXjB5Yeo8FDk6SGfPzec4=",
      "skip": 0
    },
    {
      "type": "ADD_OPERATION",
      "input": {
        "id": "pbTnKZf0S+fzRub/1pWrD5zbNsk=",
        "moduleId": "Z4wFwR7FOy+pjbIc4oK+bA2dQjc=",
        "name": "SET_NAME"
      },
      "scope": "global",
      "id": "aab6b038-4111-4866-8ec6-6e2a72734a5b",
      "index": 14,
      "timestamp": "2025-02-05T19:32:30.099Z",
      "hash": "ZjAqVaSDxXE3CXxF2xpPIoAgUiQ=",
      "skip": 0
    },
    {
      "type": "SET_OPERATION_SCHEMA",
      "input": {
        "id": "pbTnKZf0S+fzRub/1pWrD5zbNsk=",
        "schema": "input SetNameInput {\n  \"Add your inputs here\"\n  _placeholder: String\n}"
      },
      "scope": "global",
      "id": "fd21ee1d-df1f-4e37-a5fc-1fbc35f89a59",
      "index": 15,
      "timestamp": "2025-02-05T19:32:30.110Z",
      "hash": "ElAXNJ+zrLsYDn6JEPJWST+LVhI=",
      "skip": 0
    },
    {
      "type": "ADD_OPERATION",
      "input": {
        "id": "VyLF4PhtTbRi/adkmeHIo700dzE=",
        "moduleId": "Z4wFwR7FOy+pjbIc4oK+bA2dQjc=",
        "name": "SET_DOC_NUMBER"
      },
      "scope": "global",
      "id": "59abc819-df0a-4330-b159-06bc2f625e7d",
      "index": 16,
      "timestamp": "2025-02-05T19:32:42.264Z",
      "hash": "1zbDm9fV4H1KFrhScd9wkhufJ0c=",
      "skip": 0
    },
    {
      "type": "SET_OPERATION_SCHEMA",
      "input": {
        "id": "VyLF4PhtTbRi/adkmeHIo700dzE=",
        "schema": "input SetDocNumberInput {\n  \"Add your inputs here\"\n  _placeholder: String\n}"
      },
      "scope": "global",
      "id": "197a31de-b51c-4b88-b1d6-0448864dea5e",
      "index": 17,
      "timestamp": "2025-02-05T19:32:42.277Z",
      "hash": "pqkcGQ2xEBVCJ47b15kz/s7eMaM=",
      "skip": 0
    },
    {
      "type": "ADD_OPERATION",
      "input": {
        "id": "/kGF0lna2d/9PuAjxhcQMBuIY1g=",
        "moduleId": "Z4wFwR7FOy+pjbIc4oK+bA2dQjc=",
        "name": "SET_CONTENT"
      },
      "scope": "global",
      "id": "aa204a59-33f5-4e61-a0a8-3634971c8f33",
      "index": 18,
      "timestamp": "2025-02-05T19:32:48.543Z",
      "hash": "5Al/G5C9P7ffa04r8EYp2FHBv4A=",
      "skip": 0
    },
    {
      "type": "SET_OPERATION_SCHEMA",
      "input": {
        "id": "/kGF0lna2d/9PuAjxhcQMBuIY1g=",
        "schema": "input SetContentInput {\n  \"Add your inputs here\"\n  _placeholder: String\n}"
      },
      "scope": "global",
      "id": "441c74b8-a5f7-4aa6-8712-055d6980afae",
      "index": 19,
      "timestamp": "2025-02-05T19:32:48.612Z",
      "hash": "L35+StxJQJBfIjyiqVxFmEhKPKQ=",
      "skip": 0
    },
    {
      "type": "ADD_OPERATION",
      "input": {
        "id": "yy3qFG0k67tzM1+klvVsOBe21H0=",
        "moduleId": "Z4wFwR7FOy+pjbIc4oK+bA2dQjc=",
        "name": "SET_MASTER_STATUS"
      },
      "scope": "global",
      "id": "944ac3db-3c02-41e9-9178-f87a0439dbe5",
      "index": 20,
      "timestamp": "2025-02-05T19:32:55.945Z",
      "hash": "YctVL2WW+gq8F35VwJMAWTRp62o=",
      "skip": 0
    },
    {
      "type": "SET_OPERATION_SCHEMA",
      "input": {
        "id": "yy3qFG0k67tzM1+klvVsOBe21H0=",
        "schema": "input SetMasterStatusInput {\n  \"Add your inputs here\"\n  _placeholder: String\n}"
      },
      "scope": "global",
      "id": "91b1b22d-0620-4396-bf13-a089ce9aa81f",
      "index": 21,
      "timestamp": "2025-02-05T19:32:55.959Z",
      "hash": "K2ECMPduWbXU5aXVgKSve4Xnu5E=",
      "skip": 0
    },
    {
      "type": "ADD_MODULE",
      "input": {
        "id": "vpQLv7KGVNUx30F6sValLa7BBdM=",
        "name": "tags"
      },
      "scope": "global",
      "id": "8158eb02-be8a-4894-94ba-cc87c1f22cdc",
      "index": 22,
      "timestamp": "2025-02-05T19:33:05.171Z",
      "hash": "ap4DJYzNzcQt44/28cwS58N6bdc=",
      "skip": 0
    },
    {
      "type": "ADD_OPERATION",
      "input": {
        "id": "G1qGUhuNhTQ0YYNKbhlTO4sa8K8=",
        "moduleId": "vpQLv7KGVNUx30F6sValLa7BBdM=",
        "name": "ADD_TAGS"
      },
      "scope": "global",
      "id": "afabc97b-3dfb-4a2e-997d-adb8558b4cd7",
      "index": 23,
      "timestamp": "2025-02-05T19:33:09.625Z",
      "hash": "jhrFyFoXwlG5PY205A/olac9SdI=",
      "skip": 0
    },
    {
      "type": "SET_OPERATION_SCHEMA",
      "input": {
        "id": "G1qGUhuNhTQ0YYNKbhlTO4sa8K8=",
        "schema": "input AddTagsInput {\n  \"Add your inputs here\"\n  _placeholder: String\n}"
      },
      "scope": "global",
      "id": "0311209b-4161-467e-a2ae-8a7e94222ef6",
      "index": 24,
      "timestamp": "2025-02-05T19:33:09.684Z",
      "hash": "MbHSOKbzzbJdP6SnNKsyaknY4Ns=",
      "skip": 0
    },
    {
      "type": "ADD_OPERATION",
      "input": {
        "id": "AuFU3WJ/oSjB1gFiKY/jRWeORRI=",
        "moduleId": "vpQLv7KGVNUx30F6sValLa7BBdM=",
        "name": "REMOVE_TAGS"
      },
      "scope": "global",
      "id": "c812e6fd-4128-4f48-9c28-459ce3f43b11",
      "index": 25,
      "timestamp": "2025-02-05T19:33:15.723Z",
      "hash": "C0tX5NyPZkRCOWCuN4kH9qkYQwY=",
      "skip": 0
    },
    {
      "type": "SET_OPERATION_SCHEMA",
      "input": {
        "id": "AuFU3WJ/oSjB1gFiKY/jRWeORRI=",
        "schema": "input RemoveTagsInput {\n  \"Add your inputs here\"\n  _placeholder: String\n}"
      },
      "scope": "global",
      "id": "a53611bf-09bf-4d82-a53e-df82b5b8335c",
      "index": 26,
      "timestamp": "2025-02-05T19:33:15.740Z",
      "hash": "0Gm6ve35Zab41OVi3/e2/SiFjfg=",
      "skip": 0
    },
    {
      "type": "ADD_MODULE",
      "input": {
        "id": "hYLyB00jZOGkgOYlzIK4CQyetAc=",
        "name": "context"
      },
      "scope": "global",
      "id": "cfe4f732-0a49-4eb1-a6e4-979648596418",
      "index": 27,
      "timestamp": "2025-02-05T19:33:27.303Z",
      "hash": "02+RAu4Eiz5H+rlWWdrVvHbQdOo=",
      "skip": 0
    },
    {
      "type": "ADD_OPERATION",
      "input": {
        "id": "kJ18avk8GZfFSCDB9nc3Q/IW/YM=",
        "moduleId": "hYLyB00jZOGkgOYlzIK4CQyetAc=",
        "name": "ADD_CONTEXT_DATA"
      },
      "scope": "global",
      "id": "ccf0b962-7804-4105-adcb-505d67a3a3de",
      "index": 28,
      "timestamp": "2025-02-05T19:33:32.907Z",
      "hash": "jih11zif9KVLHx0JCvkHrN9ZsT0=",
      "skip": 0
    },
    {
      "type": "SET_OPERATION_SCHEMA",
      "input": {
        "id": "kJ18avk8GZfFSCDB9nc3Q/IW/YM=",
        "schema": "input AddContextDataInput {\n  \"Add your inputs here\"\n  _placeholder: String\n}"
      },
      "scope": "global",
      "id": "b1872eac-1234-41a2-b073-5f9debdd8177",
      "index": 29,
      "timestamp": "2025-02-05T19:33:32.971Z",
      "hash": "IjQ2tvJdxSSkYb5QMP/L/3gb7v0=",
      "skip": 0
    },
    {
      "type": "ADD_OPERATION",
      "input": {
        "id": "/US9/Z+DslnShdktk4kXSPk+5mQ=",
        "moduleId": "hYLyB00jZOGkgOYlzIK4CQyetAc=",
        "name": "REMOVE_CONTEXT_DATA"
      },
      "scope": "global",
      "id": "94e50127-9d59-4850-ab52-a8ece21f7552",
      "index": 30,
      "timestamp": "2025-02-05T19:33:39.056Z",
      "hash": "3KWnMwgd4F+98AHyQHCl4CMkenw=",
      "skip": 0
    },
    {
      "type": "SET_OPERATION_SCHEMA",
      "input": {
        "id": "/US9/Z+DslnShdktk4kXSPk+5mQ=",
        "schema": "input RemoveContextDataInput {\n  \"Add your inputs here\"\n  _placeholder: String\n}"
      },
      "scope": "global",
      "id": "a99392de-9be8-4c0a-9c98-fb4788fb421d",
      "index": 31,
      "timestamp": "2025-02-05T19:33:39.072Z",
      "hash": "hmZ+d4qaeTZGUo+tu2YXqlJleaE=",
      "skip": 0
    },
    {
      "type": "ADD_OPERATION",
      "input": {
        "id": "T9esDJaav0Urn7+xzXMG06+IvyI=",
        "moduleId": "hYLyB00jZOGkgOYlzIK4CQyetAc=",
        "name": "ADD"
      },
      "scope": "global",
      "id": "48715dbd-a3ea-41eb-9a76-04d21612294a",
      "index": 32,
      "timestamp": "2025-02-05T19:33:46.849Z",
      "hash": "O5jecuiZswonFwIp9Zc2L8hJHCs=",
      "skip": 0
    },
    {
      "type": "SET_OPERATION_SCHEMA",
      "input": {
        "id": "T9esDJaav0Urn7+xzXMG06+IvyI=",
        "schema": "input AddInput {\n  \"Add your inputs here\"\n  _placeholder: String\n}"
      },
      "scope": "global",
      "id": "27a2dcd4-ecde-4023-8c49-5b03b50186ab",
      "index": 33,
      "timestamp": "2025-02-05T19:33:46.908Z",
      "hash": "p3C7eLwSFUYsIvoOXn9ngV6hpGg=",
      "skip": 0
    },
    {
      "type": "SET_OPERATION_NAME",
      "input": {
        "id": "T9esDJaav0Urn7+xzXMG06+IvyI=",
        "name": "SET_PROVENANCE"
      },
      "scope": "global",
      "id": "8171c52e-bc9c-4283-a507-8b6a27f2ba26",
      "index": 34,
      "timestamp": "2025-02-05T19:33:55.712Z",
      "hash": "QSkKLUvEBMygXkpRfBtP+qp4iIs=",
      "skip": 0
    },
    {
      "type": "ADD_OPERATION",
      "input": {
        "id": "sC5gxkpmz59EDlC1AG5kyfCR/u8=",
        "moduleId": "hYLyB00jZOGkgOYlzIK4CQyetAc=",
        "name": "SET_NOTION_ID"
      },
      "scope": "global",
      "id": "47f3aa3b-2ae1-44cb-9b6b-1178a7f83121",
      "index": 35,
      "timestamp": "2025-02-05T19:34:01.485Z",
      "hash": "myfXSL/I0aOkOTEsKJWUBhttlsQ=",
      "skip": 0
    },
    {
      "type": "SET_OPERATION_SCHEMA",
      "input": {
        "id": "sC5gxkpmz59EDlC1AG5kyfCR/u8=",
        "schema": "input SetNotionIdInput {\n  \"Add your inputs here\"\n  _placeholder: String\n}"
      },
      "scope": "global",
      "id": "e8c61087-b986-4061-a084-45466fa11bee",
      "index": 36,
      "timestamp": "2025-02-05T19:34:01.560Z",
      "hash": "c3RqZnT3XZxbn52KHe1n5jlt3og=",
      "skip": 0
    },
    {
      "type": "SET_OPERATION_SCHEMA",
      "input": {
        "id": "pbTnKZf0S+fzRub/1pWrD5zbNsk=",
        "schema": "input SetNameInput {\n  \"Add your inputs here\"\n  \n}"
      },
      "scope": "global",
      "id": "0dd461b9-99fc-446b-bd8f-f0e14fa221ce",
      "index": 37,
      "timestamp": "2025-02-06T08:04:10.448Z",
      "hash": "O3N9WpbkDBN8S1RVwCxKYUTmSpU=",
      "skip": 0
    },
    {
      "type": "SET_OPERATION_SCHEMA",
      "input": {
        "id": "pbTnKZf0S+fzRub/1pWrD5zbNsk=",
        "schema": "input SetNameInput {\n  \"Add your inputs here\"\n  name: String!\n}"
      },
      "scope": "global",
      "id": "d7c6d212-c04c-47bf-9442-1bcd3f76491b",
      "index": 38,
      "timestamp": "2025-02-06T08:04:19.854Z",
      "hash": "duJRoVhVkKW6N/08uIZ+UG02HZo=",
      "skip": 0
    },
    {
      "type": "SET_OPERATION_SCHEMA",
      "input": {
        "id": "VyLF4PhtTbRi/adkmeHIo700dzE=",
        "schema": "input SetDocNumberInput {\n  \"Add your inputs here\"\n  docNo: String! \n}"
      },
      "scope": "global",
      "id": "f321116d-6e65-4da2-bd76-da6a282c0c30",
      "index": 39,
      "timestamp": "2025-02-06T08:04:35.282Z",
      "hash": "WLn03bH532MiZplzuhDoQOc4cNE=",
      "skip": 0
    },
    {
      "type": "SET_OPERATION_SCHEMA",
      "input": {
        "id": "/kGF0lna2d/9PuAjxhcQMBuIY1g=",
        "schema": "input SetContentInput {\n  \"Add your inputs here\"\n  content: \n}"
      },
      "scope": "global",
      "id": "85bd95b8-9172-428e-b77f-b367f41f17f0",
      "index": 40,
      "timestamp": "2025-02-06T08:04:48.914Z",
      "hash": "WcgPvQZTgbutYZyjS/A7GtvHIeE=",
      "skip": 0
    },
    {
      "type": "SET_OPERATION_SCHEMA",
      "input": {
        "id": "/kGF0lna2d/9PuAjxhcQMBuIY1g=",
        "schema": "input SetContentInput {\n  \"Add your inputs here\"\n  content: String! \n}"
      },
      "scope": "global",
      "id": "c2e8e9a7-0f52-475a-a577-b0f7c60977d1",
      "index": 41,
      "timestamp": "2025-02-06T08:06:32.979Z",
      "hash": "RoAo7MKYjrROkWBD1QA7ImVX6ik=",
      "skip": 0
    },
    {
      "type": "SET_OPERATION_SCHEMA",
      "input": {
        "id": "yy3qFG0k67tzM1+klvVsOBe21H0=",
        "schema": "input SetMasterStatusInput {\n  \"Add your inputs here\"\n  \n}"
      },
      "scope": "global",
      "id": "440c6869-0a4b-49e6-be1e-d8fff7eb408c",
      "index": 42,
      "timestamp": "2025-02-06T08:07:22.897Z",
      "hash": "5uuT9xI/L0633XvM7NhK1nLTnVs=",
      "skip": 0
    },
    {
      "type": "SET_OPERATION_SCHEMA",
      "input": {
        "id": "yy3qFG0k67tzM1+klvVsOBe21H0=",
        "schema": "input SetMasterStatusInput {\n  \"Add your inputs here\"\n  masterStatus: GStatus! \n}"
      },
      "scope": "global",
      "id": "226019f5-4e12-4633-b7c4-9e851b6a8eb9",
      "index": 43,
      "timestamp": "2025-02-06T08:07:42.438Z",
      "hash": "KULxcvnezfOmqdc0GvekxZsNqEA=",
      "skip": 0
    },
    {
      "type": "SET_OPERATION_SCHEMA",
      "input": {
        "id": "G1qGUhuNhTQ0YYNKbhlTO4sa8K8=",
        "schema": "input AddTagsInput {\n  \"Add your inputs here\"\n  newTags: \n}"
      },
      "scope": "global",
      "id": "41f2bd3e-56ab-4871-b057-5df68b1c5e88",
      "index": 44,
      "timestamp": "2025-02-06T08:07:58.369Z",
      "hash": "TeQltCMPmt9zRluo5ibBomoIBpU=",
      "skip": 0
    },
    {
      "type": "SET_OPERATION_SCHEMA",
      "input": {
        "id": "G1qGUhuNhTQ0YYNKbhlTO4sa8K8=",
        "schema": "input AddTagsInput {\n  \"Add your inputs here\"\n  newTags: [GGlobalTag]\n}"
      },
      "scope": "global",
      "id": "0df8eaf9-17c3-471b-98be-02c526264e89",
      "index": 45,
      "timestamp": "2025-02-06T08:10:46.857Z",
      "hash": "3SMlmVXUCwnR9TcnVruihBoliyQ=",
      "skip": 0
    },
    {
      "type": "SET_OPERATION_SCHEMA",
      "input": {
        "id": "G1qGUhuNhTQ0YYNKbhlTO4sa8K8=",
        "schema": "input AddTagsInput {\n  \"Add your inputs here\"\n  newTags: [GGlobalTag!]!\n}"
      },
      "scope": "global",
      "id": "ede62916-4bf4-4e62-9f35-6ac19e0437aa",
      "index": 46,
      "timestamp": "2025-02-06T08:11:06.725Z",
      "hash": "lcJVY4WoDCl3hCRHSjVBFQsuiro=",
      "skip": 0
    },
    {
      "type": "SET_STATE_SCHEMA",
      "input": {
        "schema": "type AtlasGroundingState {\n  \"\"\"\n    Full name of the Grounding document entity.  \n  \"\"\"\n  name: String\n\n  \"\"\"\n    Unique document number assigned to the Grounding document within Atlas.  \n  \"\"\"\n  docNo: String\n\n  \"\"\"\n    Parent entity that this Grounding document belongs to.  \n    This is a reference to another Atlas document.\n  \"\"\"\n  parent: PHID!\n\n  \"\"\"\n    The type of the Grounding document within Atlas.  \n    Example: Tenet, Original Context Data, Active Data.\n  \"\"\"\n  atlasType: GAtlasType!\n\n  \"\"\"\n    Entire content body of the Grounding document within Atlas.  \n  \"\"\"\n  content: String\n\n  \"\"\"\n    Master status of the Grounding document as managed by the Atlas Axis facilitator group.  \n  \"\"\"\n  masterStatus: GStatus!\n\n  \"\"\"\n    Document tags managed by the Atlas Axis facilitator group for classification.  \n  \"\"\"\n  globalTags: [GGlobalTag!]!\n\n  \"\"\"\n    References to other Atlas entities that are linked to this Grounding document.  \n  \"\"\"\n  references: [PHID!]!\n\n  \"\"\"\n    List of Atlas documents that were relevant for the creation of this Grounding document.  \n  \"\"\"\n  originalContextData: [DocumentInfo!]!\n\n  \"\"\"\n    Link to the original P0hub Notion environment where this document was first created or referenced.\n  \"\"\"\n  provenance: URL\n\n  \"\"\"\n    Original Notion document ID of the Grounding document.  \n    Used for cross-system referencing and linking back to the original Notion source.\n  \"\"\"\n  notionId: String\n}\n\n\"\"\"\n   Reference to a document within Atlas with optional name and document number for display reasons. \n\"\"\"\n\ntype DocumentInfo {\n\n id:PHID!\n  name:OLabel\n  docNo: String \n}\n\n\n\"\"\"\n  Domain (i.e., Atlas) specific document types with the same document model global schema.  \n\"\"\"\nenum AtlasType {\n  TENET\n  ORIGINAL_CONTEXT_DATA\n  ACTIVE_DATA\n}\n\n\n\"\"\"\n  Defines the lifecycle stage of the Grounding document within Atlas.  \n\"\"\"\nenum Status {\n  PLACEHOLDER\n  PROVISIONAL\n  APPROVED\n  DEFERRED\n  ARCHIVED\n}\n\n\"\"\"\n  These global tags are used for classification in Grounding documents.  \n\"\"\"\nenum GGlobalTag {\n  SCOPE_ADVISOR\n  AVC\n  CAIS\n  ML_LOW_PRIORITY\n  EXTERNAL_REFERENCE\n  DAO_TOOLKIT\n  ML_DEFER\n  PURPOSE_SYSTEM\n  NEWCHAIN\n  ML_SUPPORT_DOCS_NEEDED\n  TWO_STAGE_BRIDGE\n  ECOSYSTEM_INTELLIGENCE\n  RECURSIVE_IMPROVEMENT\n  LEGACY_TERM_USE_APPROVED\n}\n",
        "scope": "global"
      },
      "scope": "global",
      "id": "d17b8e85-8981-4f6d-ba3b-91aa6589ba62",
      "index": 47,
      "timestamp": "2025-02-06T08:11:13.710Z",
      "hash": "btv/iC/h9MxokD+fARt5OLPMp9Q=",
      "skip": 0
    },
    {
      "type": "SET_STATE_SCHEMA",
      "input": {
        "schema": "type AtlasGroundingState {\n  \"\"\"\n    Full name of the Grounding document entity.  \n  \"\"\"\n  name: String\n\n  \"\"\"\n    Unique document number assigned to the Grounding document within Atlas.  \n  \"\"\"\n  docNo: String\n\n  \"\"\"\n    Parent entity that this Grounding document belongs to.  \n    This is a reference to another Atlas document.\n  \"\"\"\n  parent: PHID!\n\n  \"\"\"\n    The type of the Grounding document within Atlas.  \n    Example: Tenet, Original Context Data, Active Data.\n  \"\"\"\n  atlasType: GAtlasType!\n\n  \"\"\"\n    Entire content body of the Grounding document within Atlas.  \n  \"\"\"\n  content: String\n\n  \"\"\"\n    Master status of the Grounding document as managed by the Atlas Axis facilitator group.  \n  \"\"\"\n  masterStatus: GStatus!\n\n  \"\"\"\n    Document tags managed by the Atlas Axis facilitator group for classification.  \n  \"\"\"\n  globalTags: [GGlobalTag!]!\n\n  \"\"\"\n    References to other Atlas entities that are linked to this Grounding document.  \n  \"\"\"\n  references: [PHID!]!\n\n  \"\"\"\n    List of Atlas documents that were relevant for the creation of this Grounding document.  \n  \"\"\"\n  originalContextData: [DocumentInfo!]!\n\n  \"\"\"\n    Link to the original P0hub Notion environment where this document was first created or referenced.\n  \"\"\"\n  provenance: URL\n\n  \"\"\"\n    Original Notion document ID of the Grounding document.  \n    Used for cross-system referencing and linking back to the original Notion source.\n  \"\"\"\n  notionId: String\n}\n\n\"\"\"\n   Reference to a document within Atlas with optional name and document number for display reasons. \n\"\"\"\n\ntype DocumentInfo {\n\n id:PHID!\n  name:OLabel\n  docNo: String \n}\n\n\n\"\"\"\n  Domain (i.e., Atlas) specific document types with the same document model global schema.  \n\"\"\"\nenum GAtlasType {\n  TENET\n  ORIGINAL_CONTEXT_DATA\n  ACTIVE_DATA\n}\n\n\n\"\"\"\n  Defines the lifecycle stage of the Grounding document within Atlas.  \n\"\"\"\nenum GStatus {\n  PLACEHOLDER\n  PROVISIONAL\n  APPROVED\n  DEFERRED\n  ARCHIVED\n}\n\n\"\"\"\n  These global tags are used for classification in Grounding documents.  \n\"\"\"\nenum GGlobalTag {\n  SCOPE_ADVISOR\n  AVC\n  CAIS\n  ML_LOW_PRIORITY\n  EXTERNAL_REFERENCE\n  DAO_TOOLKIT\n  ML_DEFER\n  PURPOSE_SYSTEM\n  NEWCHAIN\n  ML_SUPPORT_DOCS_NEEDED\n  TWO_STAGE_BRIDGE\n  ECOSYSTEM_INTELLIGENCE\n  RECURSIVE_IMPROVEMENT\n  LEGACY_TERM_USE_APPROVED\n}\n",
        "scope": "global"
      },
      "scope": "global",
      "id": "b9c94100-aa71-4bf3-893c-a24020c4a49a",
      "index": 48,
      "timestamp": "2025-02-06T08:11:45.427Z",
      "hash": "A3P8xFnNx9TchE6Fr0OHfODqwLQ=",
      "skip": 0
    },
    {
      "type": "SET_OPERATION_SCHEMA",
      "input": {
        "id": "AuFU3WJ/oSjB1gFiKY/jRWeORRI=",
        "schema": "input RemoveTagsInput {\n  \"Add your inputs here\"\n  tags: PHID!\n}"
      },
      "scope": "global",
      "id": "2097bf4b-c70d-4e2b-b94d-8a6997c83482",
      "index": 49,
      "timestamp": "2025-02-06T08:12:00.204Z",
      "hash": "9drO5VQaQdtWh6xEaIIA3wf8ofI=",
      "skip": 0
    },
    {
      "type": "SET_OPERATION_SCHEMA",
      "input": {
        "id": "AuFU3WJ/oSjB1gFiKY/jRWeORRI=",
        "schema": "input RemoveTagsInput {\n  \"Add your inputs here\"\n  tags: [GGlobalTag!]!\n}"
      },
      "scope": "global",
      "id": "34fd3496-a716-4d34-b6cd-6e8661e1917a",
      "index": 50,
      "timestamp": "2025-02-06T08:12:16.507Z",
      "hash": "5P/7MecAN6/6kXx7kP8Tu4VXvZQ=",
      "skip": 0
    },
    {
      "type": "SET_OPERATION_SCHEMA",
      "input": {
        "id": "kJ18avk8GZfFSCDB9nc3Q/IW/YM=",
        "schema": "input AddContextDataInput {\n  \"Add your inputs here\"\n  \n}"
      },
      "scope": "global",
      "id": "d34d8ae2-5a6d-4cda-af07-40d3b35d589c",
      "index": 51,
      "timestamp": "2025-02-06T08:12:28.468Z",
      "hash": "/H1fLxLDOJ5qT9SBr3tLzHXdNcc=",
      "skip": 0
    },
    {
      "type": "SET_OPERATION_SCHEMA",
      "input": {
        "id": "kJ18avk8GZfFSCDB9nc3Q/IW/YM=",
        "schema": "input AddContextDataInput {\n  \"Add your inputs here\"\n  context\n}"
      },
      "scope": "global",
      "id": "8d67e7ca-931b-47fd-812d-e78958d87827",
      "index": 52,
      "timestamp": "2025-02-07T08:26:22.455Z",
      "hash": "nN0Un3ZBWEhG3thrRk1IG/YAgqc=",
      "skip": 0
    },
    {
      "type": "SET_OPERATION_SCHEMA",
      "input": {
        "id": "kJ18avk8GZfFSCDB9nc3Q/IW/YM=",
        "schema": "input AddContextDataInput {\n  \"Add your inputs here\"\n  context_\n}"
      },
      "scope": "global",
      "id": "57ef218b-c795-42a6-bd76-9f7d1ad08444",
      "index": 53,
      "timestamp": "2025-02-07T08:26:23.045Z",
      "hash": "cz44W+eI3Z3s8WkewIBx22YCtIA=",
      "skip": 0
    },
    {
      "type": "SET_OPERATION_SCHEMA",
      "input": {
        "id": "kJ18avk8GZfFSCDB9nc3Q/IW/YM=",
        "schema": "input AddContextDataInput {\n  \"Add your inputs here\"\n  context\n}"
      },
      "scope": "global",
      "id": "1e8719e2-bc1e-4ad1-ab57-2114acc3a371",
      "index": 54,
      "timestamp": "2025-02-07T08:26:23.682Z",
      "hash": "nN0Un3ZBWEhG3thrRk1IG/YAgqc=",
      "skip": 0
    },
    {
      "type": "SET_OPERATION_SCHEMA",
      "input": {
        "id": "kJ18avk8GZfFSCDB9nc3Q/IW/YM=",
        "schema": "input AddContextDataInput {\n  \"Add your inputs here\"\n  contextD\n}"
      },
      "scope": "global",
      "id": "637a407d-632d-49f6-94ad-7eba6df60d47",
      "index": 55,
      "timestamp": "2025-02-07T08:26:24.869Z",
      "hash": "cPZzsFzt7wvb32lOFLBT7BfgLzs=",
      "skip": 0
    },
    {
      "type": "SET_OPERATION_SCHEMA",
      "input": {
        "id": "kJ18avk8GZfFSCDB9nc3Q/IW/YM=",
        "schema": "input AddContextDataInput {\n  \"Add your inputs here\"\n  contextData\n}"
      },
      "scope": "global",
      "id": "a35c417e-b020-4489-b560-fe4bc37ae2b1",
      "index": 56,
      "timestamp": "2025-02-07T08:26:27.084Z",
      "hash": "UhnXejvDfgCHmKMNIqwRq6Z8Xak=",
      "skip": 0
    },
    {
      "type": "SET_OPERATION_SCHEMA",
      "input": {
        "id": "kJ18avk8GZfFSCDB9nc3Q/IW/YM=",
        "schema": "input AddContextDataInput {\n  \"Add your inputs here\"\n  contextData;\n}"
      },
      "scope": "global",
      "id": "ac9ad1de-7d7c-4942-a1ff-ed881567225d",
      "index": 57,
      "timestamp": "2025-02-07T08:26:27.648Z",
      "hash": "H1tAZfRKHUBisBhGbeX5kuZsxCI=",
      "skip": 0
    },
    {
      "type": "SET_OPERATION_SCHEMA",
      "input": {
        "id": "kJ18avk8GZfFSCDB9nc3Q/IW/YM=",
        "schema": "input AddContextDataInput {\n  \"Add your inputs here\"\n  contextData: PHID!\n  \n}"
      },
      "scope": "global",
      "id": "b0a18f5f-655b-4e83-a01d-cf6a9a984d63",
      "index": 58,
      "timestamp": "2025-02-07T08:26:30.466Z",
      "hash": "5WyEGNdvdg0crmE7e+ioMpkwhbg=",
      "skip": 0
    },
    {
      "type": "SET_OPERATION_SCHEMA",
      "input": {
        "id": "kJ18avk8GZfFSCDB9nc3Q/IW/YM=",
        "schema": "input AddContextDataInput {\n  \"Add your inputs here\"\n  cid: PHID!\n  name: String\n  docNo: String\n  \n}"
      },
      "scope": "global",
      "id": "e9c39387-cd00-40fc-bffc-157c89d0cf45",
      "index": 59,
      "timestamp": "2025-02-07T08:26:50.728Z",
      "hash": "Glgb2iBVGntI06h1eZJY2jWzIW8=",
      "skip": 0
    },
    {
      "type": "SET_OPERATION_SCHEMA",
      "input": {
        "id": "kJ18avk8GZfFSCDB9nc3Q/IW/YM=",
        "schema": "input AddContextDataInput {\n  \"Add your inputs here\"\n  id: PHID!\n  name: String\n  docNo: String\n  \n}"
      },
      "scope": "global",
      "id": "cd16a5a4-5010-47af-82a3-4c21acfc056b",
      "index": 60,
      "timestamp": "2025-02-07T08:26:58.517Z",
      "hash": "/WxT7hDq6kuQ1IwF8vLLwQ6o/xY=",
      "skip": 0
    },
    {
      "type": "SET_OPERATION_SCHEMA",
      "input": {
        "id": "/US9/Z+DslnShdktk4kXSPk+5mQ=",
        "schema": "input RemoveContextDataInput {\n  \"Add your inputs here\"\n  id: PHID!\n}"
      },
      "scope": "global",
      "id": "69d97abb-dca9-45a2-a0db-104064dc1325",
      "index": 61,
      "timestamp": "2025-02-07T08:27:06.810Z",
      "hash": "Szs5QVdaOgqdFWndmu1lN3Kalvk=",
      "skip": 0
    },
    {
      "type": "SET_OPERATION_SCHEMA",
      "input": {
        "id": "T9esDJaav0Urn7+xzXMG06+IvyI=",
        "schema": "input AddInput {\n  \"Add your inputs here\"\n  provenance: URL\n}"
      },
      "scope": "global",
      "id": "cda2720b-c8a3-4625-ae28-6abc5cc447bc",
      "index": 62,
      "timestamp": "2025-02-07T08:27:16.216Z",
      "hash": "250zuHZMZddci4bkNFib6r7Ak2A=",
      "skip": 0
    },
    {
      "type": "SET_OPERATION_SCHEMA",
      "input": {
        "id": "T9esDJaav0Urn7+xzXMG06+IvyI=",
        "schema": "input AddInput {\n  \"Add your inputs here\"\n  provenance: URL!\n  \n}"
      },
      "scope": "global",
      "id": "b2f77fd1-ae3f-430d-90f4-e5341afd37e9",
      "index": 63,
      "timestamp": "2025-02-07T08:27:17.282Z",
      "hash": "YZMuiMMBpWsp68NaEK+wjvplnwU=",
      "skip": 0
    },
    {
      "type": "SET_OPERATION_SCHEMA",
      "input": {
        "id": "T9esDJaav0Urn7+xzXMG06+IvyI=",
        "schema": "input AddInput {\n  \"Add your inputs here\"\n  provenance: URL\n  \n}"
      },
      "scope": "global",
      "id": "9c4f472c-d96a-4d14-b28e-5f867e65afa9",
      "index": 64,
      "timestamp": "2025-02-07T08:27:20.707Z",
      "hash": "Gov+z2L+5sDCk7egm69jhBg2BII=",
      "skip": 0
    },
    {
      "type": "SET_OPERATION_SCHEMA",
      "input": {
        "id": "sC5gxkpmz59EDlC1AG5kyfCR/u8=",
        "schema": "input SetNotionIdInput {\n  \"Add your inputs here\"\n  notion\n}"
      },
      "scope": "global",
      "id": "c586db98-79dc-4ec0-8979-bb6893426b72",
      "index": 65,
      "timestamp": "2025-02-07T08:27:25.581Z",
      "hash": "MyAxfyf8J8NJnGLWrK7e6fk/enA=",
      "skip": 0
    },
    {
      "type": "SET_OPERATION_SCHEMA",
      "input": {
        "id": "sC5gxkpmz59EDlC1AG5kyfCR/u8=",
        "schema": "input SetNotionIdInput {\n  \"Add your inputs here\"\n  notionID: \n}"
      },
      "scope": "global",
      "id": "397ce736-b90f-4d7b-8d02-9c421f1b59e7",
      "index": 66,
      "timestamp": "2025-02-07T08:27:26.961Z",
      "hash": "whfEz+fgO3GiTH+26auh2VeNWHI=",
      "skip": 0
    },
    {
      "type": "SET_OPERATION_SCHEMA",
      "input": {
        "id": "sC5gxkpmz59EDlC1AG5kyfCR/u8=",
        "schema": "input SetNotionIdInput {\n  \"Add your inputs here\"\n  notionID: String\n}"
      },
      "scope": "global",
      "id": "bc345fe9-a873-4212-a067-090379a2c87a",
      "index": 67,
      "timestamp": "2025-02-07T08:27:29.190Z",
      "hash": "kYaDaUH1tDHff4c2BF9mErSARB8=",
      "skip": 0
    },
    {
      "type": "SET_MODEL_NAME",
      "input": {
        "name": "Atlas MultiParent"
      },
      "scope": "global",
      "id": "fc8baa38-0983-49b6-9e53-4a9ef42a6a81",
      "index": 68,
      "timestamp": "2025-02-07T08:28:50.763Z",
      "hash": "EihWabGx4m4Fj/pPfgvt085KhFQ=",
      "skip": 0
    },
    {
      "type": "SET_STATE_SCHEMA",
      "input": {
        "schema": "type AtlasMultiParentState {\n  \"\"\"Full name of the Grounding document entity.  \"\"\"\n  name: String\n  \"\"\"\n  Unique document number assigned to the Grounding document within Atlas.  \n  \"\"\"\n  docNo: String\n  \"\"\"\n  Parent entity that this Grounding document belongs to.  \n  This is a reference to another Atlas document.\n  \"\"\"\n  parent: PHID!\n  \"\"\"\n  The type of the Grounding document within Atlas.  \n  Example: Tenet, Original Context Data, Active Data.\n  \"\"\"\n  atlasType: GAtlasType!\n  \"\"\"Entire content body of the Grounding document within Atlas.  \"\"\"\n  content: String\n  \"\"\"\n  Master status of the Grounding document as managed by the Atlas Axis facilitator group.  \n  \"\"\"\n  masterStatus: GStatus!\n  \"\"\"\n  Document tags managed by the Atlas Axis facilitator group for classification.  \n  \"\"\"\n  globalTags: [GGlobalTag!]!\n  \"\"\"\n  References to other Atlas entities that are linked to this Grounding document.  \n  \"\"\"\n  references: [PHID!]!\n  \"\"\"\n  List of Atlas documents that were relevant for the creation of this Grounding document.  \n  \"\"\"\n  originalContextData: [DocumentInfo!]!\n  \"\"\"\n  Link to the original P0hub Notion environment where this document was first created or referenced.\n  \"\"\"\n  provenance: URL\n  \"\"\"\n  Original Notion document ID of the Grounding document.  \n  Used for cross-system referencing and linking back to the original Notion source.\n  \"\"\"\n  notionId: String\n}\n\n\"\"\"\nReference to a document within Atlas with optional name and document number for display reasons. \n\"\"\"\ntype DocumentInfo {\n  id: PHID!\n  name: OLabel\n  docNo: String\n}\n\n\"\"\"\nDomain (i.e., Atlas) specific document types with the same document model global schema.  \n\"\"\"\nenum GAtlasType {\n  TENET\n  ORIGINAL_CONTEXT_DATA\n  ACTIVE_DATA\n}\n\n\"\"\"Defines the lifecycle stage of the Grounding document within Atlas.  \"\"\"\nenum GStatus {\n  PLACEHOLDER\n  PROVISIONAL\n  APPROVED\n  DEFERRED\n  ARCHIVED\n}\n\n\"\"\"\nThese global tags are used for classification in Grounding documents.  \n\"\"\"\nenum GGlobalTag {\n  SCOPE_ADVISOR\n  AVC\n  CAIS\n  ML_LOW_PRIORITY\n  EXTERNAL_REFERENCE\n  DAO_TOOLKIT\n  ML_DEFER\n  PURPOSE_SYSTEM\n  NEWCHAIN\n  ML_SUPPORT_DOCS_NEEDED\n  TWO_STAGE_BRIDGE\n  ECOSYSTEM_INTELLIGENCE\n  RECURSIVE_IMPROVEMENT\n  LEGACY_TERM_USE_APPROVED\n}",
        "scope": "global"
      },
      "scope": "global",
      "id": "f2b674bf-a6b5-4b39-8717-2f26569647c5",
      "index": 69,
      "timestamp": "2025-02-07T08:28:50.768Z",
      "hash": "qTa1uFbkpSFcnLrx7jT9moj4Q1I=",
      "skip": 0
    },
    {
      "type": "SET_STATE_SCHEMA",
      "input": {
        "schema": "type AtlasMultiParentState {\n  \"\"\"Full name of the Grounding document entity.  \"\"\"\n  name: String\n  \"\"\"\n  Unique document number assigned to the Grounding document within Atlas.  \n  \"\"\"\n  docNo: String\n  \"\"\"\n  Parent entity that this Grounding document belongs to.  \n  This is a reference to another Atlas document.\n  \"\"\"\n  parent: PHID!\n  \"\"\"\n  The type of the Grounding document within Atlas.  \n  Example: Tenet, Original Context Data, Active Data.\n  \"\"\"\n  atlasType: GAtlasType!\n  \"\"\"Entire content body of the Grounding document within Atlas.  \"\"\"\n  content: String\n  \"\"\"\n  Master status of the Grounding document as managed by the Atlas Axis facilitator group.  \n  \"\"\"\n  masterStatus: GStatus!\n  \"\"\"\n  Document tags managed by the Atlas Axis facilitator group for classification.  \n  \"\"\"\n  globalTags: [GGlobalTag!]!\n  \"\"\"\n  References to other Atlas entities that are linked to this Grounding document.  \n  \"\"\"\n  references: [PHID!]!\n  \"\"\"\n  List of Atlas documents that were relevant for the creation of this Grounding document.  \n  \"\"\"\n  originalContextData: [DocumentInfo!]!\n  \"\"\"\n  Link to the original P0hub Notion environment where this document was first created or referenced.\n  \"\"\"\n  provenance: URL\n  \"\"\"\n  Original Notion document ID of the Grounding document.  \n  Used for cross-system referencing and linking back to the original Notion source.\n  \"\"\"\n  notionId: String\n}\n\n\"\"\"\nReference to a document within Atlas with optional name and document number for display reasons. \n\"\"\"\ntype DocumentInfo {\n  id: PHID!\n  name: OLabel\n  docNo: String\n}\n\n\"\"\"\nDomain (i.e., Atlas) specific document types with the same document model global schema.  \n\"\"\"\nenum GAtlasType {\n  TENET\n  ORIGINAL_CONTEXT_DATA\n  ACTIVE_DATA\n}\n\n\"\"\"Defines the lifecycle stage of the Grounding document within Atlas.  \"\"\"\nenum GStatus {\n  PLACEHOLDER\n  PROVISIONAL\n  APPROVED\n  DEFERRED\n  ARCHIVED\n}\n\n\"\"\"\nThese global tags are used for classification in Grounding documents.  \n\"\"\"\nenum GGlobalTag {\n  SCOPE_ADVISOR\n  AVC\n  CAIS\n  ML_LOW_PRIORITY\n  EXTERNAL_REFERENCE\n  DAO_TOOLKIT\n  ML_DEFER\n  PURPOSE_SYSTEM\n  NEWCHAIN\n  ML_SUPPORT_DOCS_NEEDED\n  TWO_STAGE_BRIDGE\n  ECOSYSTEM_INTELLIGENCE\n  RECURSIVE_IMPROVEMENT\n  LEGACY_TERM_USE_APPROVED\n}",
        "scope": "global"
      },
      "scope": "global",
      "id": "6d829901-72eb-4ec3-afcc-4adf6de568c7",
      "index": 70,
      "timestamp": "2025-02-07T08:28:50.769Z",
      "hash": "qTa1uFbkpSFcnLrx7jT9moj4Q1I=",
      "skip": 0
    },
    {
      "type": "SET_MODEL_DESCRIPTION",
      "input": {
        "description": "Multi-parent document type (Annotation, NeededResearch). "
      },
      "scope": "global",
      "id": "d197af2a-c818-4ce6-83e8-0a96fb096bfb",
      "index": 71,
      "timestamp": "2025-02-07T08:29:02.122Z",
      "hash": "mYHADD/yrfNirwRvfGWyM9xjr48=",
      "skip": 0
    },
    {
      "type": "SET_STATE_SCHEMA",
      "input": {
        "schema": "type AtlasMultiParentState {\n  \"\"\"Full name of the Grounding document entity.  \"\"\"\n  name: String\n  \"\"\"\n  Unique document number assigned to the Grounding document within Atlas.  \n  \"\"\"\n  docNo: String\n  \"\"\"\n  Parent entity that this Grounding document belongs to.  \n  This is a reference to another Atlas document.\n  \"\"\"\n  parent: PHID!\n  \"\"\"\n  The type of the Grounding document within Atlas.  \n  Example: Tenet, Original Context Data, Active Data.\n  \"\"\"\n  atlasType: MAtlasType!\n  \"\"\"Entire content body of the Grounding document within Atlas.  \"\"\"\n  content: String\n  \"\"\"\n  Master status of the Grounding document as managed by the Atlas Axis facilitator group.  \n  \"\"\"\n  masterStatus: GStatus!\n  \"\"\"\n  Document tags managed by the Atlas Axis facilitator group for classification.  \n  \"\"\"\n  globalTags: [GGlobalTag!]!\n  \"\"\"\n  References to other Atlas entities that are linked to this Grounding document.  \n  \"\"\"\n  references: [PHID!]!\n  \"\"\"\n  List of Atlas documents that were relevant for the creation of this Grounding document.  \n  \"\"\"\n  originalContextData: [DocumentInfo!]!\n  \"\"\"\n  Link to the original P0hub Notion environment where this document was first created or referenced.\n  \"\"\"\n  provenance: URL\n  \"\"\"\n  Original Notion document ID of the Grounding document.  \n  Used for cross-system referencing and linking back to the original Notion source.\n  \"\"\"\n  notionId: String\n}\n\n\"\"\"\nReference to a document within Atlas with optional name and document number for display reasons. \n\"\"\"\ntype DocumentInfo {\n  id: PHID!\n  name: OLabel\n  docNo: String\n}\n\n\"\"\"\nDomain (i.e., Atlas) specific document types with the same document model global schema.  \n\"\"\"\nenum GAtlasType {\n  TENET\n  ORIGINAL_CONTEXT_DATA\n  ACTIVE_DATA\n}\n\n\"\"\"Defines the lifecycle stage of the Grounding document within Atlas.  \"\"\"\nenum GStatus {\n  PLACEHOLDER\n  PROVISIONAL\n  APPROVED\n  DEFERRED\n  ARCHIVED\n}\n\n\"\"\"\nThese global tags are used for classification in Grounding documents.  \n\"\"\"\nenum GGlobalTag {\n  SCOPE_ADVISOR\n  AVC\n  CAIS\n  ML_LOW_PRIORITY\n  EXTERNAL_REFERENCE\n  DAO_TOOLKIT\n  ML_DEFER\n  PURPOSE_SYSTEM\n  NEWCHAIN\n  ML_SUPPORT_DOCS_NEEDED\n  TWO_STAGE_BRIDGE\n  ECOSYSTEM_INTELLIGENCE\n  RECURSIVE_IMPROVEMENT\n  LEGACY_TERM_USE_APPROVED\n}",
        "scope": "global"
      },
      "scope": "global",
      "id": "dd225cfd-75e1-4c02-9728-70572adb1366",
      "index": 72,
      "timestamp": "2025-02-07T08:29:08.647Z",
      "hash": "+qoVMVYbPw7jCVe4XNCd9YNEHrk=",
      "skip": 0
    },
    {
      "type": "SET_STATE_SCHEMA",
      "input": {
        "schema": "type AtlasMultiParentState {\n  \"\"\"Full name of the Grounding document entity.  \"\"\"\n  name: String\n  \"\"\"\n  Unique document number assigned to the Grounding document within Atlas.  \n  \"\"\"\n  docNo: String\n  \"\"\"\n  Parent entity that this Grounding document belongs to.  \n  This is a reference to another Atlas document.\n  \"\"\"\n  parent: PHID!\n  \"\"\"\n  The type of the Grounding document within Atlas.  \n  Example: Tenet, Original Context Data, Active Data.\n  \"\"\"\n  atlasType: MAtlasType!\n  \"\"\"Entire content body of the Grounding document within Atlas.  \"\"\"\n  content: String\n  \"\"\"\n  Master status of the Grounding document as managed by the Atlas Axis facilitator group.  \n  \"\"\"\n  masterStatus: MStatus!\n  \"\"\"\n  Document tags managed by the Atlas Axis facilitator group for classification.  \n  \"\"\"\n  globalTags: [GGlobalTag!]!\n  \"\"\"\n  References to other Atlas entities that are linked to this Grounding document.  \n  \"\"\"\n  references: [PHID!]!\n  \"\"\"\n  List of Atlas documents that were relevant for the creation of this Grounding document.  \n  \"\"\"\n  originalContextData: [DocumentInfo!]!\n  \"\"\"\n  Link to the original P0hub Notion environment where this document was first created or referenced.\n  \"\"\"\n  provenance: URL\n  \"\"\"\n  Original Notion document ID of the Grounding document.  \n  Used for cross-system referencing and linking back to the original Notion source.\n  \"\"\"\n  notionId: String\n}\n\n\"\"\"\nReference to a document within Atlas with optional name and document number for display reasons. \n\"\"\"\ntype DocumentInfo {\n  id: PHID!\n  name: OLabel\n  docNo: String\n}\n\n\"\"\"\nDomain (i.e., Atlas) specific document types with the same document model global schema.  \n\"\"\"\nenum GAtlasType {\n  TENET\n  ORIGINAL_CONTEXT_DATA\n  ACTIVE_DATA\n}\n\n\"\"\"Defines the lifecycle stage of the Grounding document within Atlas.  \"\"\"\nenum GStatus {\n  PLACEHOLDER\n  PROVISIONAL\n  APPROVED\n  DEFERRED\n  ARCHIVED\n}\n\n\"\"\"\nThese global tags are used for classification in Grounding documents.  \n\"\"\"\nenum GGlobalTag {\n  SCOPE_ADVISOR\n  AVC\n  CAIS\n  ML_LOW_PRIORITY\n  EXTERNAL_REFERENCE\n  DAO_TOOLKIT\n  ML_DEFER\n  PURPOSE_SYSTEM\n  NEWCHAIN\n  ML_SUPPORT_DOCS_NEEDED\n  TWO_STAGE_BRIDGE\n  ECOSYSTEM_INTELLIGENCE\n  RECURSIVE_IMPROVEMENT\n  LEGACY_TERM_USE_APPROVED\n}",
        "scope": "global"
      },
      "scope": "global",
      "id": "634b5af6-83e9-4594-84dc-db8baf2b7601",
      "index": 73,
      "timestamp": "2025-02-07T08:29:12.324Z",
      "hash": "eUPRkZGy5UcJ0hNyxQsVcAbUmGo=",
      "skip": 0
    },
    {
      "type": "SET_STATE_SCHEMA",
      "input": {
        "schema": "type AtlasMultiParentState {\n  \"\"\"Full name of the Grounding document entity.  \"\"\"\n  name: String\n  \"\"\"\n  Unique document number assigned to the Grounding document within Atlas.  \n  \"\"\"\n  docNo: String\n  \"\"\"\n  Parent entity that this Grounding document belongs to.  \n  This is a reference to another Atlas document.\n  \"\"\"\n  parent: PHID!\n  \"\"\"\n  The type of the Grounding document within Atlas.  \n  Example: Tenet, Original Context Data, Active Data.\n  \"\"\"\n  atlasType: MAtlasType!\n  \"\"\"Entire content body of the Grounding document within Atlas.  \"\"\"\n  content: String\n  \"\"\"\n  Master status of the Grounding document as managed by the Atlas Axis facilitator group.  \n  \"\"\"\n  masterStatus: MStatus!\n  \"\"\"\n  Document tags managed by the Atlas Axis facilitator group for classification.  \n  \"\"\"\n  globalTags: [MGlobalTag!]!\n  \"\"\"\n  References to other Atlas entities that are linked to this Grounding document.  \n  \"\"\"\n  references: [PHID!]!\n  \"\"\"\n  List of Atlas documents that were relevant for the creation of this Grounding document.  \n  \"\"\"\n  originalContextData: [DocumentInfo!]!\n  \"\"\"\n  Link to the original P0hub Notion environment where this document was first created or referenced.\n  \"\"\"\n  provenance: URL\n  \"\"\"\n  Original Notion document ID of the Grounding document.  \n  Used for cross-system referencing and linking back to the original Notion source.\n  \"\"\"\n  notionId: String\n}\n\n\"\"\"\nReference to a document within Atlas with optional name and document number for display reasons. \n\"\"\"\ntype DocumentInfo {\n  id: PHID!\n  name: OLabel\n  docNo: String\n}\n\n\"\"\"\nDomain (i.e., Atlas) specific document types with the same document model global schema.  \n\"\"\"\nenum GAtlasType {\n  TENET\n  ORIGINAL_CONTEXT_DATA\n  ACTIVE_DATA\n}\n\n\"\"\"Defines the lifecycle stage of the Grounding document within Atlas.  \"\"\"\nenum GStatus {\n  PLACEHOLDER\n  PROVISIONAL\n  APPROVED\n  DEFERRED\n  ARCHIVED\n}\n\n\"\"\"\nThese global tags are used for classification in Grounding documents.  \n\"\"\"\nenum GGlobalTag {\n  SCOPE_ADVISOR\n  AVC\n  CAIS\n  ML_LOW_PRIORITY\n  EXTERNAL_REFERENCE\n  DAO_TOOLKIT\n  ML_DEFER\n  PURPOSE_SYSTEM\n  NEWCHAIN\n  ML_SUPPORT_DOCS_NEEDED\n  TWO_STAGE_BRIDGE\n  ECOSYSTEM_INTELLIGENCE\n  RECURSIVE_IMPROVEMENT\n  LEGACY_TERM_USE_APPROVED\n}",
        "scope": "global"
      },
      "scope": "global",
      "id": "81f8a949-526a-4083-a074-adf75802ab0f",
      "index": 74,
      "timestamp": "2025-02-07T08:29:14.643Z",
      "hash": "McotYD5sNtuwawuefXw1sfoluTE=",
      "skip": 0
    },
    {
      "type": "SET_STATE_SCHEMA",
      "input": {
        "schema": "type AtlasMultiParentState {\n  \"\"\"Full name of the Grounding document entity.  \"\"\"\n  name: String\n  \"\"\"\n  Unique document number assigned to the Grounding document within Atlas.  \n  \"\"\"\n  docNo: String\n  \"\"\"\n  Parent entity that this Grounding document belongs to.  \n  This is a reference to another Atlas document.\n  \"\"\"\n  parent: PHID!\n  \"\"\"\n  The type of the Grounding document within Atlas.  \n  Example: Tenet, Original Context Data, Active Data.\n  \"\"\"\n  atlasType: MAtlasType!\n  \"\"\"Entire content body of the Grounding document within Atlas.  \"\"\"\n  content: String\n  \"\"\"\n  Master status of the Grounding document as managed by the Atlas Axis facilitator group.  \n  \"\"\"\n  masterStatus: MStatus!\n  \"\"\"\n  Document tags managed by the Atlas Axis facilitator group for classification.  \n  \"\"\"\n  globalTags: [MGlobalTag!]!\n  \"\"\"\n  References to other Atlas entities that are linked to this Grounding document.  \n  \"\"\"\n  references: [PHID!]!\n  \"\"\"\n  List of Atlas documents that were relevant for the creation of this Grounding document.  \n  \"\"\"\n  originalContextData: [DocumentInfo!]!\n  \"\"\"\n  Link to the original P0hub Notion environment where this document was first created or referenced.\n  \"\"\"\n  provenance: URL\n  \"\"\"\n  Original Notion document ID of the Grounding document.  \n  Used for cross-system referencing and linking back to the original Notion source.\n  \"\"\"\n  notionId: String\n}\n\n\"\"\"\nReference to a document within Atlas with optional name and document number for display reasons. \n\"\"\"\ntype DocumentInfo {\n  id: PHID!\n  name: OLabel\n  docNo: String\n}\n\n\"\"\"\nDomain (i.e., Atlas) specific document types with the same document model global schema.  \n\"\"\"\nenum MAtlasType {\n  TENET\n  ORIGINAL_CONTEXT_DATA\n  ACTIVE_DATA\n}\n\n\"\"\"Defines the lifecycle stage of the Grounding document within Atlas.  \"\"\"\nenum GStatus {\n  PLACEHOLDER\n  PROVISIONAL\n  APPROVED\n  DEFERRED\n  ARCHIVED\n}\n\n\"\"\"\nThese global tags are used for classification in Grounding documents.  \n\"\"\"\nenum GGlobalTag {\n  SCOPE_ADVISOR\n  AVC\n  CAIS\n  ML_LOW_PRIORITY\n  EXTERNAL_REFERENCE\n  DAO_TOOLKIT\n  ML_DEFER\n  PURPOSE_SYSTEM\n  NEWCHAIN\n  ML_SUPPORT_DOCS_NEEDED\n  TWO_STAGE_BRIDGE\n  ECOSYSTEM_INTELLIGENCE\n  RECURSIVE_IMPROVEMENT\n  LEGACY_TERM_USE_APPROVED\n}",
        "scope": "global"
      },
      "scope": "global",
      "id": "bc4915ca-a1fc-4e99-a287-26d8e23ff809",
      "index": 75,
      "timestamp": "2025-02-07T08:29:21.029Z",
      "hash": "ULlC2TDY9S1WNxD0j+J0OFNJ/qE=",
      "skip": 0
    },
    {
      "type": "SET_STATE_SCHEMA",
      "input": {
        "schema": "type AtlasMultiParentState {\n  \"\"\"Full name of the Grounding document entity.  \"\"\"\n  name: String\n  \"\"\"\n  Unique document number assigned to the Grounding document within Atlas.  \n  \"\"\"\n  docNo: String\n  \"\"\"\n  Parent entity that this Grounding document belongs to.  \n  This is a reference to another Atlas document.\n  \"\"\"\n  parent: PHID!\n  \"\"\"\n  The type of the Grounding document within Atlas.  \n  Example: Tenet, Original Context Data, Active Data.\n  \"\"\"\n  atlasType: MAtlasType!\n  \"\"\"Entire content body of the Grounding document within Atlas.  \"\"\"\n  content: String\n  \"\"\"\n  Master status of the Grounding document as managed by the Atlas Axis facilitator group.  \n  \"\"\"\n  masterStatus: MStatus!\n  \"\"\"\n  Document tags managed by the Atlas Axis facilitator group for classification.  \n  \"\"\"\n  globalTags: [MGlobalTag!]!\n  \"\"\"\n  References to other Atlas entities that are linked to this Grounding document.  \n  \"\"\"\n  references: [PHID!]!\n  \"\"\"\n  List of Atlas documents that were relevant for the creation of this Grounding document.  \n  \"\"\"\n  originalContextData: [DocumentInfo!]!\n  \"\"\"\n  Link to the original P0hub Notion environment where this document was first created or referenced.\n  \"\"\"\n  provenance: URL\n  \"\"\"\n  Original Notion document ID of the Grounding document.  \n  Used for cross-system referencing and linking back to the original Notion source.\n  \"\"\"\n  notionId: String\n}\n\n\"\"\"\nReference to a document within Atlas with optional name and document number for display reasons. \n\"\"\"\ntype DocumentInfo {\n  id: PHID!\n  name: OLabel\n  docNo: String\n}\n\n\"\"\"\nDomain (i.e., Atlas) specific document types with the same document model global schema.  \n\"\"\"\nenum MAtlasType {\n  TENET\n  ORIGINAL_CONTEXT_DATA\n  ACTIVE_DATA\n}\n\n\"\"\"Defines the lifecycle stage of the Grounding document within Atlas.  \"\"\"\nenum MStatus {\n  PLACEHOLDER\n  PROVISIONAL\n  APPROVED\n  DEFERRED\n  ARCHIVED\n}\n\n\"\"\"\nThese global tags are used for classification in Grounding documents.  \n\"\"\"\nenum GGlobalTag {\n  SCOPE_ADVISOR\n  AVC\n  CAIS\n  ML_LOW_PRIORITY\n  EXTERNAL_REFERENCE\n  DAO_TOOLKIT\n  ML_DEFER\n  PURPOSE_SYSTEM\n  NEWCHAIN\n  ML_SUPPORT_DOCS_NEEDED\n  TWO_STAGE_BRIDGE\n  ECOSYSTEM_INTELLIGENCE\n  RECURSIVE_IMPROVEMENT\n  LEGACY_TERM_USE_APPROVED\n}",
        "scope": "global"
      },
      "scope": "global",
      "id": "26cdcf5a-4cde-4cba-84b7-dda6c52607c7",
      "index": 76,
      "timestamp": "2025-02-07T08:29:23.089Z",
      "hash": "1kQcu/ETz99p7Yg+EbF4RizVReU=",
      "skip": 0
    },
    {
      "type": "SET_STATE_SCHEMA",
      "input": {
        "schema": "type AtlasMultiParentState {\n  \"\"\"Full name of the Grounding document entity.  \"\"\"\n  name: String\n  \"\"\"\n  Unique document number assigned to the Grounding document within Atlas.  \n  \"\"\"\n  docNo: String\n  \"\"\"\n  Parent entity that this Grounding document belongs to.  \n  This is a reference to another Atlas document.\n  \"\"\"\n  parent: PHID!\n  \"\"\"\n  The type of the Grounding document within Atlas.  \n  Example: Tenet, Original Context Data, Active Data.\n  \"\"\"\n  atlasType: MAtlasType!\n  \"\"\"Entire content body of the Grounding document within Atlas.  \"\"\"\n  content: String\n  \"\"\"\n  Master status of the Grounding document as managed by the Atlas Axis facilitator group.  \n  \"\"\"\n  masterStatus: MStatus!\n  \"\"\"\n  Document tags managed by the Atlas Axis facilitator group for classification.  \n  \"\"\"\n  globalTags: [MGlobalTag!]!\n  \"\"\"\n  References to other Atlas entities that are linked to this Grounding document.  \n  \"\"\"\n  references: [PHID!]!\n  \"\"\"\n  List of Atlas documents that were relevant for the creation of this Grounding document.  \n  \"\"\"\n  originalContextData: [DocumentInfo!]!\n  \"\"\"\n  Link to the original P0hub Notion environment where this document was first created or referenced.\n  \"\"\"\n  provenance: URL\n  \"\"\"\n  Original Notion document ID of the Grounding document.  \n  Used for cross-system referencing and linking back to the original Notion source.\n  \"\"\"\n  notionId: String\n}\n\n\"\"\"\nReference to a document within Atlas with optional name and document number for display reasons. \n\"\"\"\ntype DocumentInfo {\n  id: PHID!\n  name: OLabel\n  docNo: String\n}\n\n\"\"\"\nDomain (i.e., Atlas) specific document types with the same document model global schema.  \n\"\"\"\nenum MAtlasType {\n  TENET\n  ORIGINAL_CONTEXT_DATA\n  ACTIVE_DATA\n}\n\n\"\"\"Defines the lifecycle stage of the Grounding document within Atlas.  \"\"\"\nenum MStatus {\n  PLACEHOLDER\n  PROVISIONAL\n  APPROVED\n  DEFERRED\n  ARCHIVED\n}\n\n\"\"\"\nThese global tags are used for classification in Grounding documents.  \n\"\"\"\nenum MGlobalTag {\n  SCOPE_ADVISOR\n  AVC\n  CAIS\n  ML_LOW_PRIORITY\n  EXTERNAL_REFERENCE\n  DAO_TOOLKIT\n  ML_DEFER\n  PURPOSE_SYSTEM\n  NEWCHAIN\n  ML_SUPPORT_DOCS_NEEDED\n  TWO_STAGE_BRIDGE\n  ECOSYSTEM_INTELLIGENCE\n  RECURSIVE_IMPROVEMENT\n  LEGACY_TERM_USE_APPROVED\n}",
        "scope": "global"
      },
      "scope": "global",
      "id": "b41c2dcd-53aa-4737-a5d1-c93ff0fb7a95",
      "index": 77,
      "timestamp": "2025-02-07T08:29:25.027Z",
      "hash": "u9t/y9QvQNthAFx2pPlUX4ef+fM=",
      "skip": 0
    },
    {
      "type": "SET_STATE_SCHEMA",
      "input": {
        "schema": "type AtlasMultiParentState {\n  \"\"\"Full name of the Grounding document entity.  \"\"\"\n  name: String\n  \"\"\"\n  Unique document number assigned to the Grounding document within Atlas.  \n  \"\"\"\n  docNo: String\n  \"\"\"\n  Parent entity that this Grounding document belongs to.  \n  This is a reference to another Atlas document.\n  \"\"\"\n  parent: PHID!\n  \"\"\"\n  The type of the Grounding document within Atlas.  \n  Example: Tenet, Original Context Data, Active Data.\n  \"\"\"\n  atlasType: MAtlasType!\n  \"\"\"Entire content body of the Grounding document within Atlas.  \"\"\"\n  content: String\n  \"\"\"\n  Master status of the Grounding document as managed by the Atlas Axis facilitator group.  \n  \"\"\"\n  masterStatus: MStatus!\n  \"\"\"\n  Document tags managed by the Atlas Axis facilitator group for classification.  \n  \"\"\"\n  globalTags: [MGlobalTag!]!\n  \"\"\"\n  References to other Atlas entities that are linked to this Grounding document.  \n  \"\"\"\n  references: [PHID!]!\n  \"\"\"\n  List of Atlas documents that were relevant for the creation of this Grounding document.  \n  \"\"\"\n  originalContextData: [DocumentInfo!]!\n  \"\"\"\n  Link to the original P0hub Notion environment where this document was first created or referenced.\n  \"\"\"\n  provenance: URL\n  \"\"\"\n  Original Notion document ID of the Grounding document.  \n  Used for cross-system referencing and linking back to the original Notion source.\n  \"\"\"\n  notionId: String\n}\n\n\"\"\"\nReference to a document within Atlas with optional name and document number for display reasons. \n\"\"\"\ntype DocumentInfo {\n  id: PHID!\n  name: OLabel\n  docNo: String\n}\n\n\"\"\"\nDomain (i.e., Atlas) specific document types with the same document model global schema.  \n\"\"\"\nenum MAtlasType {\n  ANNOTATION\nNEEDED_RESEARCH \n}\n\n\"\"\"Defines the lifecycle stage of the Grounding document within Atlas.  \"\"\"\nenum MStatus {\n  PLACEHOLDER\n  PROVISIONAL\n  APPROVED\n  DEFERRED\n  ARCHIVED\n}\n\n\"\"\"\nThese global tags are used for classification in Grounding documents.  \n\"\"\"\nenum MGlobalTag {\n  SCOPE_ADVISOR\n  AVC\n  CAIS\n  ML_LOW_PRIORITY\n  EXTERNAL_REFERENCE\n  DAO_TOOLKIT\n  ML_DEFER\n  PURPOSE_SYSTEM\n  NEWCHAIN\n  ML_SUPPORT_DOCS_NEEDED\n  TWO_STAGE_BRIDGE\n  ECOSYSTEM_INTELLIGENCE\n  RECURSIVE_IMPROVEMENT\n  LEGACY_TERM_USE_APPROVED\n}",
        "scope": "global"
      },
      "scope": "global",
      "id": "c4d3ba31-011c-44fa-8973-9d7916677d15",
      "index": 78,
      "timestamp": "2025-02-07T08:29:36.891Z",
      "hash": "yqImv3F4dRqxGOlvYDHDCHSuN2c=",
      "skip": 0
    },
    {
      "type": "SET_STATE_SCHEMA",
      "input": {
        "schema": "type AtlasMultiParentState {\n  \"\"\"Full name of the Grounding document entity.  \"\"\"\n  name: String\n  \"\"\"\n  Unique document number assigned to the Grounding document within Atlas.  \n  \"\"\"\n  docNo: String\n  \"\"\"\n  Parent entity that this Grounding document belongs to.  \n  This is a reference to another Atlas document.\n  \"\"\"\n  parent: PHID!\n  \"\"\"\n  The type of the Grounding document within Atlas.  \n  Example: Tenet, Original Context Data, Active Data.\n  \"\"\"\n  atlasType: MAtlasType!\n  \"\"\"Entire content body of the Grounding document within Atlas.  \"\"\"\n  content: String\n  \"\"\"\n  Master status of the Grounding document as managed by the Atlas Axis facilitator group.  \n  \"\"\"\n  masterStatus: MStatus!\n  \"\"\"\n  Document tags managed by the Atlas Axis facilitator group for classification.  \n  \"\"\"\n  globalTags: [MGlobalTag!]!\n  \"\"\"\n  References to other Atlas entities that are linked to this Grounding document.  \n  \"\"\"\n  references: [PHID!]!\n  \"\"\"\n  List of Atlas documents that were relevant for the creation of this Grounding document.  \n  \"\"\"\n  originalContextData: [DocumentInfo!]!\n  \"\"\"\n  Link to the original P0hub Notion environment where this document was first created or referenced.\n  \"\"\"\n  provenance: URL\n  \"\"\"\n  Original Notion document ID of the Grounding document.  \n  Used for cross-system referencing and linking back to the original Notion source.\n  \"\"\"\n  notionId: String\n}\n\n\"\"\"\nReference to a document within Atlas with optional name and document number for display reasons. \n\"\"\"\ntype DocumentInfo {\n  id: PHID!\n  name: OLabel\n  docNo: String\n}\n\n\"\"\"\nDomain (i.e., Atlas) specific document types with the same document model global schema.  \n\"\"\"\nenum MAtlasType {\nANNOTATION\nNEEDED_RESEARCH \n}\n\n\"\"\"Defines the lifecycle stage of the Grounding document within Atlas.  \"\"\"\nenum MStatus {\n  PLACEHOLDER\n  PROVISIONAL\n  APPROVED\n  DEFERRED\n  ARCHIVED\n}\n\n\"\"\"\nThese global tags are used for classification in Grounding documents.  \n\"\"\"\nenum MGlobalTag {\n  SCOPE_ADVISOR\n  AVC\n  CAIS\n  ML_LOW_PRIORITY\n  EXTERNAL_REFERENCE\n  DAO_TOOLKIT\n  ML_DEFER\n  PURPOSE_SYSTEM\n  NEWCHAIN\n  ML_SUPPORT_DOCS_NEEDED\n  TWO_STAGE_BRIDGE\n  ECOSYSTEM_INTELLIGENCE\n  RECURSIVE_IMPROVEMENT\n  LEGACY_TERM_USE_APPROVED\n}",
        "scope": "global"
      },
      "scope": "global",
      "id": "8ed0681e-376d-4f39-84de-9f654e941d9e",
      "index": 79,
      "timestamp": "2025-02-07T08:29:38.134Z",
      "hash": "YsSA54HjfWCU+cZ2WwtDVHuRs3U=",
      "skip": 0
    },
    {
      "type": "SET_STATE_SCHEMA",
      "input": {
        "schema": "type AtlasMultiParentState {\n  \"\"\"Full name of the Grounding document entity.  \"\"\"\n  name: String\n  \"\"\"\n  Unique document number assigned to the Grounding document within Atlas.  \n  \"\"\"\n  docNo: String\n  \"\"\"\n  Parent entity that this Grounding document belongs to.  \n  This is a reference to another Atlas document.\n  \"\"\"\n  parent: PHID!\n  \"\"\"\n  The type of the Grounding document within Atlas.  \n  Example: Tenet, Original Context Data, Active Data.\n  \"\"\"\n  atlasType: MAtlasType!\n  \"\"\"Entire content body of the Grounding document within Atlas.  \"\"\"\n  content: String\n  \"\"\"\n  Master status of the Grounding document as managed by the Atlas Axis facilitator group.  \n  \"\"\"\n  masterStatus: MStatus!\n  \"\"\"\n  Document tags managed by the Atlas Axis facilitator group for classification.  \n  \"\"\"\n  globalTags: [MGlobalTag!]!\n  \"\"\"\n  References to other Atlas entities that are linked to this Grounding document.  \n  \"\"\"\n  references: [PHID!]!\n  \"\"\"\n  List of Atlas documents that were relevant for the creation of this Grounding document.  \n  \"\"\"\n  originalContextData: [DocumentInfo!]!\n  \"\"\"\n  Link to the original P0hub Notion environment where this document was first created or referenced.\n  \"\"\"\n  provenance: URL\n  \"\"\"\n  Original Notion document ID of the Grounding document.  \n  Used for cross-system referencing and linking back to the original Notion source.\n  \"\"\"\n  notionId: String\n}\n\n\"\"\"\nReference to a document within Atlas with optional name and document number for display reasons. \n\"\"\"\ntype DocumentInfo {\n  id: PHID!\n  name: OLabel\n  docNo: String\n}\n\n\"\"\"\nDomain (i.e., Atlas) specific document types with the same document model global schema.  \n\"\"\"\nenum MAtlasType {\n  ANNOTATION\nNEEDED_RESEARCH \n}\n\n\"\"\"Defines the lifecycle stage of the Grounding document within Atlas.  \"\"\"\nenum MStatus {\n  PLACEHOLDER\n  PROVISIONAL\n  APPROVED\n  DEFERRED\n  ARCHIVED\n}\n\n\"\"\"\nThese global tags are used for classification in Grounding documents.  \n\"\"\"\nenum MGlobalTag {\n  SCOPE_ADVISOR\n  AVC\n  CAIS\n  ML_LOW_PRIORITY\n  EXTERNAL_REFERENCE\n  DAO_TOOLKIT\n  ML_DEFER\n  PURPOSE_SYSTEM\n  NEWCHAIN\n  ML_SUPPORT_DOCS_NEEDED\n  TWO_STAGE_BRIDGE\n  ECOSYSTEM_INTELLIGENCE\n  RECURSIVE_IMPROVEMENT\n  LEGACY_TERM_USE_APPROVED\n}",
        "scope": "global"
      },
      "scope": "global",
      "id": "80f077be-cb68-4f14-9ebb-a216742ce9e8",
      "index": 80,
      "timestamp": "2025-02-07T08:29:39.911Z",
      "hash": "yqImv3F4dRqxGOlvYDHDCHSuN2c=",
      "skip": 0
    },
    {
      "type": "SET_STATE_SCHEMA",
      "input": {
        "schema": "type AtlasMultiParentState {\n  \"\"\"Full name of the Grounding document entity.  \"\"\"\n  name: String\n  \"\"\"\n  Unique document number assigned to the Grounding document within Atlas.  \n  \"\"\"\n  docNo: String\n  \"\"\"\n  Parent entity that this Grounding document belongs to.  \n  This is a reference to another Atlas document.\n  \"\"\"\n  parent: PHID!\n  \"\"\"\n  The type of the Grounding document within Atlas.  \n  Example: Tenet, Original Context Data, Active Data.\n  \"\"\"\n  atlasType: MAtlasType!\n  \"\"\"Entire content body of the Grounding document within Atlas.  \"\"\"\n  content: String\n  \"\"\"\n  Master status of the Grounding document as managed by the Atlas Axis facilitator group.  \n  \"\"\"\n  masterStatus: MStatus!\n  \"\"\"\n  Document tags managed by the Atlas Axis facilitator group for classification.  \n  \"\"\"\n  globalTags: [MGlobalTag!]!\n  \"\"\"\n  References to other Atlas entities that are linked to this Grounding document.  \n  \"\"\"\n  references: [PHID!]!\n  \"\"\"\n  List of Atlas documents that were relevant for the creation of this Grounding document.  \n  \"\"\"\n  originalContextData: [DocumentInfo!]!\n  \"\"\"\n  Link to the original P0hub Notion environment where this document was first created or referenced.\n  \"\"\"\n  provenance: URL\n  \"\"\"\n  Original Notion document ID of the Grounding document.  \n  Used for cross-system referencing and linking back to the original Notion source.\n  \"\"\"\n  notionId: String\n}\n\n\"\"\"\nReference to a document within Atlas with optional name and document number for display reasons. \n\"\"\"\ntype DocumentInfo {\n  id: PHID!\n  name: OLabel\n  docNo: String\n}\n\n\"\"\"\nDomain (i.e., Atlas) specific document types with the same document model global schema.  \n\"\"\"\nenum MAtlasType {\n  ANNOTATION\n  NEEDED_RESEARCH \n}\n\n\"\"\"Defines the lifecycle stage of the Grounding document within Atlas.  \"\"\"\nenum MStatus {\n  PLACEHOLDER\n  PROVISIONAL\n  APPROVED\n  DEFERRED\n  ARCHIVED\n}\n\n\"\"\"\nThese global tags are used for classification in Grounding documents.  \n\"\"\"\nenum MGlobalTag {\n  SCOPE_ADVISOR\n  AVC\n  CAIS\n  ML_LOW_PRIORITY\n  EXTERNAL_REFERENCE\n  DAO_TOOLKIT\n  ML_DEFER\n  PURPOSE_SYSTEM\n  NEWCHAIN\n  ML_SUPPORT_DOCS_NEEDED\n  TWO_STAGE_BRIDGE\n  ECOSYSTEM_INTELLIGENCE\n  RECURSIVE_IMPROVEMENT\n  LEGACY_TERM_USE_APPROVED\n}",
        "scope": "global"
      },
      "scope": "global",
      "id": "bd473870-57bc-47e1-837d-456878558cac",
      "index": 81,
      "timestamp": "2025-02-07T08:29:40.633Z",
      "hash": "1jPMBIFecIny7d8pEHomChzG3jo=",
      "skip": 0
    },
    {
      "type": "SET_STATE_SCHEMA",
      "input": {
        "schema": "type AtlasMultiParentState {\n  \"\"\"Full name of the Grounding document entity.  \"\"\"\n  name: String\n  \"\"\"\n  Unique document number assigned to the Grounding document within Atlas.  \n  \"\"\"\n  docNo: String\n  \"\"\"\n  Parent entity that this Grounding document belongs to.  \n  This is a reference to another Atlas document.\n  \"\"\"\n  parent: [PHID!\n  \"\"\"\n  The type of the Grounding document within Atlas.  \n  Example: Tenet, Original Context Data, Active Data.\n  \"\"\"\n  atlasType: MAtlasType!\n  \"\"\"Entire content body of the Grounding document within Atlas.  \"\"\"\n  content: String\n  \"\"\"\n  Master status of the Grounding document as managed by the Atlas Axis facilitator group.  \n  \"\"\"\n  masterStatus: MStatus!\n  \"\"\"\n  Document tags managed by the Atlas Axis facilitator group for classification.  \n  \"\"\"\n  globalTags: [MGlobalTag!]!\n  \"\"\"\n  References to other Atlas entities that are linked to this Grounding document.  \n  \"\"\"\n  references: [PHID!]!\n  \"\"\"\n  List of Atlas documents that were relevant for the creation of this Grounding document.  \n  \"\"\"\n  originalContextData: [DocumentInfo!]!\n  \"\"\"\n  Link to the original P0hub Notion environment where this document was first created or referenced.\n  \"\"\"\n  provenance: URL\n  \"\"\"\n  Original Notion document ID of the Grounding document.  \n  Used for cross-system referencing and linking back to the original Notion source.\n  \"\"\"\n  notionId: String\n}\n\n\"\"\"\nReference to a document within Atlas with optional name and document number for display reasons. \n\"\"\"\ntype DocumentInfo {\n  id: PHID!\n  name: OLabel\n  docNo: String\n}\n\n\"\"\"\nDomain (i.e., Atlas) specific document types with the same document model global schema.  \n\"\"\"\nenum MAtlasType {\n  ANNOTATION\n  NEEDED_RESEARCH \n}\n\n\"\"\"Defines the lifecycle stage of the Grounding document within Atlas.  \"\"\"\nenum MStatus {\n  PLACEHOLDER\n  PROVISIONAL\n  APPROVED\n  DEFERRED\n  ARCHIVED\n}\n\n\"\"\"\nThese global tags are used for classification in Grounding documents.  \n\"\"\"\nenum MGlobalTag {\n  SCOPE_ADVISOR\n  AVC\n  CAIS\n  ML_LOW_PRIORITY\n  EXTERNAL_REFERENCE\n  DAO_TOOLKIT\n  ML_DEFER\n  PURPOSE_SYSTEM\n  NEWCHAIN\n  ML_SUPPORT_DOCS_NEEDED\n  TWO_STAGE_BRIDGE\n  ECOSYSTEM_INTELLIGENCE\n  RECURSIVE_IMPROVEMENT\n  LEGACY_TERM_USE_APPROVED\n}",
        "scope": "global"
      },
      "scope": "global",
      "id": "0ce6f386-ec1f-45e5-b668-f6967f1193e9",
      "index": 82,
      "timestamp": "2025-02-07T08:30:00.380Z",
      "hash": "jsTtkL6gGvBXWthW8elyry+oJZM=",
      "skip": 0
    },
    {
      "type": "SET_STATE_SCHEMA",
      "input": {
        "schema": "type AtlasMultiParentState {\n  \"\"\"Full name of the Grounding document entity.  \"\"\"\n  name: String\n  \"\"\"\n  Unique document number assigned to the Grounding document within Atlas.  \n  \"\"\"\n  docNo: String\n  \"\"\"\n  Parent entity that this Grounding document belongs to.  \n  This is a reference to another Atlas document.\n  \"\"\"\n  parent: [PHID!]!\n  \"\"\"\n  The type of the Grounding document within Atlas.  \n  Example: Tenet, Original Context Data, Active Data.\n  \"\"\"\n  atlasType: MAtlasType!\n  \"\"\"Entire content body of the Grounding document within Atlas.  \"\"\"\n  content: String\n  \"\"\"\n  Master status of the Grounding document as managed by the Atlas Axis facilitator group.  \n  \"\"\"\n  masterStatus: MStatus!\n  \"\"\"\n  Document tags managed by the Atlas Axis facilitator group for classification.  \n  \"\"\"\n  globalTags: [MGlobalTag!]!\n  \"\"\"\n  References to other Atlas entities that are linked to this Grounding document.  \n  \"\"\"\n  references: [PHID!]!\n  \"\"\"\n  List of Atlas documents that were relevant for the creation of this Grounding document.  \n  \"\"\"\n  originalContextData: [DocumentInfo!]!\n  \"\"\"\n  Link to the original P0hub Notion environment where this document was first created or referenced.\n  \"\"\"\n  provenance: URL\n  \"\"\"\n  Original Notion document ID of the Grounding document.  \n  Used for cross-system referencing and linking back to the original Notion source.\n  \"\"\"\n  notionId: String\n}\n\n\"\"\"\nReference to a document within Atlas with optional name and document number for display reasons. \n\"\"\"\ntype DocumentInfo {\n  id: PHID!\n  name: OLabel\n  docNo: String\n}\n\n\"\"\"\nDomain (i.e., Atlas) specific document types with the same document model global schema.  \n\"\"\"\nenum MAtlasType {\n  ANNOTATION\n  NEEDED_RESEARCH \n}\n\n\"\"\"Defines the lifecycle stage of the Grounding document within Atlas.  \"\"\"\nenum MStatus {\n  PLACEHOLDER\n  PROVISIONAL\n  APPROVED\n  DEFERRED\n  ARCHIVED\n}\n\n\"\"\"\nThese global tags are used for classification in Grounding documents.  \n\"\"\"\nenum MGlobalTag {\n  SCOPE_ADVISOR\n  AVC\n  CAIS\n  ML_LOW_PRIORITY\n  EXTERNAL_REFERENCE\n  DAO_TOOLKIT\n  ML_DEFER\n  PURPOSE_SYSTEM\n  NEWCHAIN\n  ML_SUPPORT_DOCS_NEEDED\n  TWO_STAGE_BRIDGE\n  ECOSYSTEM_INTELLIGENCE\n  RECURSIVE_IMPROVEMENT\n  LEGACY_TERM_USE_APPROVED\n}",
        "scope": "global"
      },
      "scope": "global",
      "id": "827379c6-6cf4-4425-be4c-2b6a73dcda71",
      "index": 83,
      "timestamp": "2025-02-07T08:30:02.649Z",
      "hash": "v5ouJh+E27YHBfvHxokTCxYDyRc=",
      "skip": 0
    },
    {
      "type": "ADD_OPERATION",
      "input": {
        "id": "2geMGCOayC7itdwOTxZlgxWy8qc=",
        "moduleId": "Z4wFwR7FOy+pjbIc4oK+bA2dQjc=",
        "name": "SET_PARENT"
      },
      "scope": "global",
      "id": "1b93a453-4924-4242-9717-7d653082486b",
      "index": 84,
      "timestamp": "2025-02-07T08:30:36.098Z",
      "hash": "LW82e+6pEtS2RP/iHHmkpV8sQdA=",
      "skip": 0
    },
    {
      "type": "SET_OPERATION_SCHEMA",
      "input": {
        "id": "2geMGCOayC7itdwOTxZlgxWy8qc=",
        "schema": "input SetParentInput {\n  \"Add your inputs here\"\n  _placeholder: String\n}"
      },
      "scope": "global",
      "id": "6f7f3217-43be-44b5-ab78-8b40975d3ef9",
      "index": 85,
      "timestamp": "2025-02-07T08:30:36.194Z",
      "hash": "sJkHd9Z5FHVpcUfdalwEfTnCRhY=",
      "skip": 0
    },
    {
      "type": "SET_OPERATION_SCHEMA",
      "input": {
        "id": "2geMGCOayC7itdwOTxZlgxWy8qc=",
        "schema": "input SetParentInput {\n  \"Add your inputs here\"\n  parent:\n}"
      },
      "scope": "global",
      "id": "087c5d64-8112-4dcc-b7fe-b84384a2a95d",
      "index": 86,
      "timestamp": "2025-02-07T08:30:40.618Z",
      "hash": "bSwksS9+fqq9UwkzEslVra3cpsw=",
      "skip": 0
    },
    {
      "type": "SET_OPERATION_SCHEMA",
      "input": {
        "id": "2geMGCOayC7itdwOTxZlgxWy8qc=",
        "schema": "input SetParentInput {\n  \"Add your inputs here\"\n  parent: []\n}"
      },
      "scope": "global",
      "id": "b05643b2-4a90-4028-8aa5-2f8872cc6af1",
      "index": 87,
      "timestamp": "2025-02-07T08:30:42.930Z",
      "hash": "OSWquAXP5v2mAZmIC9bTOrNzCqE=",
      "skip": 0
    },
    {
      "type": "SET_OPERATION_SCHEMA",
      "input": {
        "id": "2geMGCOayC7itdwOTxZlgxWy8qc=",
        "schema": "input SetParentInput {\n  \"Add your inputs here\"\n  parent: []\n}"
      },
      "scope": "global",
      "id": "c6d19f89-540b-439c-b1c3-3c1b2f704aa2",
      "index": 88,
      "timestamp": "2025-02-07T08:30:44.893Z",
      "hash": "OSWquAXP5v2mAZmIC9bTOrNzCqE=",
      "skip": 0
    },
    {
      "type": "SET_OPERATION_SCHEMA",
      "input": {
        "id": "2geMGCOayC7itdwOTxZlgxWy8qc=",
        "schema": "input SetParentInput {\n  \"Add your inputs here\"\n  parent: [PHID!]\n}"
      },
      "scope": "global",
      "id": "42946ee8-9611-4965-9746-067ad44ec88b",
      "index": 89,
      "timestamp": "2025-02-07T08:30:46.331Z",
      "hash": "+LsQdjW+oR4QN/tQfsBPYXF0yTg=",
      "skip": 0
    },
    {
      "type": "SET_OPERATION_SCHEMA",
      "input": {
        "id": "2geMGCOayC7itdwOTxZlgxWy8qc=",
        "schema": "input SetParentInput {\n  \"Add your inputs here\"\n  parent: [PHID]\n}"
      },
      "scope": "global",
      "id": "2abe5e08-151a-49bb-9888-689d18f03f92",
      "index": 90,
      "timestamp": "2025-02-07T08:30:46.964Z",
      "hash": "vsIjZtEVQMQHoQDFv0lFTqm8IfM=",
      "skip": 0
    },
    {
      "type": "SET_OPERATION_SCHEMA",
      "input": {
        "id": "2geMGCOayC7itdwOTxZlgxWy8qc=",
        "schema": "input SetParentInput {\n  \"Add your inputs here\"\n  parent: [PHID]!\n}"
      },
      "scope": "global",
      "id": "8e6f9f5f-720a-4970-bef4-9670cf503ed8",
      "index": 91,
      "timestamp": "2025-02-07T08:30:55.628Z",
      "hash": "Wu5ELuzJSpJvCoTbv/PhS908RK8=",
      "skip": 0
    },
    {
      "type": "SET_OPERATION_SCHEMA",
      "input": {
        "id": "2geMGCOayC7itdwOTxZlgxWy8qc=",
        "schema": "input SetParentInput {\n  \"Add your inputs here\"\n  parent: [PHID]\n}"
      },
      "scope": "global",
      "id": "3264cafd-2f5a-40e8-a94b-ae48baa2c8d6",
      "index": 92,
      "timestamp": "2025-02-07T08:31:16.004Z",
      "hash": "vsIjZtEVQMQHoQDFv0lFTqm8IfM=",
      "skip": 0
    },
    {
      "type": "SET_OPERATION_SCHEMA",
      "input": {
        "id": "2geMGCOayC7itdwOTxZlgxWy8qc=",
        "schema": "input SetParentInput {\n  \"Add your inputs here\"\n  parent: [PHID!]\n}"
      },
      "scope": "global",
      "id": "1daef734-1246-42ac-8c70-7e9d27b24350",
      "index": 93,
      "timestamp": "2025-02-07T08:31:17.629Z",
      "hash": "+LsQdjW+oR4QN/tQfsBPYXF0yTg=",
      "skip": 0
    },
    {
      "type": "SET_MODEL_ID",
      "input": {
        "id": "sky/atlas-multiparent"
      },
      "scope": "global",
      "id": "f9c98f02-3427-4a17-98eb-9abb45532afa",
      "index": 94,
      "timestamp": "2025-02-07T08:51:30.132Z",
      "hash": "ldoKbLXhksVTTTT7MdiHmJRDUho=",
      "skip": 0
    },
    {
      "type": "SET_INITIAL_STATE",
      "input": {
        "initialValue": "{\n  \"name\": \"\",\n  \"docNo\": \"\",\n  \"parent\": [],\n  \"atlasType\": \"ANNOTATION\",\n  \"content\": \"\",\n  \"masterStatus\": \"PLACEHOLDER\",\n  \"globalTags\": [],\n  \"references\": [],\n  \"originalContextData\": [],\n  \"provenance\": \"\",\n  \"notionId\": \"\"\n}",
        "scope": "global"
      },
      "scope": "global",
      "id": "63213aa2-7e87-42af-8928-3c45d6a05a07",
      "index": 95,
      "timestamp": "2025-02-07T12:22:35.575Z",
      "hash": "veqGMwUmfIiEud1HIdJu9FNYt+M=",
      "skip": 0
    },
    {
      "type": "SET_OPERATION_NAME",
      "input": {
        "id": "pbTnKZf0S+fzRub/1pWrD5zbNsk=",
        "name": "SET_MULTIPARENT_NAME"
      },
      "scope": "global",
      "id": "9a050052-c759-4447-8fd8-df0e83aef586",
      "index": 96,
      "timestamp": "2025-02-07T12:22:47.621Z",
      "hash": "H7e92zQVDEHXM8iJFTNNLdkpG7I=",
      "skip": 0
    },
    {
      "type": "SET_OPERATION_SCHEMA",
      "input": {
        "id": "pbTnKZf0S+fzRub/1pWrD5zbNsk=",
        "schema": "input SetMInput {\n  \"Add your inputs here\"\n  name: String!\n}"
      },
      "scope": "global",
      "id": "66f06291-1c51-4817-b24e-d13a19849bc6",
      "index": 97,
      "timestamp": "2025-02-07T12:54:45.437Z",
      "hash": "oym9fh12okTkmsejKJeq/MXVZGc=",
      "skip": 0
    },
    {
      "type": "SET_OPERATION_SCHEMA",
      "input": {
        "id": "pbTnKZf0S+fzRub/1pWrD5zbNsk=",
        "schema": "input SetMultiparentInput {\n  \"Add your inputs here\"\n  name: String!\n}"
      },
      "scope": "global",
      "id": "c722186d-8409-451a-9bb3-9e5cdb99fc31",
      "index": 98,
      "timestamp": "2025-02-07T12:54:47.608Z",
      "hash": "ucFwgPgiDyxG7QkyXpJSyZdyt9s=",
      "skip": 0
    },
    {
      "type": "SET_OPERATION_SCHEMA",
      "input": {
        "id": "pbTnKZf0S+fzRub/1pWrD5zbNsk=",
        "schema": "input SetMultiparentNameInput {\n  \"Add your inputs here\"\n  name: String!\n}"
      },
      "scope": "global",
      "id": "a6d23285-b66c-4fae-8a9f-8b9a0ee86587",
      "index": 99,
      "timestamp": "2025-02-07T12:54:59.279Z",
      "hash": "DRcNgrdQb3vy8p2J9pzRQqidtiE=",
      "skip": 0
    },
    {
      "type": "SET_OPERATION_SCHEMA",
      "input": {
        "id": "yy3qFG0k67tzM1+klvVsOBe21H0=",
        "schema": "input SetMasterStatusInput {\n  \"Add your inputs here\"\n  masterStatus: Status! \n}"
      },
      "scope": "global",
      "id": "72f30bed-afdf-4bed-a026-2c581ff80ff9",
      "index": 100,
      "timestamp": "2025-02-07T12:55:03.321Z",
      "hash": "OPirKYENm7wEn13C1rr6liG++x4=",
      "skip": 0
    },
    {
      "type": "SET_OPERATION_SCHEMA",
      "input": {
        "id": "yy3qFG0k67tzM1+klvVsOBe21H0=",
        "schema": "input SetMasterStatusInput {\n  \"Add your inputs here\"\n  masterStatus: MStatus! \n}"
      },
      "scope": "global",
      "id": "b79ae84e-3696-4550-b54d-09366e5db551",
      "index": 101,
      "timestamp": "2025-02-07T12:55:04.584Z",
      "hash": "7o1vmSU2EvnteyI0/t4ZRh9Q2gw=",
      "skip": 0
    },
    {
      "type": "SET_OPERATION_SCHEMA",
      "input": {
        "id": "G1qGUhuNhTQ0YYNKbhlTO4sa8K8=",
        "schema": "input AddTagsInput {\n  \"Add your inputs here\"\n  newTags: [MGlobalTag!]!\n}"
      },
      "scope": "global",
      "id": "1a167b04-645a-49aa-8811-a71ca3d999b5",
      "index": 102,
      "timestamp": "2025-02-07T12:55:08.720Z",
      "hash": "LOIdVA6bM2A8Ea4TITHQDe3gfhw=",
      "skip": 0
    },
    {
      "type": "SET_OPERATION_SCHEMA",
      "input": {
        "id": "AuFU3WJ/oSjB1gFiKY/jRWeORRI=",
        "schema": "input RemoveTagsInput {\n  \"Add your inputs here\"\n  tags: [MGlobalTag!]!\n}"
      },
      "scope": "global",
      "id": "4fdb9249-5bf8-463d-b5fd-b81e8bffc14f",
      "index": 103,
      "timestamp": "2025-02-07T12:55:11.170Z",
      "hash": "wt89SvAws83UQpKFNp47xhyOcDI=",
      "skip": 0
    },
    {
      "type": "SET_OPERATION_SCHEMA",
      "input": {
        "id": "T9esDJaav0Urn7+xzXMG06+IvyI=",
        "schema": "input s {\n  \"Add your inputs here\"\n  provenance: URL\n  \n}"
      },
      "scope": "global",
      "id": "125c51af-50b1-4d2b-a678-20b8ac7629c0",
      "index": 104,
      "timestamp": "2025-02-07T12:55:25.058Z",
      "hash": "zYbpHriGCzX6REXGWSadMehtrgQ=",
      "skip": 0
    },
    {
      "type": "SET_OPERATION_SCHEMA",
      "input": {
        "id": "T9esDJaav0Urn7+xzXMG06+IvyI=",
        "schema": "input SetProvenance {\n  \"Add your inputs here\"\n  provenance: URL\n  \n}"
      },
      "scope": "global",
      "id": "ed210ebb-9467-4ed2-9e91-4cf501dc53ba",
      "index": 105,
      "timestamp": "2025-02-07T12:55:29.541Z",
      "hash": "C4QRHNHW+Z/yAliSHHheY7l6ws4=",
      "skip": 0
    },
    {
      "type": "SET_OPERATION_SCHEMA",
      "input": {
        "id": "T9esDJaav0Urn7+xzXMG06+IvyI=",
        "schema": "input SetProvenanceInput {\n  \"Add your inputs here\"\n  provenance: URL\n  \n}"
      },
      "scope": "global",
      "id": "3a566234-5353-4e3e-8164-b12da505a815",
      "index": 106,
      "timestamp": "2025-02-07T12:55:57.567Z",
      "hash": "djJ0vj9w0rx51tS61UzXEU1z8Go=",
      "skip": 0
    },
    {
      "type": "ADD_OPERATION",
      "input": {
        "id": "b0K5N9G6UAxV/K0LefW2jMtViL4=",
        "moduleId": "Z4wFwR7FOy+pjbIc4oK+bA2dQjc=",
        "name": "SET_ATLAS_TYPE"
      },
      "scope": "global",
      "id": "a0313d0f-2a85-4fea-94f8-40693da89fc6",
      "index": 107,
      "timestamp": "2025-02-07T12:56:38.673Z",
      "hash": "OY2zAA7imh8fR8mh/MPqdcEz5IY=",
      "skip": 0
    },
    {
      "type": "SET_OPERATION_SCHEMA",
      "input": {
        "id": "b0K5N9G6UAxV/K0LefW2jMtViL4=",
        "schema": "input SetAtlasTypeInput {\n  \"Add your inputs here\"\n  _placeholder: String\n}"
      },
      "scope": "global",
      "id": "7eb1518f-97c5-45bb-b1d3-023cee4f4864",
      "index": 108,
      "timestamp": "2025-02-07T12:56:38.719Z",
      "hash": "jR+gJ+kpsllpBCgYmiwGLPEzNbI=",
      "skip": 0
    },
    {
      "type": "SET_OPERATION_SCHEMA",
      "input": {
        "id": "b0K5N9G6UAxV/K0LefW2jMtViL4=",
        "schema": "input SetAtlasTypeInput {\n  \"Add your inputs here\"\n  atlas\n}"
      },
      "scope": "global",
      "id": "9c12c14c-dd1a-48e4-9ea3-f7b4ca3c2594",
      "index": 109,
      "timestamp": "2025-02-07T12:56:44.345Z",
      "hash": "sw+U4rMz0Sm66he4DaygExEriNM=",
      "skip": 0
    },
    {
      "type": "SET_OPERATION_SCHEMA",
      "input": {
        "id": "b0K5N9G6UAxV/K0LefW2jMtViL4=",
        "schema": "input SetAtlasTypeInput {\n  \"Add your inputs here\"\n  atlasType:\n}"
      },
      "scope": "global",
      "id": "f4270f05-7d3d-4978-8a66-8b4a32f1df51",
      "index": 110,
      "timestamp": "2025-02-07T12:56:45.706Z",
      "hash": "x8KGJQLI7xJDldts0vc+bUWewsU=",
      "skip": 0
    },
    {
      "type": "SET_OPERATION_SCHEMA",
      "input": {
        "id": "b0K5N9G6UAxV/K0LefW2jMtViL4=",
        "schema": "input SetAtlasTypeInput {\n  \"Add your inputs here\"\n  atlasType: f\n}"
      },
      "scope": "global",
      "id": "55bb389a-69ba-4498-9646-53c81174ece5",
      "index": 111,
      "timestamp": "2025-02-07T12:56:47.308Z",
      "hash": "OFsWvnLN4NrV6uhmMewizsEho1g=",
      "skip": 0
    },
    {
      "type": "SET_OPERATION_SCHEMA",
      "input": {
        "id": "b0K5N9G6UAxV/K0LefW2jMtViL4=",
        "schema": "input SetAtlasTypeInput {\n  \"Add your inputs here\"\n  atlasType: ]\n}"
      },
      "scope": "global",
      "id": "6991fa28-f0ac-42e2-8692-5848ea726ce3",
      "index": 112,
      "timestamp": "2025-02-07T12:56:48.450Z",
      "hash": "jHVJOBVY8J0pfQvUZW6sVvDXNmQ=",
      "skip": 0
    },
    {
      "type": "SET_OPERATION_SCHEMA",
      "input": {
        "id": "b0K5N9G6UAxV/K0LefW2jMtViL4=",
        "schema": "input SetAtlasTypeInput {\n  \"Add your inputs here\"\n  atlasType: \n}"
      },
      "scope": "global",
      "id": "73673f98-1499-4c1e-86cf-fbdee6372a13",
      "index": 113,
      "timestamp": "2025-02-07T12:56:49.129Z",
      "hash": "g7zbRdu1Jiq37fKQ2V6kscnyLSQ=",
      "skip": 0
    },
    {
      "type": "SET_OPERATION_SCHEMA",
      "input": {
        "id": "b0K5N9G6UAxV/K0LefW2jMtViL4=",
        "schema": "input SetAtlasTypeInput {\n  \"Add your inputs here\"\n  atlasType: []\n}"
      },
      "scope": "global",
      "id": "920179d1-fe92-4bc0-bb15-4a7553685ac8",
      "index": 114,
      "timestamp": "2025-02-07T12:56:50.705Z",
      "hash": "NNX9NNV5KBRGfKS3uZL7YUpAfFA=",
      "skip": 0
    },
    {
      "type": "SET_OPERATION_SCHEMA",
      "input": {
        "id": "b0K5N9G6UAxV/K0LefW2jMtViL4=",
        "schema": "input SetAtlasTypeInput {\n  \"Add your inputs here\"\n  atlasType: [F]\n}"
      },
      "scope": "global",
      "id": "cb0a7db3-f339-4306-98b8-3168a6051f25",
      "index": 115,
      "timestamp": "2025-02-07T12:56:52.637Z",
      "hash": "hSHelXxy36t7mfuvqT4lY/Mu23c=",
      "skip": 0
    },
    {
      "type": "SET_OPERATION_SCHEMA",
      "input": {
        "id": "b0K5N9G6UAxV/K0LefW2jMtViL4=",
        "schema": "input SetAtlasTypeInput {\n  \"Add your inputs here\"\n  atlasType: []\n}"
      },
      "scope": "global",
      "id": "8e975efd-34b5-40b0-be8c-766852eae6aa",
      "index": 116,
      "timestamp": "2025-02-07T12:56:53.243Z",
      "hash": "NNX9NNV5KBRGfKS3uZL7YUpAfFA=",
      "skip": 0
    },
    {
      "type": "SET_OPERATION_SCHEMA",
      "input": {
        "id": "b0K5N9G6UAxV/K0LefW2jMtViL4=",
        "schema": "input SetAtlasTypeInput {\n  \"Add your inputs here\"\n  atlasType: [M]\n}"
      },
      "scope": "global",
      "id": "c2e3e1f4-e738-4e8d-bf5e-4a1e53832f22",
      "index": 117,
      "timestamp": "2025-02-07T12:56:53.787Z",
      "hash": "CBMRpY4BldQDSfCjOUwjACw9QTo=",
      "skip": 0
    },
    {
      "type": "SET_OPERATION_SCHEMA",
      "input": {
        "id": "b0K5N9G6UAxV/K0LefW2jMtViL4=",
        "schema": "input SetAtlasTypeInput {\n  \"Add your inputs here\"\n  atlasType: [MAtlasType!]\n}"
      },
      "scope": "global",
      "id": "e12cda73-a333-4df9-bef2-ac67217ceb50",
      "index": 118,
      "timestamp": "2025-02-07T12:56:54.933Z",
      "hash": "BZecexcDR9wN38uvzU/c1OEy/Iw=",
      "skip": 0
    },
    {
      "type": "SET_MODEL_EXTENSION",
      "input": {
        "extension": ".amp"
      },
      "scope": "global",
      "id": "42697952-a413-43db-9f7e-7d4c9eaa82f7",
      "index": 119,
      "timestamp": "2025-02-07T12:57:24.462Z",
      "hash": "Ud7hBT/K7uUDP5O8HdgUp39NK00=",
      "skip": 0
    }
  ],
  "local": []
}