{
  "global": [
    {
      "type": "SET_MODEL_NAME",
      "input": {
        "name": "Atlas Feedback Issues"
      },
      "scope": "global",
      "id": "ea8c100d-2cf0-4a6c-a5a1-20a3981aff19",
      "index": 0,
      "timestamp": "2024-12-02T08:19:58.166Z",
      "hash": "BqvnlEA0fE2u5MWxJJQ1pr0PcEg=",
      "skip": 0
    },
    {
      "type": "SET_STATE_SCHEMA",
      "input": {
        "schema": "type AtlasFeedbackIssuesState {\n  \"Add your global state fields here\"\n  _placeholder: String\n}",
        "scope": "global"
      },
      "scope": "global",
      "id": "b834ad36-d138-4fc4-9e36-83ebae6513c7",
      "index": 1,
      "timestamp": "2024-12-02T08:19:58.181Z",
      "hash": "CSYNakSZZYt1Zpav7Dkrd3nX+os=",
      "skip": 0
    },
    {
      "type": "SET_MODEL_ID",
      "input": {
        "id": "makerdao/feeback"
      },
      "scope": "global",
      "id": "6d07822e-d202-4e70-9cf8-16e65561a4f5",
      "index": 2,
      "timestamp": "2024-12-02T08:20:24.635Z",
      "hash": "IyRKK5XmbUBkP9YeWTN9lK+Ed6o=",
      "skip": 0
    },
    {
      "type": "SET_MODEL_ID",
      "input": {
        "id": "makerdao/feedback"
      },
      "scope": "global",
      "id": "a9d56c49-3cc8-46ed-a74b-df26c3c18558",
      "index": 3,
      "timestamp": "2024-12-02T08:20:30.321Z",
      "hash": "7aQGVw3q0Z2/jrsoflD+GG48D8I=",
      "skip": 0
    },
    {
      "type": "SET_MODEL_DESCRIPTION",
      "input": {
        "description": "Provide feedback on the data presented in the Atlas in a decentralized way."
      },
      "scope": "global",
      "id": "c48e8d3c-517d-4deb-a56d-d9e18f21ca18",
      "index": 4,
      "timestamp": "2024-12-02T08:20:50.018Z",
      "hash": "zjFqx43kS2HcptTINo6mhV/xOxE=",
      "skip": 0
    },
    {
      "type": "SET_AUTHOR_NAME",
      "input": {
        "authorName": "powerhouse"
      },
      "scope": "global",
      "id": "9465214b-f44e-4157-8a89-91e76172a4f6",
      "index": 5,
      "timestamp": "2024-12-02T08:20:54.207Z",
      "hash": "na6wtvovowxrwRg+TAXMyrbcdpg=",
      "skip": 0
    },
    {
      "type": "SET_AUTHOR_WEBSITE",
      "input": {
        "authorWebsite": "http"
      },
      "scope": "global",
      "id": "fb1ccadd-80d5-4100-b367-1826979b1c36",
      "index": 6,
      "timestamp": "2024-12-02T08:20:56.444Z",
      "hash": "+OEgVvp3mPuFIq7rhDCutrwpS+Q=",
      "skip": 0
    },
    {
      "type": "SET_AUTHOR_WEBSITE",
      "input": {
        "authorWebsite": "https://powerhouse.inc"
      },
      "scope": "global",
      "id": "2e1a7563-4870-4217-aed9-d478cc49d75d",
      "index": 7,
      "timestamp": "2024-12-02T08:21:03.966Z",
      "hash": "R2GklL3ssZ9r7+oNcQRFO0uoipE=",
      "skip": 0
    },
    {
      "type": "SET_MODEL_EXTENSION",
      "input": {
        "extension": ".phdm"
      },
      "scope": "global",
      "id": "42d70862-29e8-4b52-b3df-2b32794709a8",
      "index": 8,
      "timestamp": "2024-12-02T08:21:07.788Z",
      "hash": "QXyoVDjMLMfmjnprQRc6VMJFXfI=",
      "skip": 0
    },
    {
      "type": "SET_STATE_SCHEMA",
      "input": {
        "schema": "type AtlasFeedbackIssuesState {\n  \"Add your global state fields here\"\n  _placeholder: String\n}\n\ntype Issue {\n  \n}",
        "scope": "global"
      },
      "scope": "global",
      "id": "50cbfdc8-69ac-4da4-8ce1-64866a6c0eda",
      "index": 9,
      "timestamp": "2024-12-02T08:23:11.467Z",
      "hash": "bhdeQmvqFKjyAMMNJ5C6sVeP7v0=",
      "skip": 0
    },
    {
      "type": "SET_STATE_SCHEMA",
      "input": {
        "schema": "type AtlasFeedbackIssuesState {\n  issues: [Issue!]!\n}\n\ntype Issue {\n  \n}",
        "scope": "global"
      },
      "scope": "global",
      "id": "b0ffb811-140e-49a3-8880-d0668b5bd469",
      "index": 10,
      "timestamp": "2024-12-02T08:23:27.850Z",
      "hash": "DFnxxA2FQNXybEMBiWV3yUOpV34=",
      "skip": 0
    },
    {
      "type": "SET_STATE_SCHEMA",
      "input": {
        "schema": "type AtlasFeedbackIssuesState {\n  issues: [Issue!]!\n}\n\ntype Issue {\n  phid: PHID!\n  affectedItems: [String!]!\n}",
        "scope": "global"
      },
      "scope": "global",
      "id": "b1d5492a-f381-4b3e-9dfb-76f668d3f281",
      "index": 11,
      "timestamp": "2024-12-02T08:25:37.824Z",
      "hash": "d/Ty6fXuLisnCbmmgOcfL+QseHg=",
      "skip": 0
    },
    {
      "type": "SET_STATE_SCHEMA",
      "input": {
        "schema": "type AtlasFeedbackIssuesState {\n  issues: [Issue!]!\n}\n\ntype Issue {\n  phid: PHID!\n  affectedItemIds: [String!]!\n}",
        "scope": "global"
      },
      "scope": "global",
      "id": "068bd0f5-3833-4927-93cb-c43c2bbff322",
      "index": 12,
      "timestamp": "2024-12-02T08:27:05.357Z",
      "hash": "GJ/B2tBkxflQauZyw2I8A5xDU/k=",
      "skip": 0
    },
    {
      "type": "SET_STATE_SCHEMA",
      "input": {
        "schema": "type AtlasFeedbackIssuesState {\n  issues: [Issue!]!\n}\n\ntype Issue {\n  phid: PHID!\n  creatorAddress: EthereumAddress!\n  affectedItemIds: [String!]!\n}",
        "scope": "global"
      },
      "scope": "global",
      "id": "963feb3e-0eb5-40a9-becf-11e39310ae4b",
      "index": 13,
      "timestamp": "2024-12-02T08:30:10.793Z",
      "hash": "+csXMZduoNHwp6fX5wEG6NhdcL8=",
      "skip": 0
    },
    {
      "type": "SET_STATE_SCHEMA",
      "input": {
        "schema": "type AtlasFeedbackIssuesState {\n  issues: [Issue!]!\n}\n\ntype Issue {\n  phid: PHID!\n  creatorAddress: EthereumAddress!\n  affectedItemIds: [String!]!\n  createdAt: DateTime!\n  lastEditedAt: DateTime!\n}",
        "scope": "global"
      },
      "scope": "global",
      "id": "aa758bcb-4066-4747-bf51-8600233720fb",
      "index": 14,
      "timestamp": "2024-12-02T08:30:30.852Z",
      "hash": "43m+baKS9+6uT6dCxpt15pFQs6E=",
      "skip": 0
    },
    {
      "type": "SET_STATE_SCHEMA",
      "input": {
        "schema": "type AtlasFeedbackIssuesState {\n  issues: [Issue!]!\n}\n\ntype Issue {\n  phid: PHID!\n  creatorAddress: EthereumAddress!\n  affectedItemIds: [String!]!\n  createdAt: DateTime!\n  lastEditedAt: DateTime!\n}\n\ntype Comment {\n  phid: PHID!\n  creatorAddress: EthereumAddress!\n}",
        "scope": "global"
      },
      "scope": "global",
      "id": "970bf43b-4bf4-484f-9f78-6dd7dc52449e",
      "index": 15,
      "timestamp": "2024-12-02T08:31:42.485Z",
      "hash": "l314OXEtPddntL57+CPB93NyJak=",
      "skip": 0
    },
    {
      "type": "SET_STATE_SCHEMA",
      "input": {
        "schema": "type AtlasFeedbackIssuesState {\n  issues: [Issue!]!\n}\n\ntype Issue {\n  phid: PHID!\n  creatorAddress: EthereumAddress!\n  affectedItemNotionIds: [String!]!\n  createdAt: DateTime!\n  lastEditedAt: DateTime!\n}\n\ntype Comment {\n  phid: PHID!\n  creatorAddress: EthereumAddress!\n}",
        "scope": "global"
      },
      "scope": "global",
      "id": "15d2351b-724c-4e45-91fa-635bd216832e",
      "index": 16,
      "timestamp": "2024-12-02T08:32:11.553Z",
      "hash": "EU/CFv3bSa/HoFjMaB3qAQWymHI=",
      "skip": 0
    },
    {
      "type": "SET_STATE_SCHEMA",
      "input": {
        "schema": "type AtlasFeedbackIssuesState {\n  issues: [Issue!]!\n}\n\ntype Issue {\n  phid: PHID!\n  creatorAddress: EthereumAddress!\n  relevantNotionIds: [String!]!\n  createdAt: DateTime!\n  lastEditedAt: DateTime!\n}\n\ntype Comment {\n  phid: PHID!\n  creatorAddress: EthereumAddress!\n}",
        "scope": "global"
      },
      "scope": "global",
      "id": "01e36789-b515-471c-a375-56e1a751742f",
      "index": 17,
      "timestamp": "2024-12-02T08:32:33.785Z",
      "hash": "C9hkN1jf11UaK2UE6+MzvM9no7I=",
      "skip": 0
    },
    {
      "type": "SET_STATE_SCHEMA",
      "input": {
        "schema": "type AtlasFeedbackIssuesState {\n  issues: [Issue!]!\n}\n\ntype Issue {\n  phid: PHID!\n  creatorAddress: EthereumAddress!\n  relevantNotionIds: [String!]!\n  createdAt: DateTime!\n  lastEditedAt: DateTime!\n}\n\ntype Comment {\n  phid: PHID!\n  issuePhid: PHID!\n  creatorAddress: EthereumAddress!\n}",
        "scope": "global"
      },
      "scope": "global",
      "id": "e64bc703-f61e-42d1-bde8-4839d6f583c9",
      "index": 18,
      "timestamp": "2024-12-02T08:33:13.345Z",
      "hash": "MVcJSwZtlX6YSDo9z//RnskVXjI=",
      "skip": 0
    },
    {
      "type": "SET_STATE_SCHEMA",
      "input": {
        "schema": "type AtlasFeedbackIssuesState {\n  issues: [Issue!]!\n}\n\ntype Issue {\n  phid: PHID!\n  creatorAddress: EthereumAddress!\n  relevantNotionIds: [String!]!\n  createdAt: DateTime!\n  lastEditedAt: DateTime!\n}\n\ntype Comment {\n  phid: PHID!\n  issuePhid: PHID!\n  creatorAddress: EthereumAddress!\n  content: String!\n}",
        "scope": "global"
      },
      "scope": "global",
      "id": "39d57aba-ab4b-4f2d-bcd6-44b93063010a",
      "index": 19,
      "timestamp": "2024-12-02T08:33:45.007Z",
      "hash": "1H/o/MSWxvoH5XoDDQ9ywQzIWyA=",
      "skip": 0
    },
    {
      "type": "SET_STATE_SCHEMA",
      "input": {
        "schema": "type AtlasFeedbackIssuesState {\n  issues: [Issue!]!\n}\n\ntype Issue {\n  phid: PHID!\n  creatorAddress: EthereumAddress!\n  relevantNotionIds: [String!]!\n  createdAt: DateTime!\n  lastEditedAt: DateTime!\n}\n\ntype Comment {\n  phid: PHID!\n  issuePhid: PHID!\n  creatorAddress: EthereumAddress!\n  content: String!\n  createdAt: DateTime!\n  lastEditedAt: DateTime!\n}",
        "scope": "global"
      },
      "scope": "global",
      "id": "ec4d1772-37eb-4207-b310-cade63982e1e",
      "index": 20,
      "timestamp": "2024-12-02T08:34:07.753Z",
      "hash": "jmCwkBLQFot247TWWuljg4uwhek=",
      "skip": 0
    },
    {
      "type": "SET_STATE_SCHEMA",
      "input": {
        "schema": "type AtlasFeedbackIssuesState {\n  issues: [Issue!]!\n}\n\ntype Issue {\n  phid: PHID!\n  creatorAddress: EthereumAddress!\n  relevantNotionIds: [String!]!\n  createdAt: DateTime!\n  lastEditedAt: DateTime!\n  threadUrl: URL!\n}\n\ntype Comment {\n  phid: PHID!\n  issuePhid: PHID!\n  creatorAddress: EthereumAddress!\n  content: String!\n  createdAt: DateTime!\n  lastEditedAt: DateTime!\n}",
        "scope": "global"
      },
      "scope": "global",
      "id": "37adca12-4701-426d-bb18-7571ccccc698",
      "index": 21,
      "timestamp": "2024-12-02T08:35:47.294Z",
      "hash": "GnaPmzc8aSk+skjpSl4vKMeQ95M=",
      "skip": 0
    },
    {
      "type": "SET_STATE_SCHEMA",
      "input": {
        "schema": "type AtlasFeedbackIssuesState {\n  issues: [Issue!]!\n}\n\ntype Issue {\n  phid: PHID!\n  creatorAddress: EthereumAddress!\n  relevantNotionIds: [String!]!\n  createdAt: DateTime!\n  lastEditedAt: DateTime!\n  threadUrl: URL!\n  comments: [Comment!]!\n}\n\ntype Comment {\n  phid: PHID!\n  issuePhid: PHID!\n  creatorAddress: EthereumAddress!\n  content: String!\n  createdAt: DateTime!\n  lastEditedAt: DateTime!\n}",
        "scope": "global"
      },
      "scope": "global",
      "id": "ee0ca351-2fde-4876-9c44-fb4fedb339a0",
      "index": 22,
      "timestamp": "2024-12-02T08:38:13.705Z",
      "hash": "8/+I4ROmjbsrv4snmD4OXdztrRs=",
      "skip": 0
    },
    {
      "type": "SET_STATE_SCHEMA",
      "input": {
        "schema": "type AtlasFeedbackIssuesState {\n  \"\"\"\"\"\"\n  issues: [Issue!]!\n}\n\ntype Issue {\n  phid: PHID!\n  creatorAddress: EthereumAddress!\n  relevantNotionIds: [String!]!\n  createdAt: DateTime!\n  lastEditedAt: DateTime!\n  threadUrl: URL!\n  comments: [Comment!]!\n}\n\ntype Comment {\n  phid: PHID!\n  issuePhid: PHID!\n  creatorAddress: EthereumAddress!\n  content: String!\n  createdAt: DateTime!\n  lastEditedAt: DateTime!\n}",
        "scope": "global"
      },
      "scope": "global",
      "id": "f8efc427-d599-4a33-9964-100d39972f02",
      "index": 23,
      "timestamp": "2024-12-02T08:38:23.268Z",
      "hash": "P5+KNvf7ZhHMvQM+72p0ASzNDdg=",
      "skip": 0
    },
    {
      "type": "SET_STATE_SCHEMA",
      "input": {
        "schema": "type AtlasFeedbackIssuesState {\n  \"\"\"\n  The list of issues submitted to the Atlas\n  \"\"\"\n  issues: [Issue!]!\n}\n\ntype Issue {\n  phid: PHID!\n  creatorAddress: EthereumAddress!\n  relevantNotionIds: [String!]!\n  createdAt: DateTime!\n  lastEditedAt: DateTime!\n  threadUrl: URL!\n  comments: [Comment!]!\n}\n\ntype Comment {\n  phid: PHID!\n  issuePhid: PHID!\n  creatorAddress: EthereumAddress!\n  content: String!\n  createdAt: DateTime!\n  lastEditedAt: DateTime!\n}",
        "scope": "global"
      },
      "scope": "global",
      "id": "331f01b9-1c73-4d97-b4c9-46fea5fc970c",
      "index": 24,
      "timestamp": "2024-12-02T08:38:44.480Z",
      "hash": "FOylq5ki6TC1DitWWXej+r/5Bj4=",
      "skip": 0
    },
    {
      "type": "SET_STATE_SCHEMA",
      "input": {
        "schema": "type AtlasFeedbackIssuesState {\n  \"\"\"\n  The list of issues submitted to the Atlas.\n  \"\"\"\n  issues: [Issue!]!\n}\n\n\"\"\"\nAn issue that has been submitted to the Atlas.\nHolds a list of comments pertaining to specific items in the Atlas.\n\"\"\"\ntype Issue {\n  phid: PHID!\n  creatorAddress: EthereumAddress!\n  relevantNotionIds: [String!]!\n  createdAt: DateTime!\n  lastEditedAt: DateTime!\n  threadUrl: URL!\n  comments: [Comment!]!\n}\n\ntype Comment {\n  phid: PHID!\n  issuePhid: PHID!\n  creatorAddress: EthereumAddress!\n  content: String!\n  createdAt: DateTime!\n  lastEditedAt: DateTime!\n}",
        "scope": "global"
      },
      "scope": "global",
      "id": "4df32763-f77d-43d3-9ea6-d1c68da090f2",
      "index": 25,
      "timestamp": "2024-12-02T08:39:31.338Z",
      "hash": "3T8frysplAxa2LU46J29WfnQH40=",
      "skip": 0
    },
    {
      "type": "SET_STATE_SCHEMA",
      "input": {
        "schema": "type AtlasFeedbackIssuesState {\n  \"\"\"\n  The list of issues submitted to the Atlas.\n  \"\"\"\n  issues: [Issue!]!\n}\n\n\"\"\"\nAn issue that has been submitted to the Atlas.\n\nHolds a list of comments pertaining to specific items in the Atlas.\n\nUses the same identifiers to register the relevant content as are used in the Atlas itself. These identifiers are the UUID's used by Notion, sometimes with a suffix of a part of the ite\n\"\"\"\ntype Issue {\n  phid: PHID!\n  creatorAddress: EthereumAddress!\n  relevantNotionIds: [String!]!\n  createdAt: DateTime!\n  lastEditedAt: DateTime!\n  threadUrl: URL!\n  comments: [Comment!]!\n}\n\ntype Comment {\n  phid: PHID!\n  issuePhid: PHID!\n  creatorAddress: EthereumAddress!\n  content: String!\n  createdAt: DateTime!\n  lastEditedAt: DateTime!\n}",
        "scope": "global"
      },
      "scope": "global",
      "id": "f096b18f-d401-4575-b737-06c20ff1f4ba",
      "index": 26,
      "timestamp": "2024-12-02T08:40:50.274Z",
      "hash": "7B13UA8BWE6aArBAKZIykLzggY4=",
      "skip": 0
    },
    {
      "type": "SET_STATE_SCHEMA",
      "input": {
        "schema": "type AtlasFeedbackIssuesState {\n  \"\"\"\n  The list of issues submitted to the Atlas.\n  \"\"\"\n  issues: [Issue!]!\n}\n\n\"\"\"\nAn issue that has been submitted to the Atlas.\n\nHolds a list of comments pertaining to specific items in the Atlas.\n\nUses the same identifiers to register the relevant content as are used in the Atlas itself. These identifiers are the UUID's used by Notion, sometimes with a suffix of a part of the item's parent \n\"\"\"\ntype Issue {\n  phid: PHID!\n  creatorAddress: EthereumAddress!\n  relevantNotionIds: [String!]!\n  createdAt: DateTime!\n  lastEditedAt: DateTime!\n  threadUrl: URL!\n  comments: [Comment!]!\n}\n\ntype Comment {\n  phid: PHID!\n  issuePhid: PHID!\n  creatorAddress: EthereumAddress!\n  content: String!\n  createdAt: DateTime!\n  lastEditedAt: DateTime!\n}",
        "scope": "global"
      },
      "scope": "global",
      "id": "489aca0d-7d68-420a-bd03-22a12ea67aaa",
      "index": 27,
      "timestamp": "2024-12-02T08:40:57.033Z",
      "hash": "lV8SGqVaVoTlMYpb3ghhbG4ybcY=",
      "skip": 0
    },
    {
      "type": "SET_STATE_SCHEMA",
      "input": {
        "schema": "type AtlasFeedbackIssuesState {\n  \"\"\"\n  The list of issues submitted to the Atlas.\n  \"\"\"\n  issues: [Issue!]!\n}\n\n\"\"\"\nAn issue that has been submitted to the Atlas.\n\nHolds a list of comments pertaining to specific items in the Atlas.\n\nUses the same identifiers to register the relevant content as are used in the Atlas itself. These identifiers are the UUID's used by Notion, sometimes with a suffix of a part of the item's parent for cases where multiple parents exist.\n\"\"\"\ntype Issue {\n  phid: PHID!\n  creatorAddress: EthereumAddress!\n  relevantNotionIds: [String!]!\n  createdAt: DateTime!\n  lastEditedAt: DateTime!\n  threadUrl: URL!\n  comments: [Comment!]!\n}\n\ntype Comment {\n  phid: PHID!\n  issuePhid: PHID!\n  creatorAddress: EthereumAddress!\n  content: String!\n  createdAt: DateTime!\n  lastEditedAt: DateTime!\n}",
        "scope": "global"
      },
      "scope": "global",
      "id": "024c831e-1a9a-4323-86d7-93954f007ec1",
      "index": 28,
      "timestamp": "2024-12-02T08:41:08.170Z",
      "hash": "m64jf/rCQOmtXKcHuQopDCV+1Bs=",
      "skip": 0
    },
    {
      "type": "SET_STATE_SCHEMA",
      "input": {
        "schema": "type AtlasFeedbackIssuesState {\n  \"\"\"\n  The list of issues submitted to the Atlas.\n  \"\"\"\n  issues: [Issue!]!\n}\n\n\"\"\"\nAn issue that has been submitted to the Atlas.\n\nHolds a list of comments pertaining to specific items in the Atlas.\n\nUses the same identifiers to register the relevant content as are used in the Atlas itself. These identifiers are the UUID's used by Notion, sometimes with a suffix of a part of the item's parent for cases where multiple parents exist.\n\"\"\"\ntype Issue {\n  phid: PHID!\n  creatorAddress: EthereumAddress!\n  relevantNotionIds: [String!]!\n  createdAt: DateTime!\n  threadUrl: URL!\n  comments: [Comment!]!\n}\n\ntype Comment {\n  phid: PHID!\n  issuePhid: PHID!\n  creatorAddress: EthereumAddress!\n  content: String!\n  createdAt: DateTime!\n  lastEditedAt: DateTime!\n}",
        "scope": "global"
      },
      "scope": "global",
      "id": "b14cf1b5-be69-4327-ab5b-392470e578eb",
      "index": 29,
      "timestamp": "2024-12-02T08:42:28.613Z",
      "hash": "TAwU2VTn4FSuHu9IZXAFpiKipRo=",
      "skip": 0
    },
    {
      "type": "SET_STATE_SCHEMA",
      "input": {
        "schema": "type AtlasFeedbackIssuesState {\n  \"\"\"\n  The list of issues submitted to the Atlas.\n  \"\"\"\n  issues: [Issue!]!\n}\n\n\"\"\"\nAn issue that has been submitted to the Atlas.\n\nHolds a list of comments pertaining to specific items in the Atlas.\n\nUses the same identifiers to register the relevant content as are used in the Atlas itself. These identifiers are the UUID's used by Notion, sometimes with a suffix of a part of the item's parent for cases where multiple parents exist.\n\"\"\"\ntype Issue {\n  phid: PHID!\n  creatorAddress: EthereumAddress!\n  relevantNotionIds: [String!]!\n  createdAt: DateTime!\n  threadUrl: URL!\n  comments: [Comment!]!\n}\n\ntype Comment {\n  phid: PHID!\n  creatorAddress: EthereumAddress!\n  content: String!\n  createdAt: DateTime!\n  lastEditedAt: DateTime!\n}",
        "scope": "global"
      },
      "scope": "global",
      "id": "9357c8c8-ceee-4334-8f71-a375c4af52d3",
      "index": 30,
      "timestamp": "2024-12-02T08:42:44.031Z",
      "hash": "qTHVd9BwwPyvnlzWFYKdGymOeXs=",
      "skip": 0
    },
    {
      "type": "SET_STATE_SCHEMA",
      "input": {
        "schema": "type AtlasFeedbackIssuesState {\n  \"\"\"\n  The list of issues submitted to the Atlas.\n  \"\"\"\n  issues: [Issue!]!\n}\n\n\"\"\"\nAn issue that has been submitted to the Atlas.\n\nHolds a list of comments pertaining to specific items in the Atlas.\n\nUses the same identifiers to register the relevant content as are used in the Atlas itself. These identifiers are the UUID's used by Notion, sometimes with a suffix of a part of the item's parent for cases where multiple parents exist.\n\"\"\"\ntype Issue {\n  phid: PHID!\n  creatorAddress: EthereumAddress!\n  relevantNotionIds: [String!]!\n  createdAt: DateTime!\n  threadUrl: URL!\n  comments: [Comment!]!\n}\n\ntype Comment {\n  phid: PHID!\n  creatorAddress: EthereumAddress!\n  relevantNotionId: PHID!\n  content: String!\n  createdAt: DateTime!\n  lastEditedAt: DateTime!\n}",
        "scope": "global"
      },
      "scope": "global",
      "id": "b22b8a9d-8d63-40ba-8114-0ab73e16394f",
      "index": 31,
      "timestamp": "2024-12-02T08:43:08.415Z",
      "hash": "uRwgdkTR2pGm+Zj4IZhrE7r72fY=",
      "skip": 0
    },
    {
      "type": "SET_STATE_SCHEMA",
      "input": {
        "schema": "type AtlasFeedbackIssuesState {\n  \"\"\"\n  The list of issues submitted to the Atlas.\n  \"\"\"\n  issues: [Issue!]!\n}\n\n\"\"\"\nAn issue that has been submitted to the Atlas.\n\nHolds a list of comments pertaining to specific items in the Atlas.\n\nUses the same identifiers to register the relevant content as are used in the Atlas itself. These identifiers are the UUID's used by Notion, sometimes with a suffix of a part of the item's parent for cases where multiple parents exist.\n\"\"\"\ntype Issue {\n  phid: PHID!\n  creatorAddress: EthereumAddress!\n  relevantNotionIds: [String!]!\n  createdAt: DateTime!\n  threadUrl: URL!\n  comments: [Comment!]!\n}\n\n\"\"\"\nIssues are comprised of Comments.\n\n\n\"\"\"\ntype Comment {\n  phid: PHID!\n  creatorAddress: EthereumAddress!\n  relevantNotionId: PHID!\n  content: String!\n  createdAt: DateTime!\n  lastEditedAt: DateTime!\n}",
        "scope": "global"
      },
      "scope": "global",
      "id": "5b1ecb95-8462-46f0-b0d8-227f4eb508b2",
      "index": 32,
      "timestamp": "2024-12-02T08:43:43.292Z",
      "hash": "ypzQL1vOy3lXVp+6PT2lt77Irzk=",
      "skip": 0
    },
    {
      "type": "SET_STATE_SCHEMA",
      "input": {
        "schema": "type AtlasFeedbackIssuesState {\n  \"\"\"\n  The list of issues submitted to the Atlas.\n  \"\"\"\n  issues: [Issue!]!\n}\n\n\"\"\"\nAn issue that has been submitted to the Atlas.\n\nHolds a list of comments pertaining to specific items in the Atlas.\n\nUses the same identifiers to register the relevant content as are used in the Atlas itself. These identifiers are the UUID's used by Notion, sometimes with a suffix of a part of the item's parent for cases where multiple parents exist.\n\nThe relevant Notion IDs are separate from the Notion IDs referenced in the Comments themselves, because we might want to determine the scope of the Issue's content before any actual comments are added yet.\n\"\"\"\ntype Issue {\n  phid: PHID!\n  creatorAddress: EthereumAddress!\n  relevantNotionIds: [String!]!\n  createdAt: DateTime!\n  threadUrl: URL!\n  comments: [Comment!]!\n}\n\n\"\"\"\nIssues are comprised of Comments.\n\nWhen an Issue is first created, it is empty and has no comments. Users can then submit comments which are associated with a given issue.\n\"\"\"\ntype Comment {\n  phid: PHID!\n  creatorAddress: EthereumAddress!\n  relevantNotionId: PHID!\n  content: String!\n  createdAt: DateTime!\n  lastEditedAt: DateTime!\n}",
        "scope": "global"
      },
      "scope": "global",
      "id": "08822c27-13e0-4b3d-86b4-52970a9b7d9f",
      "index": 33,
      "timestamp": "2024-12-02T08:45:10.772Z",
      "hash": "4u0iSeA2OI5ckr7FOoqDxyG7UPc=",
      "skip": 0
    },
    {
      "type": "SET_STATE_SCHEMA",
      "input": {
        "schema": "type AtlasFeedbackIssuesState {\n  \"\"\"\n  The list of issues submitted to the Atlas.\n  \"\"\"\n  issues: [Issue!]!\n}\n\n\"\"\"\nAn issue that has been submitted to the Atlas.\n\nHolds a list of comments pertaining to specific items in the Atlas.\n\nUses the same identifiers to register the relevant content as are used in the Atlas itself. These identifiers are the UUID's used by Notion, sometimes with a suffix of a part of the item's parent for cases where multiple parents exist.\n\nThe relevant Notion IDs are separate from the Notion IDs referenced in the Comments themselves, because we might want to determine the scope of the Issue's content before any actual comments are added yet.\n\"\"\"\ntype Issue {\n  phid: PHID!\n  creatorAddress: EthereumAddress!\n  relevantNotionIds: [String!]!\n  createdAt: DateTime!\n  threadUrl: URL!\n  comments: [Comment!]!\n}\n\n\"\"\"\nIssues are comprised of Comments.\n\nWhen an Issue is first created, it is empty and has no comments. Users can then submit comments which are associated with a given issue.\n\nA comment refers to a specific item from the Atlas. This field is required, but can be changed later. \n\"\"\"\ntype Comment {\n  phid: PHID!\n  creatorAddress: EthereumAddress!\n  relevantNotionId: PHID!\n  content: String!\n  createdAt: DateTime!\n  lastEditedAt: DateTime!\n}",
        "scope": "global"
      },
      "scope": "global",
      "id": "be2ca025-3228-41c7-9c43-06e7d2bb2f97",
      "index": 34,
      "timestamp": "2024-12-02T08:46:10.450Z",
      "hash": "ueUebOlrRokc5tI/Hv746FYqyCU=",
      "skip": 0
    },
    {
      "type": "SET_INITIAL_STATE",
      "input": {
        "initialValue": "{\n  \"issues\": []\n}",
        "scope": "global"
      },
      "scope": "global",
      "id": "b1d9f9fa-b181-49fa-9f5d-dfacdc6a20e2",
      "index": 35,
      "timestamp": "2024-12-02T10:00:12.164Z",
      "hash": "Dhe/IHqnYhBqJkBEElETwx46S+M=",
      "skip": 0
    },
    {
      "type": "ADD_MODULE",
      "input": {
        "id": "YZJPZidNMq9cQt48o60KMbzVZk0=",
        "name": "issues"
      },
      "scope": "global",
      "id": "40815d32-ea17-4de6-8b9c-b9e8f9f51e49",
      "index": 36,
      "timestamp": "2024-12-02T10:02:14.852Z",
      "hash": "CE3TbyhXm7px+t+6HrFd6d5rBCA=",
      "skip": 0
    },
    {
      "type": "ADD_MODULE",
      "input": {
        "id": "Z0AAnbI03Ii8Ql4CTOxjHYqC34s=",
        "name": "comments"
      },
      "scope": "global",
      "id": "e67df35a-1da0-45bf-80db-622e47189a4b",
      "index": 37,
      "timestamp": "2024-12-02T10:02:17.723Z",
      "hash": "Nsn81JQf7N0Iz3GpeZbLQ5Au0us=",
      "skip": 0
    },
    {
      "type": "ADD_OPERATION",
      "input": {
        "id": "S6/a+9eF+PPBQFoCY4m8Ip4KH/Y=",
        "moduleId": "YZJPZidNMq9cQt48o60KMbzVZk0=",
        "name": "CREATE_ISSUE"
      },
      "scope": "global",
      "id": "a195b03a-14ec-4cc9-b1ed-c2a83020d9ed",
      "index": 38,
      "timestamp": "2024-12-02T10:03:39.505Z",
      "hash": "zJKOHLlMm1PDtBWDmDPKQkd9f3g=",
      "skip": 0
    },
    {
      "type": "SET_OPERATION_SCHEMA",
      "input": {
        "id": "S6/a+9eF+PPBQFoCY4m8Ip4KH/Y=",
        "schema": "input CreateIssueInput {\n  \"Add your inputs here\"\n  _placeholder: String\n}"
      },
      "scope": "global",
      "id": "479b03ff-74e3-4e96-8a22-50e9b2b2f1cc",
      "index": 39,
      "timestamp": "2024-12-02T10:03:39.522Z",
      "hash": "Ei6SDMP3v3BPDUMJTxnRiHQoQVE=",
      "skip": 0
    },
    {
      "type": "ADD_OPERATION",
      "input": {
        "id": "eGouUlpibah0LAI8s7kUxz/lh4s=",
        "moduleId": "Z0AAnbI03Ii8Ql4CTOxjHYqC34s=",
        "name": "CREATE_COMMENT"
      },
      "scope": "global",
      "id": "62adb135-1b0d-429a-b215-9f1e2862591c",
      "index": 40,
      "timestamp": "2024-12-02T10:04:00.736Z",
      "hash": "FTCt+aRijvEzS8ympyxXPEfdXzY=",
      "skip": 0
    },
    {
      "type": "SET_OPERATION_SCHEMA",
      "input": {
        "id": "eGouUlpibah0LAI8s7kUxz/lh4s=",
        "schema": "input CreateCommentInput {\n  \"Add your inputs here\"\n  _placeholder: String\n}"
      },
      "scope": "global",
      "id": "40311c43-c1a9-4b48-bc3a-7f7a0d91c393",
      "index": 41,
      "timestamp": "2024-12-02T10:04:00.753Z",
      "hash": "LnW4OxoLRPuYGYkWAwy2k6w8MDU=",
      "skip": 0
    },
    {
      "type": "ADD_OPERATION",
      "input": {
        "id": "CqeN1/sU6fVP5ZJQ6xrhwlzwd8o=",
        "moduleId": "YZJPZidNMq9cQt48o60KMbzVZk0=",
        "name": "DELETE_ISSUE"
      },
      "scope": "global",
      "id": "9ac372c5-7602-4b6e-9fe6-e8c762d07b9a",
      "index": 42,
      "timestamp": "2024-12-02T10:05:36.175Z",
      "hash": "Vgt0X7UGz7GThEQyrC1cMesQ0do=",
      "skip": 0
    },
    {
      "type": "SET_OPERATION_SCHEMA",
      "input": {
        "id": "CqeN1/sU6fVP5ZJQ6xrhwlzwd8o=",
        "schema": "input DeleteIssueInput {\n  \"Add your inputs here\"\n  _placeholder: String\n}"
      },
      "scope": "global",
      "id": "72be6aca-66a5-4ab8-883c-92f4be8d043e",
      "index": 43,
      "timestamp": "2024-12-02T10:05:36.195Z",
      "hash": "jLmpbH8NUj+LpjO0BX+2q1EnqLk=",
      "skip": 0
    },
    {
      "type": "ADD_OPERATION",
      "input": {
        "id": "Rvml7RPRvL9rrLkAwEbVJEbBWTQ=",
        "moduleId": "Z0AAnbI03Ii8Ql4CTOxjHYqC34s=",
        "name": "DELETE_COMMENT"
      },
      "scope": "global",
      "id": "c3f6950e-81d7-44b7-8366-b0142bd2d039",
      "index": 44,
      "timestamp": "2024-12-02T10:05:43.435Z",
      "hash": "WvQidBNEseD5ckgjlsLqrcNDCGQ=",
      "skip": 0
    },
    {
      "type": "SET_OPERATION_SCHEMA",
      "input": {
        "id": "Rvml7RPRvL9rrLkAwEbVJEbBWTQ=",
        "schema": "input DeleteCommentInput {\n  \"Add your inputs here\"\n  _placeholder: String\n}"
      },
      "scope": "global",
      "id": "5fbf665a-5336-4e50-8f97-e5704b9b76c8",
      "index": 45,
      "timestamp": "2024-12-02T10:05:43.452Z",
      "hash": "L+x/dtWOOY2zqtX/oW5IrPVOBy0=",
      "skip": 0
    },
    {
      "type": "ADD_OPERATION",
      "input": {
        "id": "rJi+/Ju9rwI+k39Q4RrsFAH1lRI=",
        "moduleId": "Z0AAnbI03Ii8Ql4CTOxjHYqC34s=",
        "name": "EDIT_COMMENT"
      },
      "scope": "global",
      "id": "8addedf4-8ef4-4b96-a385-81d428528edc",
      "index": 46,
      "timestamp": "2024-12-02T10:06:04.382Z",
      "hash": "1GSFRlythv2v57CkI0bA8XhFoQ0=",
      "skip": 0
    },
    {
      "type": "SET_OPERATION_SCHEMA",
      "input": {
        "id": "rJi+/Ju9rwI+k39Q4RrsFAH1lRI=",
        "schema": "input EditCommentInput {\n  \"Add your inputs here\"\n  _placeholder: String\n}"
      },
      "scope": "global",
      "id": "dba24663-636e-4e50-b21b-946e374a909e",
      "index": 47,
      "timestamp": "2024-12-02T10:06:04.399Z",
      "hash": "iV6RZ3m0m0WFoyGT5VOF9qe85lk=",
      "skip": 0
    },
    {
      "type": "SET_OPERATION_SCHEMA",
      "input": {
        "id": "S6/a+9eF+PPBQFoCY4m8Ip4KH/Y=",
        "schema": "input CreateIssueInput {\n  phid: PHID!\n  creatorAddress: EthereumAddress!\n  relevant\n}"
      },
      "scope": "global",
      "id": "7ba206f3-114c-4034-a508-dc8a5f0c0e7b",
      "index": 48,
      "timestamp": "2024-12-02T10:09:33.655Z",
      "hash": "WzrmbS6LITSQJ16t1Fr31Wvm0Nc=",
      "skip": 0
    },
    {
      "type": "SET_OPERATION_SCHEMA",
      "input": {
        "id": "S6/a+9eF+PPBQFoCY4m8Ip4KH/Y=",
        "schema": "input CreateIssueInput {\n  phid: PHID!\n  creatorAddress: EthereumAddress!\n  relevantNotionId: String!\n}"
      },
      "scope": "global",
      "id": "b7c38de4-7e9e-4c40-9669-5f1747100bb8",
      "index": 49,
      "timestamp": "2024-12-02T10:09:46.909Z",
      "hash": "5HhSfYNg/sxD7kP/5J/9WE2aS9c=",
      "skip": 0
    },
    {
      "type": "SET_STATE_SCHEMA",
      "input": {
        "schema": "type AtlasFeedbackIssuesState {\n  \"\"\"\n  The list of issues submitted to the Atlas.\n  \"\"\"\n  issues: [Issue!]!\n}\n\n\"\"\"\nAn issue that has been submitted to the Atlas.\n\nHolds a list of comments pertaining to specific items in the Atlas.\n\nUses the same identifiers to register the relevant content as are used in the Atlas itself. These identifiers are the UUID's used by Notion, sometimes with a suffix of a part of the item's parent for cases where multiple parents exist.\n\nThe relevant Notion IDs are separate from the Notion IDs referenced in the Comments themselves, because we might want to determine the scope of the Issue's content before any actual comments are added yet.\n\"\"\"\ntype Issue {\n  phid: PHID!\n  creatorAddress: EthereumAddress!\n  relevantNotionIds: [String!]!\n  createdAt: DateTime!\n  threadUrl: URL!\n  comments: [Comment!]!\n}\n\n\"\"\"\nIssues are comprised of Comments.\n\nWhen an Issue is first created, it is empty and has no comments. Users can then submit comments which are associated with a given issue.\n\nA comment refers to a specific item from the Atlas. This field is required, but can be changed later. \n\"\"\"\ntype Comment {\n  phid: PHID!\n  creatorAddress: EthereumAddress!\n  relevantNotionId: String!\n  content: String!\n  createdAt: DateTime!\n  lastEditedAt: DateTime!\n}",
        "scope": "global"
      },
      "scope": "global",
      "id": "cb4035ac-397b-48a6-85f2-8331949f7bbe",
      "index": 50,
      "timestamp": "2024-12-02T10:09:52.237Z",
      "hash": "uNVf3Z9BLHo+85ODA2PIGHo2zSk=",
      "skip": 0
    },
    {
      "type": "SET_OPERATION_SCHEMA",
      "input": {
        "id": "S6/a+9eF+PPBQFoCY4m8Ip4KH/Y=",
        "schema": "input CreateIssueInput {\n  phid: PHID!\n  issuePhid: PHID!\n  creatorAddress: EthereumAddress!\n  relevantNotionId: String!\n}"
      },
      "scope": "global",
      "id": "8f08bae3-38c0-4864-8ca1-76c366d39ccc",
      "index": 51,
      "timestamp": "2024-12-02T10:11:05.343Z",
      "hash": "O7AOqIMRXwBRB143+Z941Tt+lzY=",
      "skip": 0
    },
    {
      "type": "SET_OPERATION_SCHEMA",
      "input": {
        "id": "S6/a+9eF+PPBQFoCY4m8Ip4KH/Y=",
        "schema": "input CreateIssueInput {\n  phid: PHID!\n  issuePhid: PHID!\n  creatorAddress: EthereumAddress!\n  relevantNotionId: String!\n  content: String!\n}"
      },
      "scope": "global",
      "id": "978a4249-fdcc-4f97-a0b8-f9ea37b55d48",
      "index": 52,
      "timestamp": "2024-12-02T10:11:21.222Z",
      "hash": "GcYXczKP0axBYGzyWpaRcm8tlFs=",
      "skip": 0
    },
    {
      "type": "SET_OPERATION_SCHEMA",
      "input": {
        "id": "S6/a+9eF+PPBQFoCY4m8Ip4KH/Y=",
        "schema": "input CreateIssueInput {\n  \n}"
      },
      "scope": "global",
      "id": "e0763a78-4f09-48cd-a315-070820e5936f",
      "index": 53,
      "timestamp": "2024-12-02T10:11:51.868Z",
      "hash": "HQ0oW7Vfonj6ebdr+9SgFuxqCDs=",
      "skip": 0
    },
    {
      "type": "SET_OPERATION_SCHEMA",
      "input": {
        "id": "eGouUlpibah0LAI8s7kUxz/lh4s=",
        "schema": "input CreateCommentInput {\n  phid: PHID!\n  issuePhid: PHID!\n  creatorAddress: EthereumAddress!\n  relevantNotionId: String!\n  content: String!\n}"
      },
      "scope": "global",
      "id": "525ff25b-6896-41d9-8a1f-01cfa9e63af4",
      "index": 54,
      "timestamp": "2024-12-02T10:11:56.362Z",
      "hash": "UOlmZyozapocmIlPPcCRiEAOhEA=",
      "skip": 0
    },
    {
      "type": "SET_OPERATION_SCHEMA",
      "input": {
        "id": "S6/a+9eF+PPBQFoCY4m8Ip4KH/Y=",
        "schema": "input CreateIssueInput {\n  phid: PHID!\n  creatorAddress: EthereumAddress!\n  \n}"
      },
      "scope": "global",
      "id": "c77c6213-479e-45a8-b0dd-69c27c5267cc",
      "index": 55,
      "timestamp": "2024-12-02T10:12:20.617Z",
      "hash": "5hrzxfFLv5CIUuWEI2w3sbOIa8Y=",
      "skip": 0
    },
    {
      "type": "SET_OPERATION_SCHEMA",
      "input": {
        "id": "S6/a+9eF+PPBQFoCY4m8Ip4KH/Y=",
        "schema": "input CreateIssueInput {\n  phid: PHID!\n  creatorAddress: EthereumAddress!\n  relevantNotionIds: [String]!\n}"
      },
      "scope": "global",
      "id": "eb33e583-1b74-48ae-8aa0-b9783609fdae",
      "index": 56,
      "timestamp": "2024-12-02T10:13:05.321Z",
      "hash": "VMF2l5w5pJ6dpNjbe2MiaPFTr38=",
      "skip": 0
    },
    {
      "type": "SET_OPERATION_SCHEMA",
      "input": {
        "id": "CqeN1/sU6fVP5ZJQ6xrhwlzwd8o=",
        "schema": "input DeleteIssueInput {\n  phid: PHID!\n}"
      },
      "scope": "global",
      "id": "85e6f16f-78ce-4997-a0b6-62a869b3ab3b",
      "index": 57,
      "timestamp": "2024-12-02T10:13:35.279Z",
      "hash": "1Eft+GhbhdLFwoTpZfkgoQXo3ug=",
      "skip": 0
    },
    {
      "type": "SET_OPERATION_SCHEMA",
      "input": {
        "id": "Rvml7RPRvL9rrLkAwEbVJEbBWTQ=",
        "schema": "input DeleteCommentInput {\n  phid: PHID!\n  issuePhid: PHID!\n}"
      },
      "scope": "global",
      "id": "99847777-4dab-4ea9-874b-ea4c3eaef47c",
      "index": 58,
      "timestamp": "2024-12-02T10:14:11.237Z",
      "hash": "pqYiKakS0G1fPlOB/9+bFOSO5Vg=",
      "skip": 0
    },
    {
      "type": "SET_OPERATION_SCHEMA",
      "input": {
        "id": "rJi+/Ju9rwI+k39Q4RrsFAH1lRI=",
        "schema": "input EditCommentInput {\n  phid: PHID!\n  issuePhid: PHID!\n}"
      },
      "scope": "global",
      "id": "e0d36109-3b51-45eb-93d1-4d204aed7e87",
      "index": 59,
      "timestamp": "2024-12-02T10:14:12.962Z",
      "hash": "28+A1vmdokhO4P1G8BfSCvx6bMI=",
      "skip": 0
    },
    {
      "type": "SET_OPERATION_SCHEMA",
      "input": {
        "id": "rJi+/Ju9rwI+k39Q4RrsFAH1lRI=",
        "schema": "input EditCommentInput {\n  phid: PHID!\n  issuePhid: PHID!\n  relevantNotionId: String\n  content: String\n}"
      },
      "scope": "global",
      "id": "e10f185e-bebd-4907-abbe-4a37442f3b2f",
      "index": 60,
      "timestamp": "2024-12-02T10:14:31.204Z",
      "hash": "pYGWWOLpmXaP5XveV3O9JiuQw1I=",
      "skip": 0
    },
    {
      "type": "SET_MODEL_ID",
      "input": {
        "id": "makerdao/feedback-issues"
      },
      "scope": "global",
      "id": "3e3a2784-a2fe-4b85-9339-b4f12c348e1f",
      "index": 61,
      "timestamp": "2024-12-02T10:17:52.757Z",
      "hash": "KCdKS9H6kN87k9mQCxWVXVBIWRg=",
      "skip": 0
    },
    {
      "type": "SET_OPERATION_SCHEMA",
      "input": {
        "id": "S6/a+9eF+PPBQFoCY4m8Ip4KH/Y=",
        "schema": "input CreateIssueInput {\n  phid: PHID!\n  relevantNotionIds: [String]!\n}"
      },
      "scope": "global",
      "id": "8753864a-36b7-4c71-8f50-0c3782020611",
      "index": 62,
      "timestamp": "2024-12-02T11:45:20.600Z",
      "hash": "3kx5U5p202gBJ8LjqpS5DRo7L4g=",
      "skip": 0
    },
    {
      "type": "SET_OPERATION_SCHEMA",
      "input": {
        "id": "eGouUlpibah0LAI8s7kUxz/lh4s=",
        "schema": "input CreateCommentInput {\n  phid: PHID!\n  issuePhid: PHID!\n  relevantNotionId: String!\n  content: String!\n}"
      },
      "scope": "global",
      "id": "627d2ea0-87bf-4b0b-accf-faf39cceb184",
      "index": 63,
      "timestamp": "2024-12-02T11:45:48.583Z",
      "hash": "iJYTPEsRQUQqu4yR4EPh5tmfprU=",
      "skip": 0
    },
    {
      "type": "SET_OPERATION_DESCRIPTION",
      "input": {
        "id": "S6/a+9eF+PPBQFoCY4m8Ip4KH/Y=",
        "description": "Create a new issue"
      },
      "scope": "global",
      "id": "0df19fed-b280-4ae0-b941-3cb461da153a",
      "index": 64,
      "timestamp": "2024-12-02T12:07:34.840Z",
      "hash": "ZWKRSs9JdLex/JIsDWPAwaUe8GU=",
      "skip": 0
    },
    {
      "type": "ADD_OPERATION_ERROR",
      "input": {
        "id": "dSl06rQMOJJ7oZG2G2B4UieWqy0=",
        "operationId": "S6/a+9eF+PPBQFoCY4m8Ip4KH/Y=",
        "errorName": "PhidAlreadyExists"
      },
      "scope": "global",
      "id": "c49c721c-9bab-40bb-a259-da0a2cfa65c6",
      "index": 65,
      "timestamp": "2024-12-02T12:07:41.231Z",
      "hash": "AWN7s0YW8498GFuP+zFdl8QVIxE=",
      "skip": 0
    },
    {
      "type": "SET_OPERATION_DESCRIPTION",
      "input": {
        "id": "CqeN1/sU6fVP5ZJQ6xrhwlzwd8o=",
        "description": "Delete an issue"
      },
      "scope": "global",
      "id": "c9ce0cba-bc12-4e30-97a9-e93c5dbd02fd",
      "index": 66,
      "timestamp": "2024-12-02T12:07:51.086Z",
      "hash": "VZ6q2vJ2iFtdWtcwo/bXhSu2GrY=",
      "skip": 0
    },
    {
      "type": "ADD_OPERATION_ERROR",
      "input": {
        "id": "/A0k/icghjoQD68t8EeR6JqHP/Q=",
        "operationId": "CqeN1/sU6fVP5ZJQ6xrhwlzwd8o=",
        "errorName": "PhidDoesNotExist"
      },
      "scope": "global",
      "id": "f7680ae9-9b5d-47be-9573-e38cf27ac2b1",
      "index": 67,
      "timestamp": "2024-12-02T12:07:56.312Z",
      "hash": "eC0TIB47qCdnti5n3S/Sh2tVhXA=",
      "skip": 0
    },
    {
      "type": "SET_OPERATION_DESCRIPTION",
      "input": {
        "id": "eGouUlpibah0LAI8s7kUxz/lh4s=",
        "description": "Add a comment to an issue"
      },
      "scope": "global",
      "id": "88375744-7e9f-450f-826e-547c4c423cf1",
      "index": 68,
      "timestamp": "2024-12-02T12:08:04.483Z",
      "hash": "xT8TS2nN02/KdY9bTgjDOpWfVH4=",
      "skip": 0
    },
    {
      "type": "ADD_OPERATION_ERROR",
      "input": {
        "id": "4cJLsSgTu0iKKXJ/F5Lz3tQNcZQ=",
        "operationId": "eGouUlpibah0LAI8s7kUxz/lh4s=",
        "errorName": "PhidAlreadyExists"
      },
      "scope": "global",
      "id": "3a34480b-0b1d-430f-b127-727a851686eb",
      "index": 69,
      "timestamp": "2024-12-02T12:08:17.504Z",
      "hash": "fxM7+kHvlU1G4kYQYnE3DN53Pxw=",
      "skip": 0
    },
    {
      "type": "ADD_OPERATION_ERROR",
      "input": {
        "id": "JRQB43Go1yter2yBM4w+Y77k+g4=",
        "operationId": "eGouUlpibah0LAI8s7kUxz/lh4s=",
        "errorName": "IssuePhidDoesNotExist"
      },
      "scope": "global",
      "id": "724ffc04-1f2e-4047-ad36-81680b3675b5",
      "index": 70,
      "timestamp": "2024-12-02T12:08:24.041Z",
      "hash": "voiTH7/Z5L8W9tLrb5SE6NybpCk=",
      "skip": 0
    },
    {
      "type": "SET_OPERATION_DESCRIPTION",
      "input": {
        "id": "Rvml7RPRvL9rrLkAwEbVJEbBWTQ=",
        "description": "Delete a comment from an issue"
      },
      "scope": "global",
      "id": "2976693b-e7a3-4f72-92eb-88c5a6a1c340",
      "index": 71,
      "timestamp": "2024-12-02T12:08:35.856Z",
      "hash": "8XNsPOiO3EaXSyh2sCdQlcx4K5M=",
      "skip": 0
    },
    {
      "type": "ADD_OPERATION_ERROR",
      "input": {
        "id": "h+fX1k+dyUnp+h22Y31OS/uzRIs=",
        "operationId": "Rvml7RPRvL9rrLkAwEbVJEbBWTQ=",
        "errorName": "PhidDoesNotExist"
      },
      "scope": "global",
      "id": "0bd030f7-dce4-416a-9e90-e1bdb54c1286",
      "index": 72,
      "timestamp": "2024-12-02T12:08:41.738Z",
      "hash": "BER8gy5WW2DgAHfn0EsmbqPZGaM=",
      "skip": 0
    },
    {
      "type": "ADD_OPERATION_ERROR",
      "input": {
        "id": "Yg6obzRH7ismUNnB5U6E4BBrRYk=",
        "operationId": "Rvml7RPRvL9rrLkAwEbVJEbBWTQ=",
        "errorName": "IssuePhidDoesNotExist"
      },
      "scope": "global",
      "id": "e6af51f7-b2bc-4990-9aaa-324393f5b4d9",
      "index": 73,
      "timestamp": "2024-12-02T12:08:48.534Z",
      "hash": "44ZylhcvmfZgIt4v1voxOpqQj4M=",
      "skip": 0
    },
    {
      "type": "SET_OPERATION_DESCRIPTION",
      "input": {
        "id": "rJi+/Ju9rwI+k39Q4RrsFAH1lRI=",
        "description": "Edit a comment in an issue"
      },
      "scope": "global",
      "id": "9895d830-4781-4f55-8656-109872a4af3c",
      "index": 74,
      "timestamp": "2024-12-02T12:09:20.134Z",
      "hash": "E1J0eEZqAncXxv/WV50KDlpcBqQ=",
      "skip": 0
    },
    {
      "type": "ADD_OPERATION_ERROR",
      "input": {
        "id": "P4fCPIEh3PVFsyFE5Lx1wTLTxsU=",
        "operationId": "rJi+/Ju9rwI+k39Q4RrsFAH1lRI=",
        "errorName": "PhidDoesNotExist"
      },
      "scope": "global",
      "id": "ed30360f-8777-45dc-b132-57dbf82fbd3d",
      "index": 75,
      "timestamp": "2024-12-02T12:09:25.041Z",
      "hash": "tlrwZG64D7/leWe4eWx6nLXHQvE=",
      "skip": 0
    },
    {
      "type": "ADD_OPERATION_ERROR",
      "input": {
        "id": "UrzfLIra9ZugNTknETBfRC9SciA=",
        "operationId": "rJi+/Ju9rwI+k39Q4RrsFAH1lRI=",
        "errorName": "IssuePhidDoesNotExist"
      },
      "scope": "global",
      "id": "87c8155f-0444-48e6-8947-18dc3381dc76",
      "index": 76,
      "timestamp": "2024-12-02T12:09:32.566Z",
      "hash": "0QsLwRHPUl1ulP3wLTFrb/HnhMc=",
      "skip": 0
    },
    {
      "type": "DELETE_OPERATION_ERROR",
      "input": {
        "id": "dSl06rQMOJJ7oZG2G2B4UieWqy0="
      },
      "scope": "global",
      "id": "2dcabdb1-6d3f-4188-80ee-1827a4ed9550",
      "index": 77,
      "timestamp": "2024-12-10T14:05:39.984Z",
      "hash": "CqcMYG66/gKX6KbwVtm2qW1MGSc=",
      "skip": 0
    },
    {
      "type": "DELETE_OPERATION_ERROR",
      "input": {
        "id": "/A0k/icghjoQD68t8EeR6JqHP/Q="
      },
      "scope": "global",
      "id": "aaa90d91-0c47-47ae-8835-0be5e151ba37",
      "index": 78,
      "timestamp": "2024-12-10T14:05:46.905Z",
      "hash": "UYd0iPzkij/1DIPunRafwTwuUWM=",
      "skip": 0
    },
    {
      "type": "DELETE_OPERATION_ERROR",
      "input": {
        "id": "4cJLsSgTu0iKKXJ/F5Lz3tQNcZQ="
      },
      "scope": "global",
      "id": "020c405f-922a-4a03-824f-ae1a53264a25",
      "index": 79,
      "timestamp": "2024-12-10T14:05:49.257Z",
      "hash": "rI4GViuyENjQOFfD+z0ELTSvA/g=",
      "skip": 0
    },
    {
      "type": "DELETE_OPERATION_ERROR",
      "input": {
        "id": "JRQB43Go1yter2yBM4w+Y77k+g4="
      },
      "scope": "global",
      "id": "af8d2a51-cb5d-4948-b007-341ddbdb597f",
      "index": 80,
      "timestamp": "2024-12-10T14:05:50.201Z",
      "hash": "S9p6NqFOHUJInGnrROS0R2eARNw=",
      "skip": 0
    },
    {
      "type": "DELETE_OPERATION_ERROR",
      "input": {
        "id": "h+fX1k+dyUnp+h22Y31OS/uzRIs="
      },
      "scope": "global",
      "id": "7b475806-8ca8-4044-bccb-5f2ee8c2a84b",
      "index": 81,
      "timestamp": "2024-12-10T14:05:53.023Z",
      "hash": "/PRLHOXIPhlpvHWHyIl+wNoKdSk=",
      "skip": 0
    },
    {
      "type": "DELETE_OPERATION_ERROR",
      "input": {
        "id": "Yg6obzRH7ismUNnB5U6E4BBrRYk="
      },
      "scope": "global",
      "id": "db911eff-05c9-4cf2-976e-a4fe496f3bcb",
      "index": 82,
      "timestamp": "2024-12-10T14:05:54.022Z",
      "hash": "8w3JAdx63Y+dpNqHQMTqtL2iLqQ=",
      "skip": 0
    },
    {
      "type": "DELETE_OPERATION_ERROR",
      "input": {
        "id": "P4fCPIEh3PVFsyFE5Lx1wTLTxsU="
      },
      "scope": "global",
      "id": "f8ffd623-eb67-4632-b3f1-368b0f6b7534",
      "index": 83,
      "timestamp": "2024-12-10T14:05:55.411Z",
      "hash": "CiYWbR3WZwkc1k2uhaJ4eVmak5I=",
      "skip": 0
    },
    {
      "type": "DELETE_OPERATION_ERROR",
      "input": {
        "id": "UrzfLIra9ZugNTknETBfRC9SciA="
      },
      "scope": "global",
      "id": "03d63192-8dda-4894-88c9-77e440fde6e0",
      "index": 84,
      "timestamp": "2024-12-10T14:05:56.269Z",
      "hash": "cGwCUoEloUlu6QydciM+2ZOouys=",
      "skip": 0
    },
    {
      "type": "ADD_OPERATION",
      "input": {
        "id": "V73o2ytGItUtVjP6MIZcL0wQO18=",
        "moduleId": "YZJPZidNMq9cQt48o60KMbzVZk0=",
        "name": "ADD_RELEVANT_NOTION_ID"
      },
      "scope": "global",
      "id": "a3667cae-7abd-4734-9068-75097a58d622",
      "index": 85,
      "timestamp": "2024-12-10T14:06:38.719Z",
      "hash": "e2+fS3oF9wERcy/izvJJebmRXfk=",
      "skip": 0
    },
    {
      "type": "SET_OPERATION_SCHEMA",
      "input": {
        "id": "V73o2ytGItUtVjP6MIZcL0wQO18=",
        "schema": "input AddRelevantNotionIdInput {\n  \"Add your inputs here\"\n  _placeholder: String\n}"
      },
      "scope": "global",
      "id": "425af978-bc3e-452e-9829-a5d5c06b103d",
      "index": 86,
      "timestamp": "2024-12-10T14:06:38.759Z",
      "hash": "Jdk0WgUmrCAY2Ihg6CFekTHEaao=",
      "skip": 0
    },
    {
      "type": "SET_OPERATION_SCHEMA",
      "input": {
        "id": "V73o2ytGItUtVjP6MIZcL0wQO18=",
        "schema": "input AddRelevantNotionIdInput {\n  phid: PHID!\n  notionId: String!\n}"
      },
      "scope": "global",
      "id": "0651aa6e-675b-4315-b2ce-787766e3a750",
      "index": 87,
      "timestamp": "2024-12-10T14:07:04.402Z",
      "hash": "ZXvTt5zzoTRmhQhQK3ywjbMOj+8=",
      "skip": 0
    },
    {
      "type": "ADD_OPERATION",
      "input": {
        "id": "wyd6+UZr08r07DnTf6lF2JA5QXU=",
        "moduleId": "YZJPZidNMq9cQt48o60KMbzVZk0=",
        "name": "REMOVE_RELEVANT_NOTION_ID"
      },
      "scope": "global",
      "id": "cc79c591-e14e-4006-86b2-63ee79800421",
      "index": 88,
      "timestamp": "2024-12-10T14:07:28.510Z",
      "hash": "UKnLQhYQaxYbe3+VRhD+UvcPzL0=",
      "skip": 0
    },
    {
      "type": "SET_OPERATION_SCHEMA",
      "input": {
        "id": "wyd6+UZr08r07DnTf6lF2JA5QXU=",
        "schema": "input RemoveRelevantNotionIdInput {\n  \"Add your inputs here\"\n  _placeholder: String\n}"
      },
      "scope": "global",
      "id": "23c5d4d3-d59a-4abe-a895-44628cedb3c2",
      "index": 89,
      "timestamp": "2024-12-10T14:07:28.553Z",
      "hash": "MGEO6ztG93EmRD3SWtdah4jCi4s=",
      "skip": 0
    },
    {
      "type": "SET_OPERATION_SCHEMA",
      "input": {
        "id": "wyd6+UZr08r07DnTf6lF2JA5QXU=",
        "schema": "input RemoveRelevantNotionIdInput {\n  notionId: String!\n}"
      },
      "scope": "global",
      "id": "3539de93-1a48-4f30-835e-bc1cef4549a4",
      "index": 90,
      "timestamp": "2024-12-10T14:07:35.665Z",
      "hash": "zkCTdcQIJRIvuZvGrIEKSXKiAVs=",
      "skip": 0
    },
    {
      "type": "SET_STATE_SCHEMA",
      "input": {
        "schema": "type AtlasFeedbackIssuesState {\n  \"\"\"\n  The list of issues submitted to the Atlas.\n  \"\"\"\n  issues: [Issue!]!\n}\n\n\"\"\"\nAn issue that has been submitted to the Atlas.\n\nHolds a list of comments pertaining to specific items in the Atlas.\n\nUses the same identifiers to register the relevant content as are used in the Atlas itself. These identifiers are the UUID's used by Notion, sometimes with a suffix of a part of the item's parent for cases where multiple parents exist.\n\nThe relevant Notion IDs are separate from the Notion IDs referenced in the Comments themselves, because we might want to determine the scope of the Issue's content before any actual comments are added yet.\n\"\"\"\ntype Issue {\n  phid: PHID!\n  creatorAddress: EthereumAddress!\n  relevantNotionIds: [String!]!\n  createdAt: DateTime!\n  comments: [Comment!]!\n}\n\n\"\"\"\nIssues are comprised of Comments.\n\nWhen an Issue is first created, it is empty and has no comments. Users can then submit comments which are associated with a given issue.\n\nA comment refers to a specific item from the Atlas. This field is required, but can be changed later. \n\"\"\"\ntype Comment {\n  phid: PHID!\n  creatorAddress: EthereumAddress!\n  relevantNotionId: String!\n  content: String!\n  createdAt: DateTime!\n  lastEditedAt: DateTime!\n}",
        "scope": "global"
      },
      "scope": "global",
      "id": "616d4541-619d-4899-8346-7b75f1fcebc2",
      "index": 91,
      "timestamp": "2024-12-10T14:09:50.648Z",
      "hash": "8CcAL8k2yMNQ4u+ygUZmfxgZMzc=",
      "skip": 0
    },
    {
      "type": "SET_STATE_SCHEMA",
      "input": {
        "schema": "type AtlasFeedbackIssuesState {\n  \"\"\"\n  The list of issues submitted to the Atlas.\n  \"\"\"\n  issues: [Issue!]!\n}\n\n\"\"\"\nAn issue that has been submitted to the Atlas.\n\nHolds a list of comments pertaining to specific items in the Atlas.\n\nUses the same identifiers to register the relevant content as are used in the Atlas itself. These identifiers are the UUID's used by Notion, sometimes with a suffix of a part of the item's parent for cases where multiple parents exist.\n\nThe relevant Notion IDs are separate from the Notion IDs referenced in the Comments themselves, because we might want to determine the scope of the Issue's content before any actual comments are added yet.\n\"\"\"\ntype Issue {\n  phid: PHID!\n  creatorAddress: EthereumAddress!\n  notionIds: [String!]!\n  createdAt: DateTime!\n  comments: [Comment!]!\n}\n\n\"\"\"\nIssues are comprised of Comments.\n\nWhen an Issue is first created, it is empty and has no comments. Users can then submit comments which are associated with a given issue.\n\nA comment refers to a specific item from the Atlas. This field is required, but can be changed later. \n\"\"\"\ntype Comment {\n  phid: PHID!\n  creatorAddress: EthereumAddress!\n  relevantNotionId: String!\n  content: String!\n  createdAt: DateTime!\n  lastEditedAt: DateTime!\n}",
        "scope": "global"
      },
      "scope": "global",
      "id": "26c554bc-d686-407a-8980-ed0a065851a4",
      "index": 92,
      "timestamp": "2024-12-10T14:10:03.136Z",
      "hash": "VS9E4/TyGjVFlYjhwC4DHEk0PeQ=",
      "skip": 0
    },
    {
      "type": "SET_STATE_SCHEMA",
      "input": {
        "schema": "type AtlasFeedbackIssuesState {\n  \"\"\"\n  The list of issues submitted to the Atlas.\n  \"\"\"\n  issues: [Issue!]!\n}\n\n\"\"\"\nAn issue that has been submitted to the Atlas.\n\nHolds a list of comments pertaining to specific items in the Atlas.\n\nUses the same identifiers to register the relevant content as are used in the Atlas itself. These identifiers are the UUID's used by Notion, sometimes with a suffix of a part of the item's parent for cases where multiple parents exist.\n\nThe relevant Notion IDs are separate from the Notion IDs referenced in the Comments themselves, because we might want to determine the scope of the Issue's content before any actual comments are added yet.\n\"\"\"\ntype Issue {\n  phid: PHID!\n  creatorAddress: EthereumAddress!\n  notionIds: [String!]!\n  createdAt: DateTime!\n  comments: [Comment!]!\n}\n\n\"\"\"\nIssues are comprised of Comments.\n\nWhen an Issue is first created, it is empty and has no comments. Users can then submit comments which are associated with a given issue.\n\nA comment refers to a specific item from the Atlas. This field is required, but can be changed later. \n\"\"\"\ntype Comment {\n  phid: PHID!\n  creatorAddress: EthereumAddress!\n  notionId: String!\n  content: String!\n  createdAt: DateTime!\n  lastEditedAt: DateTime!\n}",
        "scope": "global"
      },
      "scope": "global",
      "id": "30c1d6d1-580b-495c-9c56-3c5000e2abe9",
      "index": 93,
      "timestamp": "2024-12-10T14:10:15.220Z",
      "hash": "wl0TvRJMAyfuOJKKnBdeJJlG/qE=",
      "skip": 0
    },
    {
      "type": "SET_OPERATION_SCHEMA",
      "input": {
        "id": "S6/a+9eF+PPBQFoCY4m8Ip4KH/Y=",
        "schema": "input CreateIssueInput {\n  phid: PHID!\n  notionIds: [String]!\n}"
      },
      "scope": "global",
      "id": "f4a8834e-24b5-4a2e-9a87-03552596d18b",
      "index": 94,
      "timestamp": "2024-12-10T14:10:25.000Z",
      "hash": "A74dmWayW10f7Rpe/s7LibV670A=",
      "skip": 0
    },
    {
      "type": "SET_OPERATION_NAME",
      "input": {
        "id": "V73o2ytGItUtVjP6MIZcL0wQO18=",
        "name": "ADD_NOTION_ID"
      },
      "scope": "global",
      "id": "c80b27bb-6e2b-49fd-8298-6acc937f24cf",
      "index": 95,
      "timestamp": "2024-12-10T14:10:27.924Z",
      "hash": "J+v0KKI0qVVbZYUDWuPK8plGwAw=",
      "skip": 0
    },
    {
      "type": "SET_OPERATION_NAME",
      "input": {
        "id": "wyd6+UZr08r07DnTf6lF2JA5QXU=",
        "name": "REMOVE_NOTION_ID"
      },
      "scope": "global",
      "id": "94c48b59-209d-4a81-a014-1e6fb270a626",
      "index": 96,
      "timestamp": "2024-12-10T14:10:32.256Z",
      "hash": "1uEbN1dzHR6Wtpxs01mMBfR+uWA=",
      "skip": 0
    },
    {
      "type": "SET_OPERATION_SCHEMA",
      "input": {
        "id": "V73o2ytGItUtVjP6MIZcL0wQO18=",
        "schema": "input AddNotionIdInput {\n  phid: PHID!\n  notionId: String!\n}"
      },
      "scope": "global",
      "id": "f70d3bcf-bdb2-4a5a-a4f5-baafd67f4a34",
      "index": 97,
      "timestamp": "2024-12-10T14:10:35.326Z",
      "hash": "1Cmr0GPPHRxtLAamzCaykMYUCSQ=",
      "skip": 0
    },
    {
      "type": "SET_OPERATION_SCHEMA",
      "input": {
        "id": "wyd6+UZr08r07DnTf6lF2JA5QXU=",
        "schema": "input RemoveNotionIdInput {\n  notionId: String!\n}"
      },
      "scope": "global",
      "id": "b9cc5d85-3c80-4f0a-9eb3-1e3b242a3597",
      "index": 98,
      "timestamp": "2024-12-10T14:10:36.811Z",
      "hash": "KHBJyWUoyRmU7Dbdu9MGyboxBz4=",
      "skip": 0
    },
    {
      "type": "SET_OPERATION_SCHEMA",
      "input": {
        "id": "wyd6+UZr08r07DnTf6lF2JA5QXU=",
        "schema": "input RemoveNotionIdInput {\n  phid: PHID!\n  notionId: String!\n}"
      },
      "scope": "global",
      "id": "93c88470-b811-48de-9a5b-4b8e5b2b032e",
      "index": 99,
      "timestamp": "2024-12-10T14:10:46.089Z",
      "hash": "PqRB5WNDEMaWCe9qFJMrY+R0qSA=",
      "skip": 0
    },
    {
      "type": "SET_OPERATION_SCHEMA",
      "input": {
        "id": "eGouUlpibah0LAI8s7kUxz/lh4s=",
        "schema": "input CreateCommentInput {\n  phid: PHID!\n  issuePhid: PHID!\n  notionId: String!\n  content: String!\n}"
      },
      "scope": "global",
      "id": "5cfaa6d4-273f-4106-a7d0-a515f80c05d6",
      "index": 100,
      "timestamp": "2024-12-10T14:10:51.709Z",
      "hash": "ZlQfl2CsPMNPbpqwj1ew5Re5/RA=",
      "skip": 0
    },
    {
      "type": "SET_OPERATION_SCHEMA",
      "input": {
        "id": "rJi+/Ju9rwI+k39Q4RrsFAH1lRI=",
        "schema": "input EditCommentInput {\n  phid: PHID!\n  issuePhid: PHID!\n  notionId: String\n  content: String\n}"
      },
      "scope": "global",
      "id": "234ac905-d4e8-4b4a-b63d-561e8318df62",
      "index": 101,
      "timestamp": "2024-12-10T14:10:56.843Z",
      "hash": "+uzAfsegZ9oyx96j33UkBBPCIjM=",
      "skip": 0
    },
    {
      "context": {
        "signer": {
          "app": {
            "name": "Connect",
            "key": "did:key:zDnaevJSb8acrNAD3FD5VnWymQ7snGJBzjAJqRs4UiavdcP84"
          },
          "user": {
            "address": "0x18857E145dE756A52d467B08E4928f7cbB5e1CAe",
            "networkId": "eip155",
            "chainId": 1
          },
          "signatures": [
            [
              "1736444060",
              "did:key:zDnaevJSb8acrNAD3FD5VnWymQ7snGJBzjAJqRs4UiavdcP84",
              "Rx97LJQ3Xc9w5h0ydqFogGg3iok=",
              "+uzAfsegZ9oyx96j33UkBBPCIjM=",
              "0x7488a11125a78b17206b64915149ecc83aadade02b94f132b7a2c4a7da1ecf7b7bcbbb426e1e4546731d5ca1b705f2185c7afc56d39203e5f686c393a31319fb"
            ]
          ]
        }
      },
      "type": "SET_OPERATION_SCHEMA",
      "input": {
        "id": "S6/a+9eF+PPBQFoCY4m8Ip4KH/Y=",
        "schema": "input CreateIssueInput {\n  phid: PHID!\n  notionIds: [String]!\n  createdAt: DateTime!\n}"
      },
      "scope": "global",
      "id": "3eb8c066-fc59-4875-98a6-d3a604081de5",
      "index": 102,
      "timestamp": "2025-01-09T17:34:20.134Z",
      "hash": "CjEURhC4tYuZGgrZUmFkFTXQoTs=",
      "skip": 0
    },
    {
      "context": {
        "signer": {
          "app": {
            "name": "Connect",
            "key": "did:key:zDnaevJSb8acrNAD3FD5VnWymQ7snGJBzjAJqRs4UiavdcP84"
          },
          "user": {
            "address": "0x18857E145dE756A52d467B08E4928f7cbB5e1CAe",
            "networkId": "eip155",
            "chainId": 1
          },
          "signatures": [
            [
              "1736444149",
              "did:key:zDnaevJSb8acrNAD3FD5VnWymQ7snGJBzjAJqRs4UiavdcP84",
              "ZXmrNVlCvIsfa7gV0ZIV57/H3v0=",
              "CjEURhC4tYuZGgrZUmFkFTXQoTs=",
              "0x02a5a43c37b1929ea835ef8874fd27b5597cbee9f6bdf19c5ee340ce2fee031a0db5fed44ece8f388c74e92a3463fb3283143a70e458348e43dbf465d7d10b9c"
            ]
          ]
        }
      },
      "type": "SET_OPERATION_SCHEMA",
      "input": {
        "id": "eGouUlpibah0LAI8s7kUxz/lh4s=",
        "schema": "input CreateCommentInput {\n  phid: PHID!\n  issuePhid: PHID!\n  notionId: String!\n  content: String!\n  createdAt: DateTime!\n}"
      },
      "scope": "global",
      "id": "06f5b0b5-b88d-492e-a878-b577a8233fa9",
      "index": 103,
      "timestamp": "2025-01-09T17:35:48.935Z",
      "hash": "iQwq2i+wZAeDCcXHvgpcDsTIPpI=",
      "skip": 0
    },
    {
      "context": {
        "signer": {
          "app": {
            "name": "Connect",
            "key": "did:key:zDnaevJSb8acrNAD3FD5VnWymQ7snGJBzjAJqRs4UiavdcP84"
          },
          "user": {
            "address": "0x18857E145dE756A52d467B08E4928f7cbB5e1CAe",
            "networkId": "eip155",
            "chainId": 1
          },
          "signatures": [
            [
              "1736444183",
              "did:key:zDnaevJSb8acrNAD3FD5VnWymQ7snGJBzjAJqRs4UiavdcP84",
              "KyATHZd67+uHPXkjP2TvgC6jYGM=",
              "iQwq2i+wZAeDCcXHvgpcDsTIPpI=",
              "0x4dbc6bcb31e5074a57045ffe640f1e95447a39f4b19120711a8f68753d372368f5059b1200248c4b8a2fcca4f2a9877515da0c00a4c85dbf2007a43a22262ce8"
            ]
          ]
        }
      },
      "type": "SET_OPERATION_SCHEMA",
      "input": {
        "id": "rJi+/Ju9rwI+k39Q4RrsFAH1lRI=",
        "schema": "input EditCommentInput {\n  phid: PHID!\n  issuePhid: PHID!\n  notionId: String\n  content: String\n  editedAt: DateTime!\n}"
      },
      "scope": "global",
      "id": "d12c73e1-8af5-4527-9792-ac0bc74c07fa",
      "index": 104,
      "timestamp": "2025-01-09T17:36:23.217Z",
      "hash": "0fk4PyAZxPQRe797AeWIvHaqXqA=",
      "skip": 0
    }
  ],
  "local": []
}