{
  "global": {
    "id": "sky/atlas-foundation",
    "name": "Atlas Foundation",
    "extension": ".afn",
    "description": "Foundational document type (Article, Section, CoreDocument, ActiveDataController).",
    "author": {
      "name": "Sky",
      "website": "https://sky.money/"
    },
    "specifications": [
      {
        "version": 1,
        "changeLog": [],
        "state": {
          "global": {
            "schema": "type AtlasFoundationState {\n  \"\"\"\n  Unique document number assigned to the Foundation document within Atlas.\n  \"\"\"\n  docNo: String\n  \"\"\"\n  Full name of the Foundation entity.\n  \"\"\"\n  name: String\n  \"\"\"\n  Parent entity that this Foundation belongs to.  \n  This is a reference to another Atlas document.\n  \"\"\"\n  parent: FDocumentLink\n\n  \"\"\"\n    The type of the Foundation entity within Atlas.  \n    Example: DAO, Governance Body, Research Hub, etc.\n  \"\"\"\n  atlasType: FAtlasType!\n\n  \"\"\"\n    Entire content body of the Foundation document within Atlas. \n  \"\"\"\n  content: String\n\n  \"\"\"\n    Master status of the Foundation entity as managed by the Atlas Axis facilitator group.\n  \"\"\"\n  masterStatus: FStatus!\n\n  \"\"\"\n    Document tags managed by the Atlas Axis facilitator group for classification.\n  \"\"\"\n  globalTags: [FGlobalTag!]!\n\n  \"\"\"\n    List of Atlas documents that were relevant for the creation of this Foundation document.\n  \"\"\"\n  originalContextData: [FDocumentLink!]!\n\n\n  \"\"\"\n    Original Notion document ID of the Foundation document.  \n    Used for cross-system referencing and linking back to the original Notion source.\n  \"\"\"\n  notionId: String\n}\n\"\"\"\n   Reference to a document within Atlas with optional name and document number for display reasons. \n\"\"\"\n\ntype FDocumentLink {\n  id:PHID!\n  title:OLabel\n  docNo: String \n}\n\n\"\"\"\nDomain (i.e., Atlas) specific document types with the same document model global schema. \n\n\"\"\"\nenum FAtlasType {\n  ARTICLE\n  SECTION\n  CORE\n  ACTIVE_DATA_CONTROLLER\n}\n\nenum FStatus {\n  PLACEHOLDER\n  PROVISIONAL\n  APPROVED\n  DEFERRED\n  ARCHIVED\n}\n\n\n\"\"\"\nThese global tags differ from the ones in Scopes. \n\"\"\"\nenum FGlobalTag {\n  SCOPE_ADVISOR\n  AVC\n  CAIS\n  ML_LOW_PRIORITY\n  EXTERNAL_REFERENCE\n  DAO_TOOLKIT\n  ML_DEFER\n  PURPOSE_SYSTEM\n  NEWCHAIN\n  ML_SUPPORT_DOCS_NEEDED\n  TWO_STAGE_BRIDGE\n  ECOSYSTEM_INTELLIGENCE\n  RECURSIVE_IMPROVEMENT\n  LEGACY_TERM_USE_APPROVED\n}\n\n\n",
            "initialValue": "{\n  \"docNo\": \"\",\n  \"name\": \"\",\n  \"parent\": {\n    \"id\": \"\",\n    \"title\": \"\",\n    \"docNo\": \"\"\n  },\n  \"atlasType\": \"ARTICLE\",\n  \"content\": \"\",\n  \"masterStatus\": \"PLACEHOLDER\",\n  \"globalTags\": [],\n  \"originalContextData\": [],\n  \"notionId\": \"\"\n}",
            "examples": []
          },
          "local": {
            "schema": "",
            "initialValue": "",
            "examples": []
          }
        },
        "modules": [
          {
            "id": "TU2S778qFpH66a8FE1qZ5Dx6vXI=",
            "name": "general",
            "description": "",
            "operations": [
              {
                "id": "susTeqrRl45S8oQ1G1ncC+qMxYk=",
                "name": "SET_NAME",
                "description": "",
                "schema": "input SetNameInput {\n  name: String!\n}",
                "template": "",
                "reducer": "",
                "errors": [],
                "examples": [],
                "scope": "global"
              },
              {
                "id": "GcNCvvKWvOOMPmTlvkaALCvG3AQ=",
                "name": "SET_CONTENT",
                "description": "",
                "schema": "input SetContentInput {\n  content: String!\n}",
                "template": "",
                "reducer": "",
                "errors": [],
                "examples": [],
                "scope": "global"
              },
              {
                "id": "BnKdfbViBZl9emZos2vzlzgWx8o=",
                "name": "SET_MASTER_STATUS",
                "description": "",
                "schema": "input SetMasterStatusInput {\n  masterStatus: FStatus! \n}",
                "template": "",
                "reducer": "",
                "errors": [],
                "examples": [],
                "scope": "global"
              },
              {
                "id": "TAtlkX1HDxb/z1KxHnw5aAxCRxM=",
                "name": "SET_ATLAS_TYPE",
                "description": "",
                "schema": "input SetAtlasTypeInput {\n  atlasType: FAtlasType!\n}",
                "template": "",
                "reducer": "",
                "errors": [],
                "examples": [],
                "scope": "global"
              },
              {
                "id": "CWSxMVFfNOZe+nUk6P5vfW+uySw=",
                "name": "SET_PARENT",
                "description": "",
                "schema": "input SetParentInput {\n  id:PHID!\n  title:OLabel\n  docNo: String\n}",
                "template": "",
                "reducer": "",
                "errors": [],
                "examples": [],
                "scope": "global"
              },
              {
                "id": "EQNF0EEe00Rls1JLKurARsJikoA=",
                "name": "SET_DOCUMENT_NUMBER",
                "description": "",
                "schema": "input SetDocumentNumberInput {\n  docNo: String\n}",
                "template": "",
                "reducer": "",
                "errors": [],
                "examples": [],
                "scope": "global"
              }
            ]
          },
          {
            "id": "FMigseA2AvbOObdVObwg5yRlrew=",
            "name": "tags",
            "description": "",
            "operations": [
              {
                "id": "l6zFYnQFbQ9jK2smwlTOSWErgVM=",
                "name": "ADD_TAGS",
                "description": "",
                "schema": "input AddTagsInput {\n  tags: [FGlobalTag!]!\n}",
                "template": "",
                "reducer": "",
                "errors": [],
                "examples": [],
                "scope": "global"
              },
              {
                "id": "fWW+V6+D1RN90Gri+uqMxRSMvww=",
                "name": "REMOVE_TAGS",
                "description": "",
                "schema": "input RemoveTagsInput {\n  tags: [FGlobalTag!]!\n}",
                "template": "",
                "reducer": "",
                "errors": [],
                "examples": [],
                "scope": "global"
              }
            ]
          },
          {
            "id": "db8GYdgODbhILWMBw6+uamfZzPo=",
            "name": "context",
            "description": "",
            "operations": [
              {
                "id": "qTnjXgF1LBIomkVwKeqrM9aiPNk=",
                "name": "ADD_CONTEXT_DATA",
                "description": "",
                "schema": "input AddContextDataInput {\n  id: PHID!\n  name: String\n  docNo: String\n}",
                "template": "",
                "reducer": "",
                "errors": [],
                "examples": [],
                "scope": "global"
              },
              {
                "id": "dwiQmyMPXVmdLwp1gcWtHrgSEQY=",
                "name": "REMOVE_CONTEXT_DATA",
                "description": "",
                "schema": "input RemoveContextDataInput {\n  id: PHID! \n}",
                "template": "",
                "reducer": "",
                "errors": [],
                "examples": [],
                "scope": "global"
              },
              {
                "id": "5pEuE+fOKcz6++YIdgziy+lA3Zg=",
                "name": "SET_NOTION_ID",
                "description": "",
                "schema": "input SetNotionIdInput {\n  notionID: String!\n}",
                "template": "",
                "reducer": "",
                "errors": [],
                "examples": [],
                "scope": "global"
              },
              {
                "id": "Stzs1z1S14S3MJet8nmwvitSAIk=",
                "name": "REPLACE_CONTEXT_DATA",
                "description": "",
                "schema": "input ReplaceContextDataInput {\n  prevId: PHID!\n  id: PHID!\n  title: String\n  docNo: String\n}",
                "template": "",
                "reducer": "",
                "errors": [],
                "examples": [],
                "scope": "global"
              }
            ]
          }
        ]
      }
    ]
  },
  "local": {}
}