{
  "global": [
    {
      "type": "SET_MODEL_NAME",
      "input": {
        "name": "Atlas Foundation"
      },
      "scope": "global",
      "id": "28471f46-8bfc-40c0-a414-023a4972b134",
      "index": 0,
      "timestamp": "2025-02-05T18:50:50.123Z",
      "hash": "Auquvy+ISbUIME+MDYZ2qs/rjIQ=",
      "skip": 0
    },
    {
      "type": "SET_STATE_SCHEMA",
      "input": {
        "schema": "type AtlasFoundationState {\n  \"Add your global state fields here\"\n  _placeholder: String\n}",
        "scope": "global"
      },
      "scope": "global",
      "id": "4f796666-8de0-4452-bbfe-6c3234a5ef19",
      "index": 1,
      "timestamp": "2025-02-05T18:50:50.123Z",
      "hash": "jERfPoLCcVI0byI2Qm0uuc0b2E8=",
      "skip": 0
    },
    {
      "type": "SET_MODEL_ID",
      "input": {
        "id": "sky/atlas-foundation"
      },
      "scope": "global",
      "id": "773f4e57-611f-403c-be62-cc6b65f3a753",
      "index": 2,
      "timestamp": "2025-02-05T18:50:58.180Z",
      "hash": "iS/rhRIXqeY/AcrXtm2+8AgnV70=",
      "skip": 0
    },
    {
      "type": "SET_AUTHOR_NAME",
      "input": {
        "authorName": "Sky"
      },
      "scope": "global",
      "id": "9de1992d-cc02-42f9-b0e0-2d49d0835d4f",
      "index": 3,
      "timestamp": "2025-02-05T18:51:00.303Z",
      "hash": "rH0FwmQVooLWbsmTSU9pdKB+nsY=",
      "skip": 0
    },
    {
      "type": "SET_AUTHOR_WEBSITE",
      "input": {
        "authorWebsite": "https://sky.money/"
      },
      "scope": "global",
      "id": "df5216fa-66ac-4df4-baa8-661cd908b291",
      "index": 4,
      "timestamp": "2025-02-05T18:51:02.763Z",
      "hash": "Yt20pFesztxLDZa4RwiZQl48/EM=",
      "skip": 0
    },
    {
      "type": "SET_MODEL_EXTENSION",
      "input": {
        "extension": ".asc"
      },
      "scope": "global",
      "id": "4f445f41-1a68-43f8-ab5b-fb0b591347ba",
      "index": 5,
      "timestamp": "2025-02-05T18:51:04.985Z",
      "hash": "bNMUq4ptlXYEXtLfOUTIx+U+u/w=",
      "skip": 0
    },
    {
      "type": "SET_MODEL_DESCRIPTION",
      "input": {
        "description": "Foundational document type (Article, Section, CoreDocument, ActiveDataController)."
      },
      "scope": "global",
      "id": "8c7922fd-d95a-4ec1-9cd2-09cee5417e5f",
      "index": 6,
      "timestamp": "2025-02-05T18:51:07.418Z",
      "hash": "vbsTVpyVm7thGfpmNfg+MFs+xSw=",
      "skip": 0
    },
    {
      "type": "SET_STATE_SCHEMA",
      "input": {
        "schema": "type AtlasFoundationState {\n  \"\"\"\n    Full name of the Foundation entity.  \n  \"\"\"\n  name: String\n\n  \"\"\"\n    Unique document number assigned to the Foundation entity within Atlas.  \n  \n  \"\"\"\n  docNo: String\n\n  \"\"\"\n    Parent entity that this Foundation belongs to.  \n    This is a reference to another Atlas document.\n  \"\"\"\n  parent: PHID!\n\n  \"\"\"\n    The type of the Foundation entity within Atlas.  \n    Example: DAO, Governance Body, Research Hub, etc.\n  \"\"\"\n  atlasType: FAtlasType! \n\n  \"\"\"\n    Entire content body of the Foundation document within Atlas.  \n  \"\"\"\n  content: String\n\n  \"\"\"\n    Master status of the Foundation entity as managed by the Atlas Axis facilitator group.  \n  \n  \"\"\"\n  masterStatus: FStatus!\n\n  \"\"\"\n    Document tags managed by the Atlas Axis facilitator group for classification.  \n  \n  \"\"\"\n  globalTags: [FGlobalTag!]!\n\n  \"\"\"\n    References to other Atlas entities that are linked to this Foundation.  \n  \n  \"\"\"\n  references: [PHID!]!\n\n  \"\"\"\n    List of Atlas documents that were relevant for the creation of this Foundation document.  \n   \n  \"\"\"\n  originalContextData: [ContentInfo!]!\n\n  \"\"\"\n    Link to the original P0hub Notion environment where this document was first created or referenced.\n  \"\"\"\n  provenance: URL\n\n  \"\"\"\n    Original Notion document ID of the Foundation document.  \n    Used for cross-system referencing and linking back to the original Notion source.\n  \"\"\"\n  notionId: String\n}\n\"\"\"\n   Reference to a document within Atlas with optional name and document number for display reasons. \n\"\"\"\n\ntype DocumentInfo {\n\n id:PHID!\n  name:OLabel\n  docNo: String \n}\n\n\"\"\"\nDomain (i.e., Atlas) specific document types with the same document model global schema. \n\n\"\"\"\nenum AtlasType {\nARTICLE\nSECTION\nCORE\nACTIVE_DATA_CONTROLLER\n}\n\nenum Status {\n  PLACEHOLDER\n  PROVISIONAL\n  APPROVED\n  DEFERRED\n  ARCHIVED\n}\n\n\n\"\"\"\nThese global tags differ from the ones in Scopes. \n\"\"\"\nenum GlobalTag {\n  SCOPE_ADVISOR\n  AVC\n  CAIS\n  ML_LOW_PRIORITY\n  EXTERNAL_REFERENCE\n  DAO_TOOLKIT\n  ML_DEFER\n  PURPOSE_SYSTEM\n  NEWCHAIN\n  ML_SUPPORT_DOCS_NEEDED\n  TWO_STAGE_BRIDGE\n  ECOSYSTEM_INTELLIGENCE\n  RECURSIVE_IMPROVEMENT\n  LEGACY_TERM_USE_APPROVED\n}\n\n\n",
        "scope": "global"
      },
      "scope": "global",
      "id": "b4537692-97f5-497c-9ea2-ba5323ef3501",
      "index": 7,
      "timestamp": "2025-02-05T18:51:11.317Z",
      "hash": "7z7U0TSw7dquoeht7E1oi+PzBa8=",
      "skip": 0
    },
    {
      "type": "SET_STATE_SCHEMA",
      "input": {
        "schema": "type AtlasFoundationState {\n  \"\"\"\n    Full name of the Foundation entity.  \n  \"\"\"\n  name: String\n\n  \"\"\"\n    Unique document number assigned to the Foundation entity within Atlas.  \n  \n  \"\"\"\n  docNo: String\n\n  \"\"\"\n    Parent entity that this Foundation belongs to.  \n    This is a reference to another Atlas document.\n  \"\"\"\n  parent: PHID!\n\n  \"\"\"\n    The type of the Foundation entity within Atlas.  \n    Example: DAO, Governance Body, Research Hub, etc.\n  \"\"\"\n  atlasType: FAtlasType! \n\n  \"\"\"\n    Entire content body of the Foundation document within Atlas.  \n  \"\"\"\n  content: String\n\n  \"\"\"\n    Master status of the Foundation entity as managed by the Atlas Axis facilitator group.  \n  \n  \"\"\"\n  masterStatus: FStatus!\n\n  \"\"\"\n    Document tags managed by the Atlas Axis facilitator group for classification.  \n  \n  \"\"\"\n  globalTags: [FGlobalTag!]!\n\n  \"\"\"\n    References to other Atlas entities that are linked to this Foundation.  \n  \n  \"\"\"\n  references: [PHID!]!\n\n  \"\"\"\n    List of Atlas documents that were relevant for the creation of this Foundation document.  \n   \n  \"\"\"\n  originalContextData: [DocumenttInfo!]!\n\n  \"\"\"\n    Link to the original P0hub Notion environment where this document was first created or referenced.\n  \"\"\"\n  provenance: URL\n\n  \"\"\"\n    Original Notion document ID of the Foundation document.  \n    Used for cross-system referencing and linking back to the original Notion source.\n  \"\"\"\n  notionId: String\n}\n\"\"\"\n   Reference to a document within Atlas with optional name and document number for display reasons. \n\"\"\"\n\ntype DocumentInfo {\n\n id:PHID!\n  name:OLabel\n  docNo: String \n}\n\n\"\"\"\nDomain (i.e., Atlas) specific document types with the same document model global schema. \n\n\"\"\"\nenum AtlasType {\nARTICLE\nSECTION\nCORE\nACTIVE_DATA_CONTROLLER\n}\n\nenum Status {\n  PLACEHOLDER\n  PROVISIONAL\n  APPROVED\n  DEFERRED\n  ARCHIVED\n}\n\n\n\"\"\"\nThese global tags differ from the ones in Scopes. \n\"\"\"\nenum GlobalTag {\n  SCOPE_ADVISOR\n  AVC\n  CAIS\n  ML_LOW_PRIORITY\n  EXTERNAL_REFERENCE\n  DAO_TOOLKIT\n  ML_DEFER\n  PURPOSE_SYSTEM\n  NEWCHAIN\n  ML_SUPPORT_DOCS_NEEDED\n  TWO_STAGE_BRIDGE\n  ECOSYSTEM_INTELLIGENCE\n  RECURSIVE_IMPROVEMENT\n  LEGACY_TERM_USE_APPROVED\n}\n\n\n",
        "scope": "global"
      },
      "scope": "global",
      "id": "76e8e5d2-43df-4d13-9e2e-d4cd3ea9e2bd",
      "index": 8,
      "timestamp": "2025-02-05T18:51:40.418Z",
      "hash": "d/OlJDyZUm5LDbTK0aTMeiLzGFQ=",
      "skip": 0
    },
    {
      "type": "SET_STATE_SCHEMA",
      "input": {
        "schema": "type AtlasFoundationState {\n  \"\"\"\n    Full name of the Foundation entity.  \n  \"\"\"\n  name: String\n\n  \"\"\"\n    Unique document number assigned to the Foundation entity within Atlas.  \n  \n  \"\"\"\n  docNo: String\n\n  \"\"\"\n    Parent entity that this Foundation belongs to.  \n    This is a reference to another Atlas document.\n  \"\"\"\n  parent: PHID!\n\n  \"\"\"\n    The type of the Foundation entity within Atlas.  \n    Example: DAO, Governance Body, Research Hub, etc.\n  \"\"\"\n  atlasType: FAtlasType! \n\n  \"\"\"\n    Entire content body of the Foundation document within Atlas.  \n  \"\"\"\n  content: String\n\n  \"\"\"\n    Master status of the Foundation entity as managed by the Atlas Axis facilitator group.  \n  \n  \"\"\"\n  masterStatus: FStatus!\n\n  \"\"\"\n    Document tags managed by the Atlas Axis facilitator group for classification.  \n  \n  \"\"\"\n  globalTags: [FGlobalTag!]!\n\n  \"\"\"\n    References to other Atlas entities that are linked to this Foundation.  \n  \n  \"\"\"\n  references: [PHID!]!\n\n  \"\"\"\n    List of Atlas documents that were relevant for the creation of this Foundation document.  \n   \n  \"\"\"\n  originalContextData: [DocumentInfo!]!\n\n  \"\"\"\n    Link to the original P0hub Notion environment where this document was first created or referenced.\n  \"\"\"\n  provenance: URL\n\n  \"\"\"\n    Original Notion document ID of the Foundation document.  \n    Used for cross-system referencing and linking back to the original Notion source.\n  \"\"\"\n  notionId: String\n}\n\"\"\"\n   Reference to a document within Atlas with optional name and document number for display reasons. \n\"\"\"\n\ntype DocumentInfo {\n\n id:PHID!\n  name:OLabel\n  docNo: String \n}\n\n\"\"\"\nDomain (i.e., Atlas) specific document types with the same document model global schema. \n\n\"\"\"\nenum AtlasType {\nARTICLE\nSECTION\nCORE\nACTIVE_DATA_CONTROLLER\n}\n\nenum Status {\n  PLACEHOLDER\n  PROVISIONAL\n  APPROVED\n  DEFERRED\n  ARCHIVED\n}\n\n\n\"\"\"\nThese global tags differ from the ones in Scopes. \n\"\"\"\nenum GlobalTag {\n  SCOPE_ADVISOR\n  AVC\n  CAIS\n  ML_LOW_PRIORITY\n  EXTERNAL_REFERENCE\n  DAO_TOOLKIT\n  ML_DEFER\n  PURPOSE_SYSTEM\n  NEWCHAIN\n  ML_SUPPORT_DOCS_NEEDED\n  TWO_STAGE_BRIDGE\n  ECOSYSTEM_INTELLIGENCE\n  RECURSIVE_IMPROVEMENT\n  LEGACY_TERM_USE_APPROVED\n}\n\n\n",
        "scope": "global"
      },
      "scope": "global",
      "id": "94a56991-5434-4e3e-9339-5f3b94ab970e",
      "index": 9,
      "timestamp": "2025-02-05T18:51:43.731Z",
      "hash": "8kIaWDMvrszIpu5/GmSUEi1DQxc=",
      "skip": 0
    },
    {
      "type": "SET_STATE_SCHEMA",
      "input": {
        "schema": "type AtlasFoundationState {\n  \"\"\"\n    Full name of the Foundation entity.  \n  \"\"\"\n  name: String\n\n  \"\"\"\n    Unique document number assigned to the Foundation entity within Atlas.  \n  \n  \"\"\"\n  docNo: String\n\n  \"\"\"\n    Parent entity that this Foundation belongs to.  \n    This is a reference to another Atlas document.\n  \"\"\"\n  parent: PHID!\n\n  \"\"\"\n    The type of the Foundation entity within Atlas.  \n    Example: DAO, Governance Body, Research Hub, etc.\n  \"\"\"\n  atlasType: FAtlasType! \n\n  \"\"\"\n    Entire content body of the Foundation document within Atlas.  \n  \"\"\"\n  content: String\n\n  \"\"\"\n    Master status of the Foundation entity as managed by the Atlas Axis facilitator group.  \n  \n  \"\"\"\n  masterStatus: FStatus!\n\n  \"\"\"\n    Document tags managed by the Atlas Axis facilitator group for classification.  \n  \n  \"\"\"\n  globalTags: [FGlobalTag!]!\n\n  \"\"\"\n    References to other Atlas entities that are linked to this Foundation.  \n  \n  \"\"\"\n  references: [PHID!]!\n\n  \"\"\"\n    List of Atlas documents that were relevant for the creation of this Foundation document.  \n   \n  \"\"\"\n  originalContextData: [DocumentInfo!]!\n\n  \"\"\"\n    Link to the original P0hub Notion environment where this document was first created or referenced.\n  \"\"\"\n  provenance: URL\n\n  \"\"\"\n    Original Notion document ID of the Foundation document.  \n    Used for cross-system referencing and linking back to the original Notion source.\n  \"\"\"\n  notionId: String\n}\n\"\"\"\n   Reference to a document within Atlas with optional name and document number for display reasons. \n\"\"\"\n\ntype DocumentInfo {\n\n id:PHID!\n  name:OLabel\n  docNo: String \n}\n\n\"\"\"\nDomain (i.e., Atlas) specific document types with the same document model global schema. \n\n\"\"\"\nenum FAtlasType {\nARTICLE\nSECTION\nCORE\nACTIVE_DATA_CONTROLLER\n}\n\nenum FStatus {\n  PLACEHOLDER\n  PROVISIONAL\n  APPROVED\n  DEFERRED\n  ARCHIVED\n}\n\n\n\"\"\"\nThese global tags differ from the ones in Scopes. \n\"\"\"\nenum FGlobalTag {\n  SCOPE_ADVISOR\n  AVC\n  CAIS\n  ML_LOW_PRIORITY\n  EXTERNAL_REFERENCE\n  DAO_TOOLKIT\n  ML_DEFER\n  PURPOSE_SYSTEM\n  NEWCHAIN\n  ML_SUPPORT_DOCS_NEEDED\n  TWO_STAGE_BRIDGE\n  ECOSYSTEM_INTELLIGENCE\n  RECURSIVE_IMPROVEMENT\n  LEGACY_TERM_USE_APPROVED\n}\n\n\n",
        "scope": "global"
      },
      "scope": "global",
      "id": "38678df2-1bb7-43c9-b15d-59b4e88c5720",
      "index": 10,
      "timestamp": "2025-02-05T18:51:56.399Z",
      "hash": "EqP7YMicKNvbnawP6HAx99Cjw00=",
      "skip": 0
    },
    {
      "type": "ADD_MODULE",
      "input": {
        "id": "TU2S778qFpH66a8FE1qZ5Dx6vXI=",
        "name": "general"
      },
      "scope": "global",
      "id": "5fdfd095-8ef7-4f3b-841c-3d6510e9d77e",
      "index": 11,
      "timestamp": "2025-02-05T18:52:03.740Z",
      "hash": "wVNgwXZ+LQPb+7szMzGYiRcvfpE=",
      "skip": 0
    },
    {
      "type": "ADD_OPERATION",
      "input": {
        "id": "susTeqrRl45S8oQ1G1ncC+qMxYk=",
        "moduleId": "TU2S778qFpH66a8FE1qZ5Dx6vXI=",
        "name": "SET_NAME"
      },
      "scope": "global",
      "id": "b88af040-b721-484d-b5a6-a5bf7be376f3",
      "index": 12,
      "timestamp": "2025-02-05T18:52:07.264Z",
      "hash": "O5zjxHMeCh+u7R6Xdd4fR90xYjE=",
      "skip": 0
    },
    {
      "type": "SET_OPERATION_SCHEMA",
      "input": {
        "id": "susTeqrRl45S8oQ1G1ncC+qMxYk=",
        "schema": "input SetNameInput {\n  \"Add your inputs here\"\n  _placeholder: String\n}"
      },
      "scope": "global",
      "id": "c8c58414-919e-4af7-b0d9-5ee1bde8c6da",
      "index": 13,
      "timestamp": "2025-02-05T18:52:07.282Z",
      "hash": "IcEyx4Zkh/jvp1tXP3CYXHeO+eI=",
      "skip": 0
    },
    {
      "type": "ADD_OPERATION",
      "input": {
        "id": "v4PAjAoE3LbwBkfqgp1Tb/ectpA=",
        "moduleId": "TU2S778qFpH66a8FE1qZ5Dx6vXI=",
        "name": "SET_DOC_NUMBER"
      },
      "scope": "global",
      "id": "12c71aa4-78de-4b73-8cce-0a6ca4bf29c7",
      "index": 14,
      "timestamp": "2025-02-05T18:52:17.246Z",
      "hash": "rslTB/MzYzxqfKpk1x0XIv/SHss=",
      "skip": 0
    },
    {
      "type": "SET_OPERATION_SCHEMA",
      "input": {
        "id": "v4PAjAoE3LbwBkfqgp1Tb/ectpA=",
        "schema": "input SetDocNumberInput {\n  \"Add your inputs here\"\n  _placeholder: String\n}"
      },
      "scope": "global",
      "id": "f6fbb726-f461-4c1e-a68c-545a1b2d8ea9",
      "index": 15,
      "timestamp": "2025-02-05T18:52:17.318Z",
      "hash": "0U23XcJJzhu9eUHXGz4JHTD7QSE=",
      "skip": 0
    },
    {
      "type": "ADD_OPERATION",
      "input": {
        "id": "GcNCvvKWvOOMPmTlvkaALCvG3AQ=",
        "moduleId": "TU2S778qFpH66a8FE1qZ5Dx6vXI=",
        "name": "SET_CONTENT"
      },
      "scope": "global",
      "id": "2678de80-02ef-4324-8575-01561393eace",
      "index": 16,
      "timestamp": "2025-02-05T18:52:24.476Z",
      "hash": "xGQjThqL4NQHOXlDPjwFBuiptj8=",
      "skip": 0
    },
    {
      "type": "SET_OPERATION_SCHEMA",
      "input": {
        "id": "GcNCvvKWvOOMPmTlvkaALCvG3AQ=",
        "schema": "input SetContentInput {\n  \"Add your inputs here\"\n  _placeholder: String\n}"
      },
      "scope": "global",
      "id": "ecc7f402-ee8b-4c90-8135-73f5e342e9b4",
      "index": 17,
      "timestamp": "2025-02-05T18:52:24.492Z",
      "hash": "q1SZag5IpZjQDY+Zl4fujY/ZNwo=",
      "skip": 0
    },
    {
      "type": "ADD_OPERATION",
      "input": {
        "id": "BnKdfbViBZl9emZos2vzlzgWx8o=",
        "moduleId": "TU2S778qFpH66a8FE1qZ5Dx6vXI=",
        "name": "SET_MASTER_STATUS"
      },
      "scope": "global",
      "id": "f0312e49-b827-4bb3-b754-22a6411f2cdb",
      "index": 18,
      "timestamp": "2025-02-05T18:52:35.665Z",
      "hash": "zHC9uIwy8EKApKMdHceO+me70lE=",
      "skip": 0
    },
    {
      "type": "SET_OPERATION_SCHEMA",
      "input": {
        "id": "BnKdfbViBZl9emZos2vzlzgWx8o=",
        "schema": "input SetMasterStatusInput {\n  \"Add your inputs here\"\n  _placeholder: String\n}"
      },
      "scope": "global",
      "id": "3d3859f5-4c0e-455a-a8c6-9659e5da1874",
      "index": 19,
      "timestamp": "2025-02-05T18:52:35.751Z",
      "hash": "OFx0TVf2dx+qsAKF4zEQlsUFzJw=",
      "skip": 0
    },
    {
      "type": "ADD_MODULE",
      "input": {
        "id": "FMigseA2AvbOObdVObwg5yRlrew=",
        "name": "tags"
      },
      "scope": "global",
      "id": "eb35d8ac-d3b5-44e7-b594-a9f388e0936a",
      "index": 20,
      "timestamp": "2025-02-05T18:52:38.179Z",
      "hash": "GtXo4Phzq9MUtJj96yfz/fGNGFg=",
      "skip": 0
    },
    {
      "type": "ADD_MODULE",
      "input": {
        "id": "db8GYdgODbhILWMBw6+uamfZzPo=",
        "name": "add_tags"
      },
      "scope": "global",
      "id": "8d90b736-728c-46c9-a620-51d317be4839",
      "index": 21,
      "timestamp": "2025-02-05T18:52:42.738Z",
      "hash": "2SeEAqWAIaJRT2Cvnv4u/nthHtA=",
      "skip": 0
    },
    {
      "type": "ADD_OPERATION",
      "input": {
        "id": "l6zFYnQFbQ9jK2smwlTOSWErgVM=",
        "moduleId": "FMigseA2AvbOObdVObwg5yRlrew=",
        "name": "ADD_TAGS"
      },
      "scope": "global",
      "id": "c4d2859b-92d1-450c-bbcb-aa2e6ac637bd",
      "index": 22,
      "timestamp": "2025-02-05T18:52:53.007Z",
      "hash": "iuDSS3qkaLTr16wH8ktAEAKjktE=",
      "skip": 0
    },
    {
      "type": "SET_OPERATION_SCHEMA",
      "input": {
        "id": "l6zFYnQFbQ9jK2smwlTOSWErgVM=",
        "schema": "input AddTagsInput {\n  \"Add your inputs here\"\n  _placeholder: String\n}"
      },
      "scope": "global",
      "id": "36859ff8-a71a-4877-8410-167b4998f330",
      "index": 23,
      "timestamp": "2025-02-05T18:52:53.025Z",
      "hash": "YoF0KhAwDPq2YeQnZS/hs/KpVN8=",
      "skip": 0
    },
    {
      "type": "ADD_OPERATION",
      "input": {
        "id": "fWW+V6+D1RN90Gri+uqMxRSMvww=",
        "moduleId": "FMigseA2AvbOObdVObwg5yRlrew=",
        "name": "REMOVE_TAGS"
      },
      "scope": "global",
      "id": "23e6c201-19be-41ae-86eb-3fc046d16bf1",
      "index": 24,
      "timestamp": "2025-02-05T18:52:58.355Z",
      "hash": "jIi+qVvz21GE1Vg0IUh1LJcFPJ8=",
      "skip": 0
    },
    {
      "type": "SET_OPERATION_SCHEMA",
      "input": {
        "id": "fWW+V6+D1RN90Gri+uqMxRSMvww=",
        "schema": "input RemoveTagsInput {\n  \"Add your inputs here\"\n  _placeholder: String\n}"
      },
      "scope": "global",
      "id": "b1d4eecd-0c79-4cba-805f-2852ad3878c6",
      "index": 25,
      "timestamp": "2025-02-05T18:52:58.431Z",
      "hash": "wI8QLw4yq4O1MYJ1y1KVpIvtSlw=",
      "skip": 0
    },
    {
      "type": "SET_MODULE_NAME",
      "input": {
        "id": "db8GYdgODbhILWMBw6+uamfZzPo=",
        "name": "context"
      },
      "scope": "global",
      "id": "bc386fb2-2750-4b01-9f3d-a589f601b85e",
      "index": 26,
      "timestamp": "2025-02-05T18:53:05.795Z",
      "hash": "8eEdBsCFJh+FTByoB2/06B8RX0Q=",
      "skip": 0
    },
    {
      "type": "ADD_OPERATION",
      "input": {
        "id": "qTnjXgF1LBIomkVwKeqrM9aiPNk=",
        "moduleId": "db8GYdgODbhILWMBw6+uamfZzPo=",
        "name": "ADD_CONTEXT_DATA"
      },
      "scope": "global",
      "id": "0d7261fa-3bc0-4e86-8502-176d0438ff08",
      "index": 27,
      "timestamp": "2025-02-05T18:53:18.118Z",
      "hash": "kBVPVfVDccWCpxa6fEv8FGsoWyU=",
      "skip": 0
    },
    {
      "type": "SET_OPERATION_SCHEMA",
      "input": {
        "id": "qTnjXgF1LBIomkVwKeqrM9aiPNk=",
        "schema": "input AddContextDataInput {\n  \"Add your inputs here\"\n  _placeholder: String\n}"
      },
      "scope": "global",
      "id": "fb08e374-cd70-4c1b-baf6-795260c35381",
      "index": 28,
      "timestamp": "2025-02-05T18:53:18.182Z",
      "hash": "Dix7qYjLvqEz5K1Slvmj+eRH7eE=",
      "skip": 0
    },
    {
      "type": "ADD_OPERATION",
      "input": {
        "id": "dwiQmyMPXVmdLwp1gcWtHrgSEQY=",
        "moduleId": "db8GYdgODbhILWMBw6+uamfZzPo=",
        "name": "REMOVE_CONTEXT_DATA"
      },
      "scope": "global",
      "id": "af4e3f00-9b68-41cf-8670-a51b819ced86",
      "index": 29,
      "timestamp": "2025-02-05T18:53:30.222Z",
      "hash": "Qz8aVehBIbypl1YI7a+el0EA+W8=",
      "skip": 0
    },
    {
      "type": "SET_OPERATION_SCHEMA",
      "input": {
        "id": "dwiQmyMPXVmdLwp1gcWtHrgSEQY=",
        "schema": "input RemoveContextDataInput {\n  \"Add your inputs here\"\n  _placeholder: String\n}"
      },
      "scope": "global",
      "id": "9976acd7-a301-49a3-a1dd-eb310822ffd9",
      "index": 30,
      "timestamp": "2025-02-05T18:53:30.247Z",
      "hash": "tjWnX4DzCHC4YdTy6SJXtXilucM=",
      "skip": 0
    },
    {
      "type": "ADD_OPERATION",
      "input": {
        "id": "hdblfl0fY4Frt6ek1C8IBsYuQ4U=",
        "moduleId": "db8GYdgODbhILWMBw6+uamfZzPo=",
        "name": "SET_PROVENANCE"
      },
      "scope": "global",
      "id": "e88a2d45-ad73-4dc8-a9e4-66ea31a6dc3f",
      "index": 31,
      "timestamp": "2025-02-05T18:53:37.910Z",
      "hash": "/BJCEPQD3EcBAE6i3hK+TQ+9HbM=",
      "skip": 0
    },
    {
      "type": "SET_OPERATION_SCHEMA",
      "input": {
        "id": "hdblfl0fY4Frt6ek1C8IBsYuQ4U=",
        "schema": "input SetProvenanceInput {\n  \"Add your inputs here\"\n  _placeholder: String\n}"
      },
      "scope": "global",
      "id": "5b133fd6-11fb-425f-ae09-b2ec23b36110",
      "index": 32,
      "timestamp": "2025-02-05T18:53:37.990Z",
      "hash": "sCBd9NfmbQwSZH06B97mwpEJRLU=",
      "skip": 0
    },
    {
      "type": "ADD_OPERATION",
      "input": {
        "id": "5pEuE+fOKcz6++YIdgziy+lA3Zg=",
        "moduleId": "db8GYdgODbhILWMBw6+uamfZzPo=",
        "name": "SET_NOTION_ID"
      },
      "scope": "global",
      "id": "0834140e-c7eb-4947-a723-9afb5ab7a667",
      "index": 33,
      "timestamp": "2025-02-05T18:53:47.368Z",
      "hash": "H6Flq3xzCsJesXyrB2F9OiQHMPI=",
      "skip": 0
    },
    {
      "type": "SET_OPERATION_SCHEMA",
      "input": {
        "id": "5pEuE+fOKcz6++YIdgziy+lA3Zg=",
        "schema": "input SetNotionIdInput {\n  \"Add your inputs here\"\n  _placeholder: String\n}"
      },
      "scope": "global",
      "id": "76c98119-aac3-447e-80c8-91b2adbdbf1f",
      "index": 34,
      "timestamp": "2025-02-05T18:53:47.395Z",
      "hash": "oqd5X1Dw5HjTupU7rugxNdWaffs=",
      "skip": 0
    },
    {
      "type": "SET_OPERATION_SCHEMA",
      "input": {
        "id": "susTeqrRl45S8oQ1G1ncC+qMxYk=",
        "schema": "input SetNameInput {\n  \"Add your inputs here\"\n  name: OLabel!\n}"
      },
      "scope": "global",
      "id": "81c31cfa-fa5d-472e-8d3e-8f9c32ad810d",
      "index": 35,
      "timestamp": "2025-02-05T18:54:09.301Z",
      "hash": "EwBmMReV6jdCpo/f5zLPFuwMUXo=",
      "skip": 0
    },
    {
      "type": "SET_OPERATION_SCHEMA",
      "input": {
        "id": "v4PAjAoE3LbwBkfqgp1Tb/ectpA=",
        "schema": "    input SetDocNumberInput {\n  \"Add your inputs here\"\n  docNo: String!\n}"
      },
      "scope": "global",
      "id": "c865f81a-bfbc-4180-8416-1e3ffd044a9c",
      "index": 36,
      "timestamp": "2025-02-05T18:54:26.314Z",
      "hash": "CJJsWA288qQygGLu+3/FhtUDki0=",
      "skip": 0
    },
    {
      "type": "SET_OPERATION_SCHEMA",
      "input": {
        "id": "GcNCvvKWvOOMPmTlvkaALCvG3AQ=",
        "schema": "input SetContentInput {\n  \"Add your inputs here\"\n  content: String!\n}"
      },
      "scope": "global",
      "id": "a19195cc-a4be-41b9-a1a9-21ee7f00f17e",
      "index": 37,
      "timestamp": "2025-02-05T18:54:53.051Z",
      "hash": "o7kC2oRKg6nZLVXsPzKAE9SjjfA=",
      "skip": 0
    },
    {
      "type": "SET_OPERATION_SCHEMA",
      "input": {
        "id": "BnKdfbViBZl9emZos2vzlzgWx8o=",
        "schema": "input SetMasterStatusInput {\n  \"Add your inputs here\"\n  masterStatus: FStatus! \n}"
      },
      "scope": "global",
      "id": "84914067-8eb6-4c7a-91ab-4560100edd0e",
      "index": 38,
      "timestamp": "2025-02-05T18:55:07.129Z",
      "hash": "o2/N2sgf6wsNRe9uq0jfx2twZXU=",
      "skip": 0
    },
    {
      "type": "SET_OPERATION_SCHEMA",
      "input": {
        "id": "l6zFYnQFbQ9jK2smwlTOSWErgVM=",
        "schema": "input AddTagsInput {\n  \"Add your inputs here\"\n  newTags: [FGlobalTag!]!\n}"
      },
      "scope": "global",
      "id": "4e44613a-58c0-415f-94a8-1644a5b9a633",
      "index": 39,
      "timestamp": "2025-02-05T18:55:31.962Z",
      "hash": "U3QwCfE25jTo7ZklNoXTdrPH6B0=",
      "skip": 0
    },
    {
      "type": "SET_OPERATION_SCHEMA",
      "input": {
        "id": "fWW+V6+D1RN90Gri+uqMxRSMvww=",
        "schema": "input RemoveTagsInput {\n  \"Add your inputs here\"\n  tags: [FGlobalTag!]!\n}"
      },
      "scope": "global",
      "id": "18eaf8fb-9ee4-4db7-a8ee-f38e8c07760c",
      "index": 40,
      "timestamp": "2025-02-05T18:55:47.287Z",
      "hash": "8vI/IkmuE6FhDEZpu6FXsoqejaQ=",
      "skip": 0
    },
    {
      "type": "SET_OPERATION_SCHEMA",
      "input": {
        "id": "qTnjXgF1LBIomkVwKeqrM9aiPNk=",
        "schema": "input AddContextDataInput {\n  \"Add your inputs here\"\n  id: PHID!\n  name: String\n  docNo: String\n}"
      },
      "scope": "global",
      "id": "17291652-27b0-472e-9263-dba484408f22",
      "index": 41,
      "timestamp": "2025-02-05T18:56:04.244Z",
      "hash": "l8Cu2MuxkHlRflqVo1TnL0OOJLA=",
      "skip": 0
    },
    {
      "type": "SET_OPERATION_SCHEMA",
      "input": {
        "id": "dwiQmyMPXVmdLwp1gcWtHrgSEQY=",
        "schema": "input RemoveContextDataInput {\n  \"Add your inputs here\"\n  id: PHID! \n}"
      },
      "scope": "global",
      "id": "dbfe0d91-885f-45bf-b790-47d824eb392a",
      "index": 42,
      "timestamp": "2025-02-05T18:56:13.512Z",
      "hash": "V5bk3yVdNx4IIZF2hDcRcLfFO8U=",
      "skip": 0
    },
    {
      "type": "SET_OPERATION_SCHEMA",
      "input": {
        "id": "hdblfl0fY4Frt6ek1C8IBsYuQ4U=",
        "schema": "input SetProvenanceInput {\n  \"Add your inputs here\"\n  provenance: URL\n}"
      },
      "scope": "global",
      "id": "9326087e-2fd0-4814-b437-8d83a263a372",
      "index": 43,
      "timestamp": "2025-02-05T18:56:23.463Z",
      "hash": "x6ZTlL0QSsAniXVZtnGwbPwzwtA=",
      "skip": 0
    },
    {
      "type": "SET_OPERATION_SCHEMA",
      "input": {
        "id": "5pEuE+fOKcz6++YIdgziy+lA3Zg=",
        "schema": "input SetNotionIdInput {\n  \"Add your inputs here\"\n  notionID: String\n}"
      },
      "scope": "global",
      "id": "e5e56f72-9623-44c8-86df-26f710b4ef24",
      "index": 44,
      "timestamp": "2025-02-05T18:56:34.845Z",
      "hash": "h6h9zuH6XxBBisnAXa0ytUL9Vh0=",
      "skip": 0
    },
    {
      "type": "SET_OPERATION_NAME",
      "input": {
        "id": "susTeqrRl45S8oQ1G1ncC+qMxYk=",
        "name": "SET_FOUNDATION_NAME"
      },
      "scope": "global",
      "id": "f570e833-08b4-49bd-81f9-8f6dd1192c63",
      "index": 45,
      "timestamp": "2025-02-07T12:24:26.323Z",
      "hash": "MBeGB9qUfax/osLCxmZcfW/yw0A=",
      "skip": 0
    },
    {
      "type": "ADD_OPERATION",
      "input": {
        "id": "qVfkJKEGfwpQrizJW5doBTv0Rh0=",
        "moduleId": "TU2S778qFpH66a8FE1qZ5Dx6vXI=",
        "name": "SET_REFERENCES"
      },
      "scope": "global",
      "id": "d8f9d73a-5165-4be6-b40a-3d88050fd813",
      "index": 46,
      "timestamp": "2025-02-07T12:24:29.867Z",
      "hash": "ZU66Yk7U5rUjFV34FeiOpVMBWPk=",
      "skip": 0
    },
    {
      "type": "SET_OPERATION_SCHEMA",
      "input": {
        "id": "qVfkJKEGfwpQrizJW5doBTv0Rh0=",
        "schema": "input SetReferencesInput {\n  \"Add your inputs here\"\n  _placeholder: String\n}"
      },
      "scope": "global",
      "id": "cfa1028d-235e-430b-80da-6bec56d53e10",
      "index": 47,
      "timestamp": "2025-02-07T12:24:29.895Z",
      "hash": "Xo263fkCN2IiOnZUWP2BNAqMxQY=",
      "skip": 0
    },
    {
      "type": "SET_OPERATION_SCHEMA",
      "input": {
        "id": "qVfkJKEGfwpQrizJW5doBTv0Rh0=",
        "schema": "input SetReferencesInput {\n  \"Add your inputs here\"\n  reference\n}"
      },
      "scope": "global",
      "id": "d2315f07-5f0a-4e4d-b2dc-cd67333a5c97",
      "index": 48,
      "timestamp": "2025-02-07T12:24:37.853Z",
      "hash": "mkhNOCqK0B64XmU3x1iy4eD/QEA=",
      "skip": 0
    },
    {
      "type": "SET_OPERATION_SCHEMA",
      "input": {
        "id": "qVfkJKEGfwpQrizJW5doBTv0Rh0=",
        "schema": "input SetReferencesInput {\n  \"Add your inputs here\"\n  reference:_\n}"
      },
      "scope": "global",
      "id": "324cd42f-0e79-4054-9b02-71a2f51ec7c8",
      "index": 49,
      "timestamp": "2025-02-07T12:24:38.420Z",
      "hash": "Bo1oq4VZMCVgWFsKTXNIo9Kb0F8=",
      "skip": 0
    },
    {
      "type": "SET_OPERATION_SCHEMA",
      "input": {
        "id": "qVfkJKEGfwpQrizJW5doBTv0Rh0=",
        "schema": "input SetReferencesInput {\n  \"Add your inputs here\"\n  reference:\n}"
      },
      "scope": "global",
      "id": "46d29c10-b3b6-4302-a144-08278bd12b23",
      "index": 50,
      "timestamp": "2025-02-07T12:24:38.993Z",
      "hash": "JpGRTEyLkaMq7pGRiD8qBEXtv3M=",
      "skip": 0
    },
    {
      "type": "SET_OPERATION_SCHEMA",
      "input": {
        "id": "qVfkJKEGfwpQrizJW5doBTv0Rh0=",
        "schema": "input SetReferencesInput {\n  \"Add your inputs here\"\n  reference: \n}"
      },
      "scope": "global",
      "id": "8dd17c93-2de2-40fc-85ad-e02bdb03868d",
      "index": 51,
      "timestamp": "2025-02-07T12:24:39.736Z",
      "hash": "x7e9At4b2xs+ibwmoVr1kEtXqe8=",
      "skip": 0
    },
    {
      "type": "SET_OPERATION_SCHEMA",
      "input": {
        "id": "qVfkJKEGfwpQrizJW5doBTv0Rh0=",
        "schema": "input SetReferencesInput {\n  \"Add your inputs here\"\n  reference: PH\n}"
      },
      "scope": "global",
      "id": "79742b4a-9c66-4174-90f0-6d3bd1ec411a",
      "index": 52,
      "timestamp": "2025-02-07T12:24:40.863Z",
      "hash": "CnwGpif4r5iAHoGNgfpVX8P/bV0=",
      "skip": 0
    },
    {
      "type": "SET_OPERATION_SCHEMA",
      "input": {
        "id": "qVfkJKEGfwpQrizJW5doBTv0Rh0=",
        "schema": "input SetReferencesInput {\n  \"Add your inputs here\"\n  reference: \n}"
      },
      "scope": "global",
      "id": "5fb70fc1-d0eb-4291-8f0a-01e8b7e131be",
      "index": 53,
      "timestamp": "2025-02-07T12:24:41.721Z",
      "hash": "x7e9At4b2xs+ibwmoVr1kEtXqe8=",
      "skip": 0
    },
    {
      "type": "SET_OPERATION_SCHEMA",
      "input": {
        "id": "qVfkJKEGfwpQrizJW5doBTv0Rh0=",
        "schema": "input SetReferencesInput {\n  \"Add your inputs here\"\n  reference: [P]\n}"
      },
      "scope": "global",
      "id": "c94990ea-14ba-45d9-84d8-4947cdc612ca",
      "index": 54,
      "timestamp": "2025-02-07T12:24:42.838Z",
      "hash": "8eZl1uI1YLw7yvhkFpVq2favrq0=",
      "skip": 0
    },
    {
      "type": "SET_OPERATION_SCHEMA",
      "input": {
        "id": "qVfkJKEGfwpQrizJW5doBTv0Rh0=",
        "schema": "input SetReferencesInput {\n  \"Add your inputs here\"\n  reference: [PHID!]\n}"
      },
      "scope": "global",
      "id": "6d76f6cc-cd49-44ab-9da7-4c98718f51a9",
      "index": 55,
      "timestamp": "2025-02-07T12:24:44.371Z",
      "hash": "lifPW762gCdMMRmCn3ZukNbFcvE=",
      "skip": 0
    },
    {
      "type": "ADD_OPERATION",
      "input": {
        "id": "TAtlkX1HDxb/z1KxHnw5aAxCRxM=",
        "moduleId": "TU2S778qFpH66a8FE1qZ5Dx6vXI=",
        "name": "SET_ATLAS_TYPE"
      },
      "scope": "global",
      "id": "ce71bb85-e214-41cf-b9ee-52940778ccfa",
      "index": 56,
      "timestamp": "2025-02-07T12:24:53.463Z",
      "hash": "y/MXWHU3nFAVGJJRos3ZfdKlEC8=",
      "skip": 0
    },
    {
      "type": "SET_OPERATION_SCHEMA",
      "input": {
        "id": "TAtlkX1HDxb/z1KxHnw5aAxCRxM=",
        "schema": "input SetAtlasTypeInput {\n  \"Add your inputs here\"\n  _placeholder: String\n}"
      },
      "scope": "global",
      "id": "0ac9ffc1-d1ee-49e2-95f7-cd81d70d7714",
      "index": 57,
      "timestamp": "2025-02-07T12:24:53.494Z",
      "hash": "0WjZeEr+B8FW8lXp+ZTvg+EevzY=",
      "skip": 0
    },
    {
      "type": "SET_OPERATION_SCHEMA",
      "input": {
        "id": "TAtlkX1HDxb/z1KxHnw5aAxCRxM=",
        "schema": "input SetAtlasTypeInput {\n  \"Add your inputs here\"\n  atlasType\n}"
      },
      "scope": "global",
      "id": "8aee65cd-cf1e-400a-a584-63f06497a914",
      "index": 58,
      "timestamp": "2025-02-07T12:25:00.401Z",
      "hash": "5nqMFgg34rHqcIsTRvYOXXYjyXQ=",
      "skip": 0
    },
    {
      "type": "SET_OPERATION_SCHEMA",
      "input": {
        "id": "TAtlkX1HDxb/z1KxHnw5aAxCRxM=",
        "schema": "input SetAtlasTypeInput {\n  \"Add your inputs here\"\n  atlasType: []\n}"
      },
      "scope": "global",
      "id": "7c1d1449-06ca-4214-ac8c-61ee7db16dd0",
      "index": 59,
      "timestamp": "2025-02-07T12:25:01.460Z",
      "hash": "M8fyfZkZP3gZ/ydq9Qf6Wb2kuwY=",
      "skip": 0
    },
    {
      "type": "SET_OPERATION_SCHEMA",
      "input": {
        "id": "TAtlkX1HDxb/z1KxHnw5aAxCRxM=",
        "schema": "input SetAtlasTypeInput {\n  \"Add your inputs here\"\n  atlasType: [F]\n}"
      },
      "scope": "global",
      "id": "a0a0b4fa-fd53-47bc-a0fc-06527ddc9a57",
      "index": 60,
      "timestamp": "2025-02-07T12:25:02.571Z",
      "hash": "6nUrB5UENzy7wSfKozDuk/1Mebo=",
      "skip": 0
    },
    {
      "type": "SET_OPERATION_SCHEMA",
      "input": {
        "id": "TAtlkX1HDxb/z1KxHnw5aAxCRxM=",
        "schema": "input SetAtlasTypeInput {\n  \"Add your inputs here\"\n  atlasType: [FAtlasType]\n}"
      },
      "scope": "global",
      "id": "a9a63b09-5888-4da4-9a74-dca426e7e47b",
      "index": 61,
      "timestamp": "2025-02-07T12:25:03.368Z",
      "hash": "L5AVLYOz38RAtcs/fngs+qioOq4=",
      "skip": 0
    },
    {
      "type": "SET_OPERATION_SCHEMA",
      "input": {
        "id": "TAtlkX1HDxb/z1KxHnw5aAxCRxM=",
        "schema": "input SetAtlasTypeInput {\n  \"Add your inputs here\"\n  atlasType: [FAtlasType!]\n}"
      },
      "scope": "global",
      "id": "04cb12d3-aab0-4e36-a217-6420cbef7571",
      "index": 62,
      "timestamp": "2025-02-07T12:25:04.466Z",
      "hash": "mFptTeCqaPMZUxW/GnMvdqe/KHU=",
      "skip": 0
    },
    {
      "type": "SET_INITIAL_STATE",
      "input": {
        "initialValue": "{\n  \"name\": \"\",\n  \"docNo\": \"\",\n  \"parent\": \"\",\n  \"atlasType\": \"ARTICLE\",\n  \"content\": \"\",\n  \"masterStatus\": \"PLACEHOLDER\",\n  \"globalTags\": [],\n  \"references\": [],\n  \"originalContextData\": [],\n  \"provenance\": \"\",\n  \"notionId\": \"\"\n}",
        "scope": "global"
      },
      "scope": "global",
      "id": "d2a5c835-905b-48a1-8717-a0da04c7b478",
      "index": 63,
      "timestamp": "2025-02-07T12:25:13.942Z",
      "hash": "cJG+spZy9INbjvsJKUGywqCt0Rg=",
      "skip": 0
    },
    {
      "type": "SET_OPERATION_SCHEMA",
      "input": {
        "id": "susTeqrRl45S8oQ1G1ncC+qMxYk=",
        "schema": "input SetFoundationNameInput {\n  \"Add your inputs here\"\n  name: OLabel!\n}"
      },
      "scope": "global",
      "id": "5b640c2f-2ee3-47c5-9a67-915c83b7238f",
      "index": 64,
      "timestamp": "2025-02-07T13:01:07.675Z",
      "hash": "LtMGU9AGTiwXdG4BogK5WhbpfM4=",
      "skip": 0
    },
    {
      "type": "SET_MODEL_EXTENSION",
      "input": {
        "extension": ".afn"
      },
      "scope": "global",
      "id": "6e09fd89-8642-4c13-876c-d960e861f908",
      "index": 65,
      "timestamp": "2025-02-07T13:01:23.674Z",
      "hash": "rYE22FmK1OGG0Q13shLI1rBnlpQ=",
      "skip": 0
    },
    {
      "type": "SET_STATE_SCHEMA",
      "input": {
        "schema": "type AtlasFoundationState {\n  \"\"\"\n    Full name of the Foundation entity.  \n  \"\"\"\n  name: String\n\n  \"\"\"\n    Unique document number assigned to the Foundation entity within Atlas.  \n  \n  \"\"\"\n  docNo: String\n\n  \"\"\"\n    Parent entity that this Foundation belongs to.  \n    This is a reference to another Atlas document.\n  \"\"\"\n  parent: PHID!\n\n  \"\"\"\n    The type of the Foundation entity within Atlas.  \n    Example: DAO, Governance Body, Research Hub, etc.\n  \"\"\"\n  atlasType: FAtlasType! \n\n  \"\"\"\n    Entire content body of the Foundation document within Atlas.  \n  \"\"\"\n  content: String\n\n  \"\"\"\n    Master status of the Foundation entity as managed by the Atlas Axis facilitator group.  \n  \n  \"\"\"\n  masterStatus: FStatus!\n\n  \"\"\"\n    Document tags managed by the Atlas Axis facilitator group for classification.  \n  \n  \"\"\"\n  globalTags: [FGlobalTag!]!\n\n  \"\"\"\n    References to other Atlas entities that are linked to this Foundation.  \n  \n  \"\"\"\n  references: [PHID!]!\n\n  \"\"\"\n    List of Atlas documents that were relevant for the creation of this Foundation document.  \n   \n  \"\"\"\n  originalContextData: [DocumentInfo!]!\n\n  \"\"\"\n    Link to the original P0hub Notion environment where this document was first created or referenced.\n  \"\"\"\n  provenance: URL\n\n  \"\"\"\n    Original Notion document ID of the Foundation document.  \n    Used for cross-system referencing and linking back to the original Notion source.\n  \"\"\"\n  notionId: String\n}\n\"\"\"\n   Reference to a document within Atlas with optional name and document number for display reasons. \n\"\"\"\n\ntype FDocumentInfo {\n  id:PHID!\n  name:OLabel\n  docNo: String \n}\n\n\"\"\"\nDomain (i.e., Atlas) specific document types with the same document model global schema. \n\n\"\"\"\nenum FAtlasType {\nARTICLE\nSECTION\nCORE\nACTIVE_DATA_CONTROLLER\n}\n\nenum FStatus {\n  PLACEHOLDER\n  PROVISIONAL\n  APPROVED\n  DEFERRED\n  ARCHIVED\n}\n\n\n\"\"\"\nThese global tags differ from the ones in Scopes. \n\"\"\"\nenum FGlobalTag {\n  SCOPE_ADVISOR\n  AVC\n  CAIS\n  ML_LOW_PRIORITY\n  EXTERNAL_REFERENCE\n  DAO_TOOLKIT\n  ML_DEFER\n  PURPOSE_SYSTEM\n  NEWCHAIN\n  ML_SUPPORT_DOCS_NEEDED\n  TWO_STAGE_BRIDGE\n  ECOSYSTEM_INTELLIGENCE\n  RECURSIVE_IMPROVEMENT\n  LEGACY_TERM_USE_APPROVED\n}\n\n\n",
        "scope": "global"
      },
      "scope": "global",
      "id": "33963128-d9ee-4d70-b20e-935a17cc2ab2",
      "index": 66,
      "timestamp": "2025-02-20T14:03:11.538Z",
      "hash": "DdF6hCLR8L/T0KGOn27jPNFUc10=",
      "skip": 0
    },
    {
      "type": "SET_STATE_SCHEMA",
      "input": {
        "schema": "type AtlasFoundationState {\n  \"\"\"\n    Full name of the Foundation entity.  \n  \"\"\"\n  name: String\n\n  \"\"\"\n    Unique document number assigned to the Foundation entity within Atlas.  \n  \n  \"\"\"\n  docNo: String\n\n  \"\"\"\n    Parent entity that this Foundation belongs to.  \n    This is a reference to another Atlas document.\n  \"\"\"\n  parent: PHID!\n\n  \"\"\"\n    The type of the Foundation entity within Atlas.  \n    Example: DAO, Governance Body, Research Hub, etc.\n  \"\"\"\n  atlasType: FAtlasType! \n\n  \"\"\"\n    Entire content body of the Foundation document within Atlas.  \n  \"\"\"\n  content: String\n\n  \"\"\"\n    Master status of the Foundation entity as managed by the Atlas Axis facilitator group.  \n  \n  \"\"\"\n  masterStatus: FStatus!\n\n  \"\"\"\n    Document tags managed by the Atlas Axis facilitator group for classification.  \n  \n  \"\"\"\n  globalTags: [FGlobalTag!]!\n\n  \"\"\"\n    References to other Atlas entities that are linked to this Foundation.  \n  \n  \"\"\"\n  references: [PHID!]!\n\n  \"\"\"\n    List of Atlas documents that were relevant for the creation of this Foundation document.  \n   \n  \"\"\"\n  originalContextData: [DocumentInfo!]!\n\n  \"\"\"\n    Link to the original P0hub Notion environment where this document was first created or referenced.\n  \"\"\"\n  provenance: URL\n\n  \"\"\"\n    Original Notion document ID of the Foundation document.  \n    Used for cross-system referencing and linking back to the original Notion source.\n  \"\"\"\n  notionId: String\n}\n\"\"\"\n   Reference to a document within Atlas with optional name and document number for display reasons. \n\"\"\"\n\ntype FDocumentLink {\n  id:PHID!\n  name:OLabel\n  docNo: String \n}\n\n\"\"\"\nDomain (i.e., Atlas) specific document types with the same document model global schema. \n\n\"\"\"\nenum FAtlasType {\n  ARTICLE\n  SECTION\n  CORE\n  ACTIVE_DATA_CONTROLLER\n}\n\nenum FStatus {\n  PLACEHOLDER\n  PROVISIONAL\n  APPROVED\n  DEFERRED\n  ARCHIVED\n}\n\n\n\"\"\"\nThese global tags differ from the ones in Scopes. \n\"\"\"\nenum FGlobalTag {\n  SCOPE_ADVISOR\n  AVC\n  CAIS\n  ML_LOW_PRIORITY\n  EXTERNAL_REFERENCE\n  DAO_TOOLKIT\n  ML_DEFER\n  PURPOSE_SYSTEM\n  NEWCHAIN\n  ML_SUPPORT_DOCS_NEEDED\n  TWO_STAGE_BRIDGE\n  ECOSYSTEM_INTELLIGENCE\n  RECURSIVE_IMPROVEMENT\n  LEGACY_TERM_USE_APPROVED\n}\n\n\n",
        "scope": "global"
      },
      "scope": "global",
      "id": "8fa1a283-cd09-41c6-825e-060411b3a2de",
      "index": 67,
      "timestamp": "2025-02-20T14:04:07.748Z",
      "hash": "LURU4/2Emzn6lagLV193l1bp/wk=",
      "skip": 0
    },
    {
      "type": "SET_STATE_SCHEMA",
      "input": {
        "schema": "type AtlasFoundationState {\n  \"\"\"\n    Full name of the Foundation entity.  \n  \"\"\"\n  name: String\n\n  \"\"\"\n    Unique document number assigned to the Foundation entity within Atlas.  \n  \n  \"\"\"\n  docNo: String\n\n  \"\"\"\n    Parent entity that this Foundation belongs to.  \n    This is a reference to another Atlas document.\n  \"\"\"\n  parent: PHID!\n\n  \"\"\"\n    The type of the Foundation entity within Atlas.  \n    Example: DAO, Governance Body, Research Hub, etc.\n  \"\"\"\n  atlasType: FAtlasType! \n\n  \"\"\"\n    Entire content body of the Foundation document within Atlas.  \n  \"\"\"\n  content: String\n\n  \"\"\"\n    Master status of the Foundation entity as managed by the Atlas Axis facilitator group.  \n  \n  \"\"\"\n  masterStatus: FStatus!\n\n  \"\"\"\n    Document tags managed by the Atlas Axis facilitator group for classification.  \n  \n  \"\"\"\n  globalTags: [FGlobalTag!]!\n\n  \"\"\"\n    References to other Atlas entities that are linked to this Foundation.  \n  \n  \"\"\"\n  references: [PHID!]!\n\n  \"\"\"\n    List of Atlas documents that were relevant for the creation of this Foundation document.  \n   \n  \"\"\"\n  originalContextData: [FDocumentLink!]!\n\n  \"\"\"\n    Link to the original P0hub Notion environment where this document was first created or referenced.\n  \"\"\"\n  provenance: URL\n\n  \"\"\"\n    Original Notion document ID of the Foundation document.  \n    Used for cross-system referencing and linking back to the original Notion source.\n  \"\"\"\n  notionId: String\n}\n\"\"\"\n   Reference to a document within Atlas with optional name and document number for display reasons. \n\"\"\"\n\ntype FDocumentLink {\n  id:PHID!\n  name:OLabel\n  docNo: String \n}\n\n\"\"\"\nDomain (i.e., Atlas) specific document types with the same document model global schema. \n\n\"\"\"\nenum FAtlasType {\n  ARTICLE\n  SECTION\n  CORE\n  ACTIVE_DATA_CONTROLLER\n}\n\nenum FStatus {\n  PLACEHOLDER\n  PROVISIONAL\n  APPROVED\n  DEFERRED\n  ARCHIVED\n}\n\n\n\"\"\"\nThese global tags differ from the ones in Scopes. \n\"\"\"\nenum FGlobalTag {\n  SCOPE_ADVISOR\n  AVC\n  CAIS\n  ML_LOW_PRIORITY\n  EXTERNAL_REFERENCE\n  DAO_TOOLKIT\n  ML_DEFER\n  PURPOSE_SYSTEM\n  NEWCHAIN\n  ML_SUPPORT_DOCS_NEEDED\n  TWO_STAGE_BRIDGE\n  ECOSYSTEM_INTELLIGENCE\n  RECURSIVE_IMPROVEMENT\n  LEGACY_TERM_USE_APPROVED\n}\n\n\n",
        "scope": "global"
      },
      "scope": "global",
      "id": "3163d4ed-c56d-47b5-823d-16a344933f90",
      "index": 68,
      "timestamp": "2025-02-20T14:04:12.757Z",
      "hash": "z50IjoAcvhMQTtDobNfd/ot3ED4=",
      "skip": 0
    },
    {
      "type": "SET_STATE_SCHEMA",
      "input": {
        "schema": "type AtlasFoundationState {\n  \"\"\"\n    Full name of the Foundation entity.  \n  \"\"\"\n  name: String\n\n  \"\"\"\n    Unique document number assigned to the Foundation entity within Atlas.  \n  \n  \"\"\"\n  docNo: String\n\n  \"\"\"\n    Parent entity that this Foundation belongs to.  \n    This is a reference to another Atlas document.\n  \"\"\"\n  parent: PHID!\n\n  \"\"\"\n    The type of the Foundation entity within Atlas.  \n    Example: DAO, Governance Body, Research Hub, etc.\n  \"\"\"\n  atlasType: FAtlasType! \n\n  \"\"\"\n    Entire content body of the Foundation document within Atlas.  \n  \"\"\"\n  content: String\n\n  \"\"\"\n    Master status of the Foundation entity as managed by the Atlas Axis facilitator group.  \n  \n  \"\"\"\n  masterStatus: FStatus!\n\n  \"\"\"\n    Document tags managed by the Atlas Axis facilitator group for classification.  \n  \n  \"\"\"\n  globalTags: [FGlobalTag!]!\n\n  \"\"\"\n    References to other Atlas entities that are linked to this Foundation.  \n  \n  \"\"\"\n  references: [FDocumentLink!]!\n\n  \"\"\"\n    List of Atlas documents that were relevant for the creation of this Foundation document.  \n   \n  \"\"\"\n  originalContextData: [FDocumentLink!]!\n\n  \"\"\"\n    Link to the original P0hub Notion environment where this document was first created or referenced.\n  \"\"\"\n  provenance: URL\n\n  \"\"\"\n    Original Notion document ID of the Foundation document.  \n    Used for cross-system referencing and linking back to the original Notion source.\n  \"\"\"\n  notionId: String\n}\n\"\"\"\n   Reference to a document within Atlas with optional name and document number for display reasons. \n\"\"\"\n\ntype FDocumentLink {\n  id:PHID!\n  name:OLabel\n  docNo: String \n}\n\n\"\"\"\nDomain (i.e., Atlas) specific document types with the same document model global schema. \n\n\"\"\"\nenum FAtlasType {\n  ARTICLE\n  SECTION\n  CORE\n  ACTIVE_DATA_CONTROLLER\n}\n\nenum FStatus {\n  PLACEHOLDER\n  PROVISIONAL\n  APPROVED\n  DEFERRED\n  ARCHIVED\n}\n\n\n\"\"\"\nThese global tags differ from the ones in Scopes. \n\"\"\"\nenum FGlobalTag {\n  SCOPE_ADVISOR\n  AVC\n  CAIS\n  ML_LOW_PRIORITY\n  EXTERNAL_REFERENCE\n  DAO_TOOLKIT\n  ML_DEFER\n  PURPOSE_SYSTEM\n  NEWCHAIN\n  ML_SUPPORT_DOCS_NEEDED\n  TWO_STAGE_BRIDGE\n  ECOSYSTEM_INTELLIGENCE\n  RECURSIVE_IMPROVEMENT\n  LEGACY_TERM_USE_APPROVED\n}\n\n\n",
        "scope": "global"
      },
      "scope": "global",
      "id": "299c38eb-4850-4d6a-802a-4ac2f6c35d30",
      "index": 69,
      "timestamp": "2025-02-20T14:04:25.666Z",
      "hash": "lixR3HvSks8e9tL2fcrNU+HpRAA=",
      "skip": 0
    },
    {
      "type": "SET_STATE_SCHEMA",
      "input": {
        "schema": "type AtlasFoundationState {\n  \"\"\"\n    Full name of the Foundation entity.  \n  \"\"\"\n  name: String\n\n  \"\"\"\n    Unique document number assigned to the Foundation entity within Atlas.  \n  \n  \"\"\"\n  docNo: String\n\n  \"\"\"\n    Parent entity that this Foundation belongs to.  \n    This is a reference to another Atlas document.\n  \"\"\"\n  parent: FDocumentLink!\n\n  \"\"\"\n    The type of the Foundation entity within Atlas.  \n    Example: DAO, Governance Body, Research Hub, etc.\n  \"\"\"\n  atlasType: FAtlasType! \n\n  \"\"\"\n    Entire content body of the Foundation document within Atlas.  \n  \"\"\"\n  content: String\n\n  \"\"\"\n    Master status of the Foundation entity as managed by the Atlas Axis facilitator group.  \n  \n  \"\"\"\n  masterStatus: FStatus!\n\n  \"\"\"\n    Document tags managed by the Atlas Axis facilitator group for classification.  \n  \n  \"\"\"\n  globalTags: [FGlobalTag!]!\n\n  \"\"\"\n    References to other Atlas entities that are linked to this Foundation.  \n  \n  \"\"\"\n  references: [FDocumentLink!]!\n\n  \"\"\"\n    List of Atlas documents that were relevant for the creation of this Foundation document.  \n   \n  \"\"\"\n  originalContextData: [FDocumentLink!]!\n\n  \"\"\"\n    Link to the original P0hub Notion environment where this document was first created or referenced.\n  \"\"\"\n  provenance: URL\n\n  \"\"\"\n    Original Notion document ID of the Foundation document.  \n    Used for cross-system referencing and linking back to the original Notion source.\n  \"\"\"\n  notionId: String\n}\n\"\"\"\n   Reference to a document within Atlas with optional name and document number for display reasons. \n\"\"\"\n\ntype FDocumentLink {\n  id:PHID!\n  name:OLabel\n  docNo: String \n}\n\n\"\"\"\nDomain (i.e., Atlas) specific document types with the same document model global schema. \n\n\"\"\"\nenum FAtlasType {\n  ARTICLE\n  SECTION\n  CORE\n  ACTIVE_DATA_CONTROLLER\n}\n\nenum FStatus {\n  PLACEHOLDER\n  PROVISIONAL\n  APPROVED\n  DEFERRED\n  ARCHIVED\n}\n\n\n\"\"\"\nThese global tags differ from the ones in Scopes. \n\"\"\"\nenum FGlobalTag {\n  SCOPE_ADVISOR\n  AVC\n  CAIS\n  ML_LOW_PRIORITY\n  EXTERNAL_REFERENCE\n  DAO_TOOLKIT\n  ML_DEFER\n  PURPOSE_SYSTEM\n  NEWCHAIN\n  ML_SUPPORT_DOCS_NEEDED\n  TWO_STAGE_BRIDGE\n  ECOSYSTEM_INTELLIGENCE\n  RECURSIVE_IMPROVEMENT\n  LEGACY_TERM_USE_APPROVED\n}\n\n\n",
        "scope": "global"
      },
      "scope": "global",
      "id": "f7e3d859-5bd5-4f98-8ed3-61d6eca7de4a",
      "index": 70,
      "timestamp": "2025-02-20T14:04:42.907Z",
      "hash": "2ONrt7MlVLcoSKf4g4UhB+eXf5k=",
      "skip": 0
    },
    {
      "type": "SET_INITIAL_STATE",
      "input": {
        "initialValue": "{\n  \"name\": \"\",\n  \"docNo\": \"\",\n  \"parent\": {\n    \"id\": \"\",\n    \"name\": \"\",\n    \"docNo\": \"\"\n  },\n  \"atlasType\": \"ARTICLE\",\n  \"content\": \"\",\n  \"masterStatus\": \"PLACEHOLDER\",\n  \"globalTags\": [],\n  \"references\": [],\n  \"originalContextData\": [],\n  \"provenance\": \"\",\n  \"notionId\": \"\"\n}",
        "scope": "global"
      },
      "scope": "global",
      "id": "87da74eb-778b-4ee9-b43c-413b25ba85d7",
      "index": 71,
      "timestamp": "2025-02-20T14:04:47.690Z",
      "hash": "1BxuxTlnBAq3l+2aHIg3r28NGeg=",
      "skip": 0
    },
    {
      "type": "SET_STATE_SCHEMA",
      "input": {
        "schema": "type AtlasFoundationState {\n  \"\"\"\n    Full name of the Foundation entity.\n  \"\"\"\n  name: String\n\n  \"\"\"\n    Unique document number assigned to the Foundation entity within Atlas.\n  \"\"\"\n  docNo: String\n\n  \"\"\"\n    Parent entity that this Foundation belongs to.  \n    This is a reference to another Atlas document.\n  \"\"\"\n  parent: FDocumentLink\n\n  \"\"\"\n    The type of the Foundation entity within Atlas.  \n    Example: DAO, Governance Body, Research Hub, etc.\n  \"\"\"\n  atlasType: FAtlasType!\n\n  \"\"\"\n    Entire content body of the Foundation document within Atlas.  \n  \"\"\"\n  content: String\n\n  \"\"\"\n    Master status of the Foundation entity as managed by the Atlas Axis facilitator group.  \n  \n  \"\"\"\n  masterStatus: FStatus!\n\n  \"\"\"\n    Document tags managed by the Atlas Axis facilitator group for classification.  \n  \n  \"\"\"\n  globalTags: [FGlobalTag!]!\n\n  \"\"\"\n    References to other Atlas entities that are linked to this Foundation.  \n  \n  \"\"\"\n  references: [FDocumentLink!]!\n\n  \"\"\"\n    List of Atlas documents that were relevant for the creation of this Foundation document.  \n   \n  \"\"\"\n  originalContextData: [FDocumentLink!]!\n\n  \"\"\"\n    Link to the original P0hub Notion environment where this document was first created or referenced.\n  \"\"\"\n  provenance: URL\n\n  \"\"\"\n    Original Notion document ID of the Foundation document.  \n    Used for cross-system referencing and linking back to the original Notion source.\n  \"\"\"\n  notionId: String\n}\n\"\"\"\n   Reference to a document within Atlas with optional name and document number for display reasons. \n\"\"\"\n\ntype FDocumentLink {\n  id:PHID!\n  name:OLabel\n  docNo: String \n}\n\n\"\"\"\nDomain (i.e., Atlas) specific document types with the same document model global schema. \n\n\"\"\"\nenum FAtlasType {\n  ARTICLE\n  SECTION\n  CORE\n  ACTIVE_DATA_CONTROLLER\n}\n\nenum FStatus {\n  PLACEHOLDER\n  PROVISIONAL\n  APPROVED\n  DEFERRED\n  ARCHIVED\n}\n\n\n\"\"\"\nThese global tags differ from the ones in Scopes. \n\"\"\"\nenum FGlobalTag {\n  SCOPE_ADVISOR\n  AVC\n  CAIS\n  ML_LOW_PRIORITY\n  EXTERNAL_REFERENCE\n  DAO_TOOLKIT\n  ML_DEFER\n  PURPOSE_SYSTEM\n  NEWCHAIN\n  ML_SUPPORT_DOCS_NEEDED\n  TWO_STAGE_BRIDGE\n  ECOSYSTEM_INTELLIGENCE\n  RECURSIVE_IMPROVEMENT\n  LEGACY_TERM_USE_APPROVED\n}\n\n\n",
        "scope": "global"
      },
      "scope": "global",
      "id": "a9638fdb-a0ce-4ed5-8ad6-8b5e5991cf56",
      "index": 72,
      "timestamp": "2025-02-20T14:05:13.671Z",
      "hash": "6thtSE8iyW3gbsMsUZbmtMwhFPQ=",
      "skip": 0
    },
    {
      "type": "SET_STATE_SCHEMA",
      "input": {
        "schema": "type AtlasFoundationState {\n  \"\"\"\n    Full name of the Foundation entity.\n  \"\"\"\n  name: String\n\n  \"\"\"\n    Unique document number assigned to the Foundation entity within Atlas.\n  \"\"\"\n  docNo: String\n\n  \"\"\"\n    Parent entity that this Foundation belongs to.  \n    This is a reference to another Atlas document.\n  \"\"\"\n  parent: FDocumentLink\n\n  \"\"\"\n    The type of the Foundation entity within Atlas.  \n    Example: DAO, Governance Body, Research Hub, etc.\n  \"\"\"\n  atlasType: FAtlasType!\n\n  \"\"\"\n    Entire content body of the Foundation document within Atlas. \n  \"\"\"\n  content: String\n\n  \"\"\"\n    Master status of the Foundation entity as managed by the Atlas Axis facilitator group.\n  \"\"\"\n  masterStatus: FStatus!\n\n  \"\"\"\n    Document tags managed by the Atlas Axis facilitator group for classification.\n  \"\"\"\n  globalTags: [FGlobalTag!]!\n\n  \"\"\"\n    References to other Atlas entities that are linked to this Foundation.\n  \"\"\"\n  references: [FDocumentLink!]!\n\n  \"\"\"\n    List of Atlas documents that were relevant for the creation of this Foundation document.\n  \"\"\"\n  originalContextData: [FDocumentLink!]!\n\n  \"\"\"\n    Link to the original P0hub Notion environment where this document was first created or referenced.\n  \"\"\"\n  provenance: [URL!]!\n\n  \"\"\"\n    Original Notion document ID of the Foundation document.  \n    Used for cross-system referencing and linking back to the original Notion source.\n  \"\"\"\n  notionId: String\n}\n\"\"\"\n   Reference to a document within Atlas with optional name and document number for display reasons. \n\"\"\"\n\ntype FDocumentLink {\n  id:PHID!\n  name:OLabel\n  docNo: String \n}\n\n\"\"\"\nDomain (i.e., Atlas) specific document types with the same document model global schema. \n\n\"\"\"\nenum FAtlasType {\n  ARTICLE\n  SECTION\n  CORE\n  ACTIVE_DATA_CONTROLLER\n}\n\nenum FStatus {\n  PLACEHOLDER\n  PROVISIONAL\n  APPROVED\n  DEFERRED\n  ARCHIVED\n}\n\n\n\"\"\"\nThese global tags differ from the ones in Scopes. \n\"\"\"\nenum FGlobalTag {\n  SCOPE_ADVISOR\n  AVC\n  CAIS\n  ML_LOW_PRIORITY\n  EXTERNAL_REFERENCE\n  DAO_TOOLKIT\n  ML_DEFER\n  PURPOSE_SYSTEM\n  NEWCHAIN\n  ML_SUPPORT_DOCS_NEEDED\n  TWO_STAGE_BRIDGE\n  ECOSYSTEM_INTELLIGENCE\n  RECURSIVE_IMPROVEMENT\n  LEGACY_TERM_USE_APPROVED\n}\n\n\n",
        "scope": "global"
      },
      "scope": "global",
      "id": "ffdaae77-43c4-48c8-a469-82bfaca678dd",
      "index": 73,
      "timestamp": "2025-02-20T14:06:08.127Z",
      "hash": "sS2KSYvRWhmZ4aOTU7dqs7DetiQ=",
      "skip": 0
    },
    {
      "type": "SET_INITIAL_STATE",
      "input": {
        "initialValue": "{\n  \"name\": \"\",\n  \"docNo\": \"\",\n  \"parent\": {\n    \"id\": \"\",\n    \"name\": \"\",\n    \"docNo\": \"\"\n  },\n  \"atlasType\": \"ARTICLE\",\n  \"content\": \"\",\n  \"masterStatus\": \"PLACEHOLDER\",\n  \"globalTags\": [],\n  \"references\": [],\n  \"originalContextData\": [],\n  \"provenance\": [],\n  \"notionId\": \"\"\n}",
        "scope": "global"
      },
      "scope": "global",
      "id": "5bd6ceb3-fbae-4f69-a844-6e5ab57c8783",
      "index": 74,
      "timestamp": "2025-02-20T14:06:36.016Z",
      "hash": "i3bICxaUDs9bv/tLOUbXBPUzEwI=",
      "skip": 0
    },
    {
      "type": "SET_OPERATION_SCHEMA",
      "input": {
        "id": "susTeqrRl45S8oQ1G1ncC+qMxYk=",
        "schema": "input SetFoundationNameInput {\n  \"Add your inputs here\"\n  name: String!\n}"
      },
      "scope": "global",
      "id": "c9f1285a-2d9c-4657-b2db-d84782e74d37",
      "index": 75,
      "timestamp": "2025-02-20T14:11:06.484Z",
      "hash": "vmhwhTRNLGKGwHDTUWMpgEOZsL8=",
      "skip": 0
    },
    {
      "type": "SET_OPERATION_SCHEMA",
      "input": {
        "id": "susTeqrRl45S8oQ1G1ncC+qMxYk=",
        "schema": "input SetFoundationNameInput {\n  name: String!\n}"
      },
      "scope": "global",
      "id": "6c465e4d-a030-4c91-852e-117bf35d44c2",
      "index": 76,
      "timestamp": "2025-02-20T14:11:10.254Z",
      "hash": "nJQfViw+wAKAHW5g+9AHGKN9kVw=",
      "skip": 0
    },
    {
      "type": "SET_OPERATION_SCHEMA",
      "input": {
        "id": "v4PAjAoE3LbwBkfqgp1Tb/ectpA=",
        "schema": "input SetDocNumberInput {\n  docNo: String!\n}"
      },
      "scope": "global",
      "id": "21fb5b3a-c3a3-4041-b002-ee1781eaef61",
      "index": 77,
      "timestamp": "2025-02-20T14:11:23.591Z",
      "hash": "7e28BXmhbQloVncfSrBjMQ7crYs=",
      "skip": 0
    },
    {
      "type": "SET_OPERATION_SCHEMA",
      "input": {
        "id": "GcNCvvKWvOOMPmTlvkaALCvG3AQ=",
        "schema": "input SetContentInput {\n  content: String!\n}"
      },
      "scope": "global",
      "id": "fdfddcb0-8699-405c-9d49-8a3cee8985f1",
      "index": 78,
      "timestamp": "2025-02-20T14:11:32.420Z",
      "hash": "uSyaq5GV6zyaOePVRD9i5xZPSdY=",
      "skip": 0
    },
    {
      "type": "SET_OPERATION_SCHEMA",
      "input": {
        "id": "BnKdfbViBZl9emZos2vzlzgWx8o=",
        "schema": "input SetMasterStatusInput {\n  masterStatus: FStatus! \n}"
      },
      "scope": "global",
      "id": "20659eb6-16c7-4dee-b2e7-7b4fc3793442",
      "index": 79,
      "timestamp": "2025-02-20T14:11:36.547Z",
      "hash": "622NZbKLfH+YSH6mbTt7Uc8C8l8=",
      "skip": 0
    },
    {
      "type": "SET_OPERATION_SCHEMA",
      "input": {
        "id": "qVfkJKEGfwpQrizJW5doBTv0Rh0=",
        "schema": "input SetReferencesInput {\n  reference: [PHID!]\n}"
      },
      "scope": "global",
      "id": "05fbe194-c801-4aad-8ed5-9356c24d0566",
      "index": 80,
      "timestamp": "2025-02-20T14:11:51.591Z",
      "hash": "/lWbc1akrrXZb96tSDzzFEruoHY=",
      "skip": 0
    },
    {
      "type": "SET_OPERATION_NAME",
      "input": {
        "id": "qVfkJKEGfwpQrizJW5doBTv0Rh0=",
        "name": "ADD_REFERENCE"
      },
      "scope": "global",
      "id": "5bd8b01c-1c07-413a-8ec7-45ff4da281ee",
      "index": 81,
      "timestamp": "2025-02-20T14:12:00.567Z",
      "hash": "Ym4BQ/3Xi4DFRoz1qfN7gV9v954=",
      "skip": 0
    },
    {
      "type": "SET_OPERATION_SCHEMA",
      "input": {
        "id": "qVfkJKEGfwpQrizJW5doBTv0Rh0=",
        "schema": "input AddReferencesInput {\n  reference: [PHID!]\n}"
      },
      "scope": "global",
      "id": "e253dc0b-0370-4b70-80fb-da7504de244b",
      "index": 82,
      "timestamp": "2025-02-20T14:12:26.915Z",
      "hash": "lKDv3jesfgJ8cLwI2x/22CpJwrc=",
      "skip": 0
    },
    {
      "type": "SET_OPERATION_SCHEMA",
      "input": {
        "id": "qVfkJKEGfwpQrizJW5doBTv0Rh0=",
        "schema": "input AddReferenceInput {\n  reference: [PHID!]\n}"
      },
      "scope": "global",
      "id": "67ba329d-7eec-423d-826b-1f123b2f9e83",
      "index": 83,
      "timestamp": "2025-02-20T14:12:32.531Z",
      "hash": "3G287s/Rs9CoJ6gH9/cUIkkCCRc=",
      "skip": 0
    },
    {
      "type": "SET_OPERATION_SCHEMA",
      "input": {
        "id": "qVfkJKEGfwpQrizJW5doBTv0Rh0=",
        "schema": "input AddReferenceInput {\n  id:PHID!\n  name:OLabel\n  docNo: String\n}"
      },
      "scope": "global",
      "id": "de752ea2-39b1-4c82-87bc-4223202397ec",
      "index": 84,
      "timestamp": "2025-02-20T14:12:39.661Z",
      "hash": "QZo9TcFwiqN20nABehT3NL7l/Iw=",
      "skip": 0
    },
    {
      "type": "ADD_OPERATION",
      "input": {
        "id": "KmUY+sszGz5lcEOtZKHTb9Pop6o=",
        "moduleId": "TU2S778qFpH66a8FE1qZ5Dx6vXI=",
        "name": "REMOVE_REFERENCE"
      },
      "scope": "global",
      "id": "8e02a9fc-8c2f-407a-bf10-d4b8290ee323",
      "index": 85,
      "timestamp": "2025-02-20T14:12:57.350Z",
      "hash": "b5sj5MiI0ilUSVBO0swiJ5QMFLg=",
      "skip": 0
    },
    {
      "type": "SET_OPERATION_SCHEMA",
      "input": {
        "id": "KmUY+sszGz5lcEOtZKHTb9Pop6o=",
        "schema": "input RemoveReferenceInput {\n  \"Add your inputs here\"\n  _placeholder: String\n}"
      },
      "scope": "global",
      "id": "a2300e08-fb33-4064-8b04-b4e5c21e5fe8",
      "index": 86,
      "timestamp": "2025-02-20T14:12:57.391Z",
      "hash": "lT2YIN/klAKvxZKx0rbEaxD2pFs=",
      "skip": 0
    },
    {
      "type": "SET_OPERATION_SCHEMA",
      "input": {
        "id": "KmUY+sszGz5lcEOtZKHTb9Pop6o=",
        "schema": "input RemoveReferenceInput {\n  id:PHID!\n}"
      },
      "scope": "global",
      "id": "27ba9736-4a56-4118-9d80-2063a17391b9",
      "index": 87,
      "timestamp": "2025-02-20T14:13:08.505Z",
      "hash": "ilv7/yRssev9ZPMm+TtckVBSs58=",
      "skip": 0
    },
    {
      "type": "SET_OPERATION_SCHEMA",
      "input": {
        "id": "TAtlkX1HDxb/z1KxHnw5aAxCRxM=",
        "schema": "input SetAtlasTypeInput {\n  atlasType: FAtlasType!\n}"
      },
      "scope": "global",
      "id": "65ea5077-cd4d-4a86-9d8d-4fc3d774bc54",
      "index": 88,
      "timestamp": "2025-02-20T14:13:22.529Z",
      "hash": "IGWDCoA1TIlGXyEvSg1yCqtW9vU=",
      "skip": 0
    },
    {
      "type": "SET_OPERATION_SCHEMA",
      "input": {
        "id": "fWW+V6+D1RN90Gri+uqMxRSMvww=",
        "schema": "input RemoveTagsInput {\n  tags: [FGlobalTag!]!\n}"
      },
      "scope": "global",
      "id": "f446cbe8-aba7-4b1d-855b-f53a5d319611",
      "index": 89,
      "timestamp": "2025-02-20T14:14:05.847Z",
      "hash": "oWNx15JTtywzE38kxtl5DxNBW2I=",
      "skip": 0
    },
    {
      "type": "SET_OPERATION_SCHEMA",
      "input": {
        "id": "l6zFYnQFbQ9jK2smwlTOSWErgVM=",
        "schema": "input AddTagsInput {\n  newTags: [FGlobalTag!]!\n}"
      },
      "scope": "global",
      "id": "655f8a6c-554c-46be-8f95-8413cb97c057",
      "index": 90,
      "timestamp": "2025-02-20T14:14:10.607Z",
      "hash": "igYksoNJn9Ou2kaN4TF9/Dm0Dpw=",
      "skip": 0
    },
    {
      "type": "ADD_OPERATION",
      "input": {
        "id": "CWSxMVFfNOZe+nUk6P5vfW+uySw=",
        "moduleId": "TU2S778qFpH66a8FE1qZ5Dx6vXI=",
        "name": "SET_PARENT"
      },
      "scope": "global",
      "id": "bb1365d4-0a12-48a7-ac8e-9bfc55632727",
      "index": 91,
      "timestamp": "2025-02-20T14:14:21.717Z",
      "hash": "9J0V3Vx0N2/ONEk5zZ7LNxk4tI4=",
      "skip": 0
    },
    {
      "type": "SET_OPERATION_SCHEMA",
      "input": {
        "id": "CWSxMVFfNOZe+nUk6P5vfW+uySw=",
        "schema": "input SetParentInput {\n  \"Add your inputs here\"\n  _placeholder: String\n}"
      },
      "scope": "global",
      "id": "2dbd86d5-92f3-4bdc-99b8-c2cb8b94a202",
      "index": 92,
      "timestamp": "2025-02-20T14:14:21.758Z",
      "hash": "RmVHxUqaAT98PbxhWnwx1ldwdu0=",
      "skip": 0
    },
    {
      "type": "SET_OPERATION_SCHEMA",
      "input": {
        "id": "CWSxMVFfNOZe+nUk6P5vfW+uySw=",
        "schema": "input SetParentInput {\n  id:PHID!\n  name:OLabel\n  docNo: String\n}"
      },
      "scope": "global",
      "id": "536f1da0-60c2-4d7e-967f-539e17ac170b",
      "index": 93,
      "timestamp": "2025-02-20T14:14:34.262Z",
      "hash": "XR9LVSsd4gLc2QD9McqT7qwyXdU=",
      "skip": 0
    },
    {
      "type": "SET_OPERATION_NAME",
      "input": {
        "id": "hdblfl0fY4Frt6ek1C8IBsYuQ4U=",
        "name": "ADD_PROVENANCE_LINK"
      },
      "scope": "global",
      "id": "ccd40f8d-c490-43ba-83f2-ad7b98530297",
      "index": 94,
      "timestamp": "2025-02-20T14:16:30.555Z",
      "hash": "d6OaIwct0IbXZA/i0C7Fq7mhajU=",
      "skip": 0
    },
    {
      "type": "SET_OPERATION_NAME",
      "input": {
        "id": "hdblfl0fY4Frt6ek1C8IBsYuQ4U=",
        "name": "SET_PROVENANCE"
      },
      "scope": "global",
      "id": "f0915d93-cc2d-4195-8905-b383a9786495",
      "index": 95,
      "timestamp": "2025-02-20T14:16:45.929Z",
      "hash": "XR9LVSsd4gLc2QD9McqT7qwyXdU=",
      "skip": 0
    },
    {
      "type": "SET_OPERATION_SCHEMA",
      "input": {
        "id": "hdblfl0fY4Frt6ek1C8IBsYuQ4U=",
        "schema": "input SetProvenanceInput {\n  provenance: [URL!]!\n}"
      },
      "scope": "global",
      "id": "8afb5f6f-68de-4c04-ba43-6c81e5c136bc",
      "index": 96,
      "timestamp": "2025-02-20T14:16:57.172Z",
      "hash": "f5uqXigQRaZy7LiwRoqOduOq+C4=",
      "skip": 0
    },
    {
      "type": "SET_OPERATION_SCHEMA",
      "input": {
        "id": "dwiQmyMPXVmdLwp1gcWtHrgSEQY=",
        "schema": "input RemoveContextDataInput {\n  id: PHID! \n}"
      },
      "scope": "global",
      "id": "eec48da9-84f3-41c0-8da3-a43ae7216d68",
      "index": 97,
      "timestamp": "2025-02-20T14:17:03.855Z",
      "hash": "9D+TUGtAcBkkAoI+Gaso1mTGUMc=",
      "skip": 0
    },
    {
      "type": "SET_OPERATION_SCHEMA",
      "input": {
        "id": "qTnjXgF1LBIomkVwKeqrM9aiPNk=",
        "schema": "input AddContextDataInput {\n  id: PHID!\n  name: String\n  docNo: String\n}"
      },
      "scope": "global",
      "id": "2364a481-931c-4acc-95e6-9ec3952607ae",
      "index": 98,
      "timestamp": "2025-02-20T14:17:06.458Z",
      "hash": "O3Zpa3i1xiol8/IdV+mg8V4LCCE=",
      "skip": 0
    },
    {
      "type": "SET_OPERATION_SCHEMA",
      "input": {
        "id": "5pEuE+fOKcz6++YIdgziy+lA3Zg=",
        "schema": "input SetNotionIdInput {\n  notionID: String!\n}"
      },
      "scope": "global",
      "id": "6c1ad238-5eca-49ee-97a2-1c812688a886",
      "index": 99,
      "timestamp": "2025-02-20T14:32:31.189Z",
      "hash": "a1f3T/DNwgazOkUPcDTFRwa+xKI=",
      "skip": 0
    },
    {
      "type": "SET_OPERATION_SCHEMA",
      "input": {
        "id": "l6zFYnQFbQ9jK2smwlTOSWErgVM=",
        "schema": "input AddTagsInput {\n  tags: [FGlobalTag!]!\n}"
      },
      "scope": "global",
      "id": "820a76b5-7af7-4025-9c10-155212435c05",
      "index": 100,
      "timestamp": "2025-02-20T14:32:52.215Z",
      "hash": "Vhkyeu7lmrjqoz8OtVs6JWZB+Ow=",
      "skip": 0
    }
  ],
  "local": []
}