{
  "global": {
    "id": "sky/atlas-set",
    "name": "AtlasSet",
    "extension": "",
    "description": "Navigational containers, like \"categories, which themselves are not numbered, but contain numbered child nodes. ",
    "author": {
      "name": "",
      "website": ""
    },
    "specifications": [
      {
        "version": 1,
        "changeLog": [],
        "state": {
          "global": {
            "schema": "type AtlasSetState {\n  id: PHID!\n  title: String!\n  parent: PHID!\n}",
            "initialValue": "{\n  \"id\": \"\",\n  \"title\": \"\",\n  \"parent\": \"\"\n}",
            "examples": []
          },
          "local": {
            "schema": "",
            "initialValue": "",
            "examples": []
          }
        },
        "modules": [
          {
            "id": "Az0T4dSVvVna4Qep0XxmXsO4CA0=",
            "name": "scalars",
            "description": "",
            "operations": [
              {
                "id": "qdLlNNuGNJHcthxq66GHuBaufdI=",
                "name": "SET_SET_TITLE",
                "description": "",
                "schema": "input SetSetTitleInput {\n  title: String\n}",
                "template": "",
                "reducer": "",
                "errors": [],
                "examples": [],
                "scope": "global"
              },
              {
                "id": "T2BqBOG6DLED42Z2865BFsxzTeg=",
                "name": "SET_SET_PARENT",
                "description": "",
                "schema": "input SetSetParentInput {\n  parent: PHID!\n}",
                "template": "",
                "reducer": "",
                "errors": [],
                "examples": [],
                "scope": "global"
              }
            ]
          }
        ]
      }
    ]
  },
  "local": {}
}