{
  "global": [
    {
      "type": "SET_MODEL_NAME",
      "input": {
        "name": "atlas-set"
      },
      "scope": "global",
      "id": "d20a0968-663d-4be3-b620-fb9f3e49d1d4",
      "index": 0,
      "timestamp": "2025-04-25T08:18:42.797Z",
      "hash": "BRusYcco3WDQcKMR1qFRoDMKkEs=",
      "skip": 0
    },
    {
      "type": "SET_STATE_SCHEMA",
      "input": {
        "schema": "type AtlasSetState {\n  \"Add your global state fields here\"\n  _placeholder: String\n}",
        "scope": "global"
      },
      "scope": "global",
      "id": "fe074e8b-acfe-4e78-ad97-813765f783c3",
      "index": 1,
      "timestamp": "2025-04-25T08:18:42.799Z",
      "hash": "At3BZsvRWODyV+lNJEt3lHqGy6w=",
      "skip": 0
    },
    {
      "type": "SET_MODEL_NAME",
      "input": {
        "name": "atlas-set"
      },
      "scope": "global",
      "id": "d20a0968-663d-4be3-b620-fb9f3e49d1d4",
      "index": 2,
      "timestamp": "2025-04-25T08:18:42.797Z",
      "hash": "BRusYcco3WDQcKMR1qFRoDMKkEs=",
      "skip": 2
    },
    {
      "type": "SET_STATE_SCHEMA",
      "input": {
        "schema": "type AtlasSetState {\n  \"Add your global state fields here\"\n  _placeholder: String\n}",
        "scope": "global"
      },
      "scope": "global",
      "id": "fe074e8b-acfe-4e78-ad97-813765f783c3",
      "index": 3,
      "timestamp": "2025-04-25T08:18:42.799Z",
      "hash": "At3BZsvRWODyV+lNJEt3lHqGy6w=",
      "skip": 0
    },
    {
      "type": "SET_MODEL_NAME",
      "input": {
        "name": "AtlasSet"
      },
      "scope": "global",
      "id": "077601c5-ec0c-4c0f-b73a-c2f93ba2c595",
      "index": 4,
      "timestamp": "2025-04-25T08:18:49.121Z",
      "hash": "RYIxwxRV7MLKehjo2n4nYi0uEqY=",
      "skip": 0
    },
    {
      "type": "SET_STATE_SCHEMA",
      "input": {
        "schema": "type AtlasSetState {\n  \"Add your global state fields here\"\n  _placeholder: String\n}",
        "scope": "global"
      },
      "scope": "global",
      "id": "ab725c6e-b54f-45c0-b440-0b3cb4a44c86",
      "index": 5,
      "timestamp": "2025-04-25T08:18:49.121Z",
      "hash": "RYIxwxRV7MLKehjo2n4nYi0uEqY=",
      "skip": 0
    },
    {
      "type": "SET_MODEL_NAME",
      "input": {
        "name": "atlas-set"
      },
      "scope": "global",
      "id": "d20a0968-663d-4be3-b620-fb9f3e49d1d4",
      "index": 6,
      "timestamp": "2025-04-25T08:18:42.797Z",
      "hash": "BRusYcco3WDQcKMR1qFRoDMKkEs=",
      "skip": 6
    },
    {
      "type": "SET_STATE_SCHEMA",
      "input": {
        "schema": "type AtlasSetState {\n  \"Add your global state fields here\"\n  _placeholder: String\n}",
        "scope": "global"
      },
      "scope": "global",
      "id": "fe074e8b-acfe-4e78-ad97-813765f783c3",
      "index": 7,
      "timestamp": "2025-04-25T08:18:42.799Z",
      "hash": "At3BZsvRWODyV+lNJEt3lHqGy6w=",
      "skip": 0
    },
    {
      "type": "SET_MODEL_NAME",
      "input": {
        "name": "AtlasSet"
      },
      "scope": "global",
      "id": "077601c5-ec0c-4c0f-b73a-c2f93ba2c595",
      "index": 8,
      "timestamp": "2025-04-25T08:18:49.121Z",
      "hash": "RYIxwxRV7MLKehjo2n4nYi0uEqY=",
      "skip": 0
    },
    {
      "type": "SET_STATE_SCHEMA",
      "input": {
        "schema": "type AtlasSetState {\n  \"Add your global state fields here\"\n  _placeholder: String\n}",
        "scope": "global"
      },
      "scope": "global",
      "id": "ab725c6e-b54f-45c0-b440-0b3cb4a44c86",
      "index": 9,
      "timestamp": "2025-04-25T08:18:49.121Z",
      "hash": "RYIxwxRV7MLKehjo2n4nYi0uEqY=",
      "skip": 0
    },
    {
      "type": "SET_MODEL_ID",
      "input": {
        "id": "sky/atlas-set"
      },
      "scope": "global",
      "id": "0b5d3416-2224-471e-bd1d-a05d767eedbf",
      "index": 10,
      "timestamp": "2025-04-25T08:18:53.410Z",
      "hash": "gs6XPNb6Mric9F2dIkwFBGBskd0=",
      "skip": 0
    },
    {
      "type": "SET_MODEL_NAME",
      "input": {
        "name": "atlas-set"
      },
      "scope": "global",
      "id": "d20a0968-663d-4be3-b620-fb9f3e49d1d4",
      "index": 11,
      "timestamp": "2025-04-25T08:18:42.797Z",
      "hash": "BRusYcco3WDQcKMR1qFRoDMKkEs=",
      "skip": 11
    },
    {
      "type": "SET_STATE_SCHEMA",
      "input": {
        "schema": "type AtlasSetState {\n  \"Add your global state fields here\"\n  _placeholder: String\n}",
        "scope": "global"
      },
      "scope": "global",
      "id": "fe074e8b-acfe-4e78-ad97-813765f783c3",
      "index": 12,
      "timestamp": "2025-04-25T08:18:42.799Z",
      "hash": "At3BZsvRWODyV+lNJEt3lHqGy6w=",
      "skip": 0
    },
    {
      "type": "SET_MODEL_NAME",
      "input": {
        "name": "AtlasSet"
      },
      "scope": "global",
      "id": "077601c5-ec0c-4c0f-b73a-c2f93ba2c595",
      "index": 13,
      "timestamp": "2025-04-25T08:18:49.121Z",
      "hash": "RYIxwxRV7MLKehjo2n4nYi0uEqY=",
      "skip": 0
    },
    {
      "type": "SET_STATE_SCHEMA",
      "input": {
        "schema": "type AtlasSetState {\n  \"Add your global state fields here\"\n  _placeholder: String\n}",
        "scope": "global"
      },
      "scope": "global",
      "id": "ab725c6e-b54f-45c0-b440-0b3cb4a44c86",
      "index": 14,
      "timestamp": "2025-04-25T08:18:49.121Z",
      "hash": "RYIxwxRV7MLKehjo2n4nYi0uEqY=",
      "skip": 0
    },
    {
      "type": "SET_MODEL_ID",
      "input": {
        "id": "sky/atlas-set"
      },
      "scope": "global",
      "id": "0b5d3416-2224-471e-bd1d-a05d767eedbf",
      "index": 15,
      "timestamp": "2025-04-25T08:18:53.410Z",
      "hash": "gs6XPNb6Mric9F2dIkwFBGBskd0=",
      "skip": 0
    },
    {
      "type": "SET_MODEL_DESCRIPTION",
      "input": {
        "description": "Navigational containers, like \"categories, which themselves are not numbered, but contain numbered child nodes. "
      },
      "scope": "global",
      "id": "23df7146-a236-4246-a436-82863b83f42a",
      "index": 16,
      "timestamp": "2025-04-25T08:19:25.004Z",
      "hash": "6t6sZ+m2jEblz/l71+tACDift4o=",
      "skip": 0
    },
    {
      "type": "SET_MODEL_NAME",
      "input": {
        "name": "atlas-set"
      },
      "scope": "global",
      "id": "d20a0968-663d-4be3-b620-fb9f3e49d1d4",
      "index": 17,
      "timestamp": "2025-04-25T08:18:42.797Z",
      "hash": "BRusYcco3WDQcKMR1qFRoDMKkEs=",
      "skip": 17
    },
    {
      "type": "SET_STATE_SCHEMA",
      "input": {
        "schema": "type AtlasSetState {\n  \"Add your global state fields here\"\n  _placeholder: String\n}",
        "scope": "global"
      },
      "scope": "global",
      "id": "fe074e8b-acfe-4e78-ad97-813765f783c3",
      "index": 18,
      "timestamp": "2025-04-25T08:18:42.799Z",
      "hash": "At3BZsvRWODyV+lNJEt3lHqGy6w=",
      "skip": 0
    },
    {
      "type": "SET_MODEL_NAME",
      "input": {
        "name": "AtlasSet"
      },
      "scope": "global",
      "id": "077601c5-ec0c-4c0f-b73a-c2f93ba2c595",
      "index": 19,
      "timestamp": "2025-04-25T08:18:49.121Z",
      "hash": "RYIxwxRV7MLKehjo2n4nYi0uEqY=",
      "skip": 0
    },
    {
      "type": "SET_STATE_SCHEMA",
      "input": {
        "schema": "type AtlasSetState {\n  \"Add your global state fields here\"\n  _placeholder: String\n}",
        "scope": "global"
      },
      "scope": "global",
      "id": "ab725c6e-b54f-45c0-b440-0b3cb4a44c86",
      "index": 20,
      "timestamp": "2025-04-25T08:18:49.121Z",
      "hash": "RYIxwxRV7MLKehjo2n4nYi0uEqY=",
      "skip": 0
    },
    {
      "type": "SET_MODEL_ID",
      "input": {
        "id": "sky/atlas-set"
      },
      "scope": "global",
      "id": "0b5d3416-2224-471e-bd1d-a05d767eedbf",
      "index": 21,
      "timestamp": "2025-04-25T08:18:53.410Z",
      "hash": "gs6XPNb6Mric9F2dIkwFBGBskd0=",
      "skip": 0
    },
    {
      "type": "SET_MODEL_DESCRIPTION",
      "input": {
        "description": "Navigational containers, like \"categories, which themselves are not numbered, but contain numbered child nodes. "
      },
      "scope": "global",
      "id": "23df7146-a236-4246-a436-82863b83f42a",
      "index": 22,
      "timestamp": "2025-04-25T08:19:25.004Z",
      "hash": "6t6sZ+m2jEblz/l71+tACDift4o=",
      "skip": 0
    },
    {
      "type": "SET_STATE_SCHEMA",
      "input": {
        "schema": "type AtlasSetState {\n  id: PHID!\n  title: String!\n  parent: PHID!\n}",
        "scope": "global"
      },
      "scope": "global",
      "id": "7ab076b7-81fd-474b-8a70-a03a42e1ed0f",
      "index": 23,
      "timestamp": "2025-04-25T08:19:49.470Z",
      "hash": "V4/+wkgU8wwRbJG8GRi4K98q0p8=",
      "skip": 0
    },
    {
      "type": "SET_INITIAL_STATE",
      "input": {
        "initialValue": "{\n  \"id\": \"\",\n  \"title\": \"\",\n  \"parent\": \"\"\n}",
        "scope": "global"
      },
      "scope": "global",
      "id": "7e94b226-78a0-4c63-b25c-3b91b9dd2af1",
      "index": 24,
      "timestamp": "2025-04-25T08:19:49.528Z",
      "hash": "Piwvpj4RS7JzpxO6nDddJtB1YOo=",
      "skip": 0
    },
    {
      "type": "SET_MODEL_NAME",
      "input": {
        "name": "atlas-set"
      },
      "scope": "global",
      "id": "d20a0968-663d-4be3-b620-fb9f3e49d1d4",
      "index": 25,
      "timestamp": "2025-04-25T08:18:42.797Z",
      "hash": "BRusYcco3WDQcKMR1qFRoDMKkEs=",
      "skip": 25
    },
    {
      "type": "SET_STATE_SCHEMA",
      "input": {
        "schema": "type AtlasSetState {\n  \"Add your global state fields here\"\n  _placeholder: String\n}",
        "scope": "global"
      },
      "scope": "global",
      "id": "fe074e8b-acfe-4e78-ad97-813765f783c3",
      "index": 26,
      "timestamp": "2025-04-25T08:18:42.799Z",
      "hash": "At3BZsvRWODyV+lNJEt3lHqGy6w=",
      "skip": 0
    },
    {
      "type": "SET_MODEL_NAME",
      "input": {
        "name": "AtlasSet"
      },
      "scope": "global",
      "id": "077601c5-ec0c-4c0f-b73a-c2f93ba2c595",
      "index": 27,
      "timestamp": "2025-04-25T08:18:49.121Z",
      "hash": "RYIxwxRV7MLKehjo2n4nYi0uEqY=",
      "skip": 0
    },
    {
      "type": "SET_STATE_SCHEMA",
      "input": {
        "schema": "type AtlasSetState {\n  \"Add your global state fields here\"\n  _placeholder: String\n}",
        "scope": "global"
      },
      "scope": "global",
      "id": "ab725c6e-b54f-45c0-b440-0b3cb4a44c86",
      "index": 28,
      "timestamp": "2025-04-25T08:18:49.121Z",
      "hash": "RYIxwxRV7MLKehjo2n4nYi0uEqY=",
      "skip": 0
    },
    {
      "type": "SET_MODEL_ID",
      "input": {
        "id": "sky/atlas-set"
      },
      "scope": "global",
      "id": "0b5d3416-2224-471e-bd1d-a05d767eedbf",
      "index": 29,
      "timestamp": "2025-04-25T08:18:53.410Z",
      "hash": "gs6XPNb6Mric9F2dIkwFBGBskd0=",
      "skip": 0
    },
    {
      "type": "SET_MODEL_DESCRIPTION",
      "input": {
        "description": "Navigational containers, like \"categories, which themselves are not numbered, but contain numbered child nodes. "
      },
      "scope": "global",
      "id": "23df7146-a236-4246-a436-82863b83f42a",
      "index": 30,
      "timestamp": "2025-04-25T08:19:25.004Z",
      "hash": "6t6sZ+m2jEblz/l71+tACDift4o=",
      "skip": 0
    },
    {
      "type": "SET_STATE_SCHEMA",
      "input": {
        "schema": "type AtlasSetState {\n  id: PHID!\n  title: String!\n  parent: PHID!\n}",
        "scope": "global"
      },
      "scope": "global",
      "id": "7ab076b7-81fd-474b-8a70-a03a42e1ed0f",
      "index": 31,
      "timestamp": "2025-04-25T08:19:49.470Z",
      "hash": "V4/+wkgU8wwRbJG8GRi4K98q0p8=",
      "skip": 0
    },
    {
      "type": "SET_INITIAL_STATE",
      "input": {
        "initialValue": "{\n  \"id\": \"\",\n  \"title\": \"\",\n  \"parent\": \"\"\n}",
        "scope": "global"
      },
      "scope": "global",
      "id": "7e94b226-78a0-4c63-b25c-3b91b9dd2af1",
      "index": 32,
      "timestamp": "2025-04-25T08:19:49.528Z",
      "hash": "Piwvpj4RS7JzpxO6nDddJtB1YOo=",
      "skip": 0
    },
    {
      "type": "ADD_MODULE",
      "input": {
        "id": "Az0T4dSVvVna4Qep0XxmXsO4CA0=",
        "name": "scalars"
      },
      "scope": "global",
      "id": "eee4c536-0673-4781-a3f2-2b6e57ea7130",
      "index": 33,
      "timestamp": "2025-04-25T08:20:23.834Z",
      "hash": "f7hsz7pTmouW/ZIcPxuW1KisCRk=",
      "skip": 0
    },
    {
      "type": "SET_MODEL_NAME",
      "input": {
        "name": "atlas-set"
      },
      "scope": "global",
      "id": "d20a0968-663d-4be3-b620-fb9f3e49d1d4",
      "index": 34,
      "timestamp": "2025-04-25T08:18:42.797Z",
      "hash": "BRusYcco3WDQcKMR1qFRoDMKkEs=",
      "skip": 34
    },
    {
      "type": "SET_STATE_SCHEMA",
      "input": {
        "schema": "type AtlasSetState {\n  \"Add your global state fields here\"\n  _placeholder: String\n}",
        "scope": "global"
      },
      "scope": "global",
      "id": "fe074e8b-acfe-4e78-ad97-813765f783c3",
      "index": 35,
      "timestamp": "2025-04-25T08:18:42.799Z",
      "hash": "At3BZsvRWODyV+lNJEt3lHqGy6w=",
      "skip": 0
    },
    {
      "type": "SET_MODEL_NAME",
      "input": {
        "name": "AtlasSet"
      },
      "scope": "global",
      "id": "077601c5-ec0c-4c0f-b73a-c2f93ba2c595",
      "index": 36,
      "timestamp": "2025-04-25T08:18:49.121Z",
      "hash": "RYIxwxRV7MLKehjo2n4nYi0uEqY=",
      "skip": 0
    },
    {
      "type": "SET_STATE_SCHEMA",
      "input": {
        "schema": "type AtlasSetState {\n  \"Add your global state fields here\"\n  _placeholder: String\n}",
        "scope": "global"
      },
      "scope": "global",
      "id": "ab725c6e-b54f-45c0-b440-0b3cb4a44c86",
      "index": 37,
      "timestamp": "2025-04-25T08:18:49.121Z",
      "hash": "RYIxwxRV7MLKehjo2n4nYi0uEqY=",
      "skip": 0
    },
    {
      "type": "SET_MODEL_ID",
      "input": {
        "id": "sky/atlas-set"
      },
      "scope": "global",
      "id": "0b5d3416-2224-471e-bd1d-a05d767eedbf",
      "index": 38,
      "timestamp": "2025-04-25T08:18:53.410Z",
      "hash": "gs6XPNb6Mric9F2dIkwFBGBskd0=",
      "skip": 0
    },
    {
      "type": "SET_MODEL_DESCRIPTION",
      "input": {
        "description": "Navigational containers, like \"categories, which themselves are not numbered, but contain numbered child nodes. "
      },
      "scope": "global",
      "id": "23df7146-a236-4246-a436-82863b83f42a",
      "index": 39,
      "timestamp": "2025-04-25T08:19:25.004Z",
      "hash": "6t6sZ+m2jEblz/l71+tACDift4o=",
      "skip": 0
    },
    {
      "type": "SET_STATE_SCHEMA",
      "input": {
        "schema": "type AtlasSetState {\n  id: PHID!\n  title: String!\n  parent: PHID!\n}",
        "scope": "global"
      },
      "scope": "global",
      "id": "7ab076b7-81fd-474b-8a70-a03a42e1ed0f",
      "index": 40,
      "timestamp": "2025-04-25T08:19:49.470Z",
      "hash": "V4/+wkgU8wwRbJG8GRi4K98q0p8=",
      "skip": 0
    },
    {
      "type": "SET_INITIAL_STATE",
      "input": {
        "initialValue": "{\n  \"id\": \"\",\n  \"title\": \"\",\n  \"parent\": \"\"\n}",
        "scope": "global"
      },
      "scope": "global",
      "id": "7e94b226-78a0-4c63-b25c-3b91b9dd2af1",
      "index": 41,
      "timestamp": "2025-04-25T08:19:49.528Z",
      "hash": "Piwvpj4RS7JzpxO6nDddJtB1YOo=",
      "skip": 0
    },
    {
      "type": "ADD_MODULE",
      "input": {
        "id": "Az0T4dSVvVna4Qep0XxmXsO4CA0=",
        "name": "scalars"
      },
      "scope": "global",
      "id": "eee4c536-0673-4781-a3f2-2b6e57ea7130",
      "index": 42,
      "timestamp": "2025-04-25T08:20:23.834Z",
      "hash": "f7hsz7pTmouW/ZIcPxuW1KisCRk=",
      "skip": 0
    },
    {
      "type": "ADD_OPERATION",
      "input": {
        "id": "qdLlNNuGNJHcthxq66GHuBaufdI=",
        "moduleId": "Az0T4dSVvVna4Qep0XxmXsO4CA0=",
        "name": "SET_SET_TITLE"
      },
      "scope": "global",
      "id": "2cfbb2dd-716f-460e-a812-f063a02db8fe",
      "index": 43,
      "timestamp": "2025-04-25T08:20:40.915Z",
      "hash": "i0Vfk4Jmb2Etyp16E5j4hQyOisI=",
      "skip": 0
    },
    {
      "type": "SET_OPERATION_SCHEMA",
      "input": {
        "id": "qdLlNNuGNJHcthxq66GHuBaufdI=",
        "schema": "input SetSetTitleInput {\n  \"Add your inputs here\"\n  _placeholder: String\n}"
      },
      "scope": "global",
      "id": "550d69d0-463c-495a-a3e0-a7f1a01f8ad8",
      "index": 44,
      "timestamp": "2025-04-25T08:20:40.927Z",
      "hash": "YvTmtZ623KVx+GM8G0lkBRXNKFA=",
      "skip": 0
    },
    {
      "type": "SET_OPERATION_SCHEMA",
      "input": {
        "id": "qdLlNNuGNJHcthxq66GHuBaufdI=",
        "schema": "input SetSetTitleInput {\n  title: String\n}"
      },
      "scope": "global",
      "id": "19f6b3a6-4cde-4a9d-941a-bb42879da928",
      "index": 45,
      "timestamp": "2025-04-25T08:21:09.651Z",
      "hash": "NREh73g3bPX6WDrcUZpXV0T68Uk=",
      "skip": 0
    },
    {
      "type": "ADD_OPERATION",
      "input": {
        "id": "T2BqBOG6DLED42Z2865BFsxzTeg=",
        "moduleId": "Az0T4dSVvVna4Qep0XxmXsO4CA0=",
        "name": "SET_SET_PARENT"
      },
      "scope": "global",
      "id": "d362cddc-6a33-406a-a79a-7add18277435",
      "index": 46,
      "timestamp": "2025-04-25T08:26:04.473Z",
      "hash": "o8Fj2K9reD9vPZKx0LkdG0T0WSg=",
      "skip": 0
    },
    {
      "type": "SET_OPERATION_SCHEMA",
      "input": {
        "id": "T2BqBOG6DLED42Z2865BFsxzTeg=",
        "schema": "input SetSetParentInput {\n  \"Add your inputs here\"\n  _placeholder: String\n}"
      },
      "scope": "global",
      "id": "18d16cda-828d-4d31-9fb0-5f3ca42e4c2d",
      "index": 47,
      "timestamp": "2025-04-25T08:26:04.502Z",
      "hash": "+uI487PIQ1iGFgFDJrHrFgRAyPI=",
      "skip": 0
    },
    {
      "type": "SET_OPERATION_SCHEMA",
      "input": {
        "id": "T2BqBOG6DLED42Z2865BFsxzTeg=",
        "schema": "input SetSetParentInput {\n  parent: PHID!\n}"
      },
      "scope": "global",
      "id": "7604c4e2-5fb6-4184-b97c-5f3535cba7eb",
      "index": 48,
      "timestamp": "2025-04-25T08:26:19.581Z",
      "hash": "x47iEyQwCeho/Fhu1YUzZ0Jdkzs=",
      "skip": 0
    }
  ],
  "local": []
}