{
  "global": {
    "id": "sky/atlas-grounding",
    "name": "Atlas Grounding",
    "extension": ".agr",
    "description": "Grounding document type (Tennet, OriginalContextData, ActiveData, Collection)",
    "author": {
      "name": "Sky",
      "website": "https://sky.money/"
    },
    "specifications": [
      {
        "version": 1,
        "changeLog": [],
        "state": {
          "global": {
            "schema": "type AtlasGroundingState {\n  \"\"\"\n    Full name of the Grounding document entity.  \n  \"\"\"\n  name: String\n\n  \"\"\"\n    Unique document number assigned to the Grounding document within Atlas.  \n  \"\"\"\n  docNo: String\n\n  \"\"\"\n    Parent entity that this Grounding document belongs to.  \n    This is a reference to another Atlas document.\n  \"\"\"\n  parent: PHID!\n\n  \"\"\"\n    The type of the Grounding document within Atlas.  \n    Example: Tenet, Original Context Data, Active Data.\n  \"\"\"\n  atlasType: GAtlasType!\n\n  \"\"\"\n    Entire content body of the Grounding document within Atlas.  \n  \"\"\"\n  content: String\n\n  \"\"\"\n    Master status of the Grounding document as managed by the Atlas Axis facilitator group.  \n  \"\"\"\n  masterStatus: GStatus!\n\n  \"\"\"\n    Document tags managed by the Atlas Axis facilitator group for classification.  \n  \"\"\"\n  globalTags: [GGlobalTag!]!\n\n  \"\"\"\n    References to other Atlas entities that are linked to this Grounding document.  \n  \"\"\"\n  references: [PHID!]!\n\n  \"\"\"\n    List of Atlas documents that were relevant for the creation of this Grounding document.  \n  \"\"\"\n  originalContextData: [DocumentInfo!]!\n\n  \"\"\"\n    Link to the original P0hub Notion environment where this document was first created or referenced.\n  \"\"\"\n  provenance: URL\n\n  \"\"\"\n    Original Notion document ID of the Grounding document.  \n    Used for cross-system referencing and linking back to the original Notion source.\n  \"\"\"\n  notionId: String\n}\n\n\"\"\"\n   Reference to a document within Atlas with optional name and document number for display reasons. \n\"\"\"\n\ntype DocumentInfo {\n\n id:PHID!\n  name:OLabel\n  docNo: String \n}\n\n\n\"\"\"\n  Domain (i.e., Atlas) specific document types with the same document model global schema.  \n\"\"\"\nenum GAtlasType {\n  TENET\n  ORIGINAL_CONTEXT_DATA\n  ACTIVE_DATA\n}\n\n\n\"\"\"\n  Defines the lifecycle stage of the Grounding document within Atlas.  \n\"\"\"\nenum GStatus {\n  PLACEHOLDER\n  PROVISIONAL\n  APPROVED\n  DEFERRED\n  ARCHIVED\n}\n\n\"\"\"\n  These global tags are used for classification in Grounding documents.  \n\"\"\"\nenum GGlobalTag {\n  SCOPE_ADVISOR\n  AVC\n  CAIS\n  ML_LOW_PRIORITY\n  EXTERNAL_REFERENCE\n  DAO_TOOLKIT\n  ML_DEFER\n  PURPOSE_SYSTEM\n  NEWCHAIN\n  ML_SUPPORT_DOCS_NEEDED\n  TWO_STAGE_BRIDGE\n  ECOSYSTEM_INTELLIGENCE\n  RECURSIVE_IMPROVEMENT\n  LEGACY_TERM_USE_APPROVED\n}\n",
            "initialValue": "{\n  \"name\": \"\",\n  \"docNo\": \"\",\n  \"parent\": \"\",\n  \"atlasType\": \"TENET\",\n  \"content\": \"\",\n  \"masterStatus\": \"PLACEHOLDER\",\n  \"globalTags\": [],\n  \"references\": [],\n  \"originalContextData\": [],\n  \"provenance\": \"\",\n  \"notionId\": \"\"\n}",
            "examples": []
          },
          "local": {
            "schema": "",
            "initialValue": "",
            "examples": []
          }
        },
        "modules": [
          {
            "id": "Z4wFwR7FOy+pjbIc4oK+bA2dQjc=",
            "name": "general",
            "description": "",
            "operations": [
              {
                "id": "pbTnKZf0S+fzRub/1pWrD5zbNsk=",
                "name": "SET_GROUNDING_NAME",
                "description": "",
                "schema": "input SetGroundingNameInput {\n  \"Add your inputs here\"\n  name: String!\n}",
                "template": "",
                "reducer": "",
                "errors": [],
                "examples": [],
                "scope": "global"
              },
              {
                "id": "VyLF4PhtTbRi/adkmeHIo700dzE=",
                "name": "SET_DOC_NUMBER",
                "description": "",
                "schema": "input SetDocNumberInput {\n  \"Add your inputs here\"\n  docNo: String! \n}",
                "template": "",
                "reducer": "",
                "errors": [],
                "examples": [],
                "scope": "global"
              },
              {
                "id": "/kGF0lna2d/9PuAjxhcQMBuIY1g=",
                "name": "SET_CONTENT",
                "description": "",
                "schema": "input SetContentInput {\n  \"Add your inputs here\"\n  content: String! \n}",
                "template": "",
                "reducer": "",
                "errors": [],
                "examples": [],
                "scope": "global"
              },
              {
                "id": "yy3qFG0k67tzM1+klvVsOBe21H0=",
                "name": "SET_MASTER_STATUS",
                "description": "",
                "schema": "input SetMasterStatusInput {\n  \"Add your inputs here\"\n  masterStatus: GStatus! \n}",
                "template": "",
                "reducer": "",
                "errors": [],
                "examples": [],
                "scope": "global"
              },
              {
                "id": "HsC7LHDYz5BwFp4tTnpWA4312zw=",
                "name": "SET_ATLAS_TYPE",
                "description": "",
                "schema": "input SetAtlasTypeInput {\n  \"Add your inputs here\"\n  atlasType: [GAtlasType!]\n}",
                "template": "",
                "reducer": "",
                "errors": [],
                "examples": [],
                "scope": "global"
              }
            ]
          },
          {
            "id": "vpQLv7KGVNUx30F6sValLa7BBdM=",
            "name": "tags",
            "description": "",
            "operations": [
              {
                "id": "G1qGUhuNhTQ0YYNKbhlTO4sa8K8=",
                "name": "ADD_TAGS",
                "description": "",
                "schema": "input AddTagsInput {\n  \"Add your inputs here\"\n  newTags: [GGlobalTag!]!\n}",
                "template": "",
                "reducer": "",
                "errors": [],
                "examples": [],
                "scope": "global"
              },
              {
                "id": "AuFU3WJ/oSjB1gFiKY/jRWeORRI=",
                "name": "REMOVE_TAGS",
                "description": "",
                "schema": "input RemoveTagsInput {\n  \"Add your inputs here\"\n  tags: [GGlobalTag!]!\n}",
                "template": "",
                "reducer": "",
                "errors": [],
                "examples": [],
                "scope": "global"
              }
            ]
          },
          {
            "id": "hYLyB00jZOGkgOYlzIK4CQyetAc=",
            "name": "context",
            "description": "",
            "operations": [
              {
                "id": "kJ18avk8GZfFSCDB9nc3Q/IW/YM=",
                "name": "ADD_CONTEXT_DATA",
                "description": "",
                "schema": "input AddContextDataInput {\n  \"Add your inputs here\"\n  id: PHID!\n  name: String\n  docNo: String\n  \n}",
                "template": "",
                "reducer": "",
                "errors": [],
                "examples": [],
                "scope": "global"
              },
              {
                "id": "/US9/Z+DslnShdktk4kXSPk+5mQ=",
                "name": "REMOVE_CONTEXT_DATA",
                "description": "",
                "schema": "input RemoveContextDataInput {\n  \"Add your inputs here\"\n  id: PHID!\n}",
                "template": "",
                "reducer": "",
                "errors": [],
                "examples": [],
                "scope": "global"
              },
              {
                "id": "T9esDJaav0Urn7+xzXMG06+IvyI=",
                "name": "SET_PROVENANCE",
                "description": "",
                "schema": "input SetProvenanceInput {\n  \"Add your inputs here\"\n  provenance: URL\n  \n}",
                "template": "",
                "reducer": "",
                "errors": [],
                "examples": [],
                "scope": "global"
              },
              {
                "id": "sC5gxkpmz59EDlC1AG5kyfCR/u8=",
                "name": "SET_NOTION_ID",
                "description": "",
                "schema": "input SetNotionIdInput {\n  \"Add your inputs here\"\n  notionID: String\n}",
                "template": "",
                "reducer": "",
                "errors": [],
                "examples": [],
                "scope": "global"
              }
            ]
          }
        ]
      }
    ]
  },
  "local": {}
}