{
  "global": [
    {
      "type": "SET_MODEL_NAME",
      "input": {
        "name": "Atlas Grounding"
      },
      "scope": "global",
      "id": "df150d81-c955-4faa-81d2-d1411ec544b3",
      "index": 0,
      "timestamp": "2025-02-05T19:25:48.293Z",
      "hash": "dAjv8UWBdX0L5BGmoQz4GBzodnw=",
      "skip": 0
    },
    {
      "type": "SET_STATE_SCHEMA",
      "input": {
        "schema": "type AtlasGroundingState {\n  \"Add your global state fields here\"\n  _placeholder: String\n}",
        "scope": "global"
      },
      "scope": "global",
      "id": "b3679257-628c-46ce-bda9-971c98354ebf",
      "index": 1,
      "timestamp": "2025-02-05T19:25:48.294Z",
      "hash": "8NNEThpPJFMYEtVHh5gs7Wk04I4=",
      "skip": 0
    },
    {
      "type": "SET_MODEL_ID",
      "input": {
        "id": "sky/atlas-grounding"
      },
      "scope": "global",
      "id": "6e29ea6c-888d-443a-9ff5-2ac647ce5dee",
      "index": 2,
      "timestamp": "2025-02-05T19:25:55.166Z",
      "hash": "W34PzBZlg/P2cNzWrAuG1kRWKVE=",
      "skip": 0
    },
    {
      "type": "SET_AUTHOR_NAME",
      "input": {
        "authorName": "Sky"
      },
      "scope": "global",
      "id": "04c89f03-bb40-4d49-bb3b-97bc66d10582",
      "index": 3,
      "timestamp": "2025-02-05T19:25:57.233Z",
      "hash": "d5YL7C1yNB1j2hanB1x0QmCLXnQ=",
      "skip": 0
    },
    {
      "type": "SET_MODEL_DESCRIPTION",
      "input": {
        "description": "Grounding document type (Tennet, OriginalContextData, ActiveData, Collection)"
      },
      "scope": "global",
      "id": "1af40685-def7-478a-a31b-b33747ab617d",
      "index": 4,
      "timestamp": "2025-02-05T19:26:04.244Z",
      "hash": "4yRQvs9neA2tVu4n78K2Mi5kSgY=",
      "skip": 0
    },
    {
      "type": "SET_MODEL_EXTENSION",
      "input": {
        "extension": ".asc"
      },
      "scope": "global",
      "id": "0e296e89-29e0-4437-9e95-1d7261e89586",
      "index": 5,
      "timestamp": "2025-02-05T19:26:06.288Z",
      "hash": "76ENoKB97xfoSEvqec8cWXVdjnw=",
      "skip": 0
    },
    {
      "type": "SET_AUTHOR_WEBSITE",
      "input": {
        "authorWebsite": "https://sky.money/"
      },
      "scope": "global",
      "id": "cc937cac-b833-4596-8adc-ed9ff98f7d19",
      "index": 6,
      "timestamp": "2025-02-05T19:26:13.074Z",
      "hash": "nMeSJRxi37eMzXx7+FFsju/xuxI=",
      "skip": 0
    },
    {
      "type": "SET_STATE_SCHEMA",
      "input": {
        "schema": "",
        "scope": "global"
      },
      "scope": "global",
      "id": "3c2d644f-c6f4-4630-8d48-575270364ee0",
      "index": 7,
      "timestamp": "2025-02-05T19:26:21.757Z",
      "hash": "wbRbnA0mpzfoA69vfphIK+zQc44=",
      "skip": 0
    },
    {
      "type": "SET_STATE_SCHEMA",
      "input": {
        "schema": "type AtlasGroundingState {\n  \"\"\"\n    Full name of the Grounding document entity.  \n  \"\"\"\n  name: String\n\n  \"\"\"\n    Unique document number assigned to the Grounding document within Atlas.  \n  \"\"\"\n  docNo: String\n\n  \"\"\"\n    Parent entity that this Grounding document belongs to.  \n    This is a reference to another Atlas document.\n  \"\"\"\n  parent: PHID!\n\n  \"\"\"\n    The type of the Grounding document within Atlas.  \n    Example: Tenet, Original Context Data, Active Data.\n  \"\"\"\n  atlasType: GAtlasType!\n\n  \"\"\"\n    Entire content body of the Grounding document within Atlas.  \n  \"\"\"\n  content: String\n\n  \"\"\"\n    Master status of the Grounding document as managed by the Atlas Axis facilitator group.  \n  \"\"\"\n  masterStatus: GStatus!\n\n  \"\"\"\n    Document tags managed by the Atlas Axis facilitator group for classification.  \n  \"\"\"\n  globalTags: [GGlobalTag!]!\n\n  \"\"\"\n    References to other Atlas entities that are linked to this Grounding document.  \n  \"\"\"\n  references: [PHID!]!\n\n  \"\"\"\n    List of Atlas documents that were relevant for the creation of this Grounding document.  \n  \"\"\"\n  originalContextData: [DocumentInfo!]!\n\n  \"\"\"\n    Link to the original P0hub Notion environment where this document was first created or referenced.\n  \"\"\"\n  provenance: URL\n\n  \"\"\"\n    Original Notion document ID of the Grounding document.  \n    Used for cross-system referencing and linking back to the original Notion source.\n  \"\"\"\n  notionId: String\n}\n",
        "scope": "global"
      },
      "scope": "global",
      "id": "b5a5dfe2-a3d7-473c-ab7f-63fd6d96f1df",
      "index": 8,
      "timestamp": "2025-02-05T19:26:43.299Z",
      "hash": "AIqeOoNiDrR6YYI58k35T3i/nsc=",
      "skip": 0
    },
    {
      "type": "SET_STATE_SCHEMA",
      "input": {
        "schema": "type AtlasGroundingState {\n  \"\"\"\n    Full name of the Grounding document entity.  \n  \"\"\"\n  name: String\n\n  \"\"\"\n    Unique document number assigned to the Grounding document within Atlas.  \n  \"\"\"\n  docNo: String\n\n  \"\"\"\n    Parent entity that this Grounding document belongs to.  \n    This is a reference to another Atlas document.\n  \"\"\"\n  parent: PHID!\n\n  \"\"\"\n    The type of the Grounding document within Atlas.  \n    Example: Tenet, Original Context Data, Active Data.\n  \"\"\"\n  atlasType: GAtlasType!\n\n  \"\"\"\n    Entire content body of the Grounding document within Atlas.  \n  \"\"\"\n  content: String\n\n  \"\"\"\n    Master status of the Grounding document as managed by the Atlas Axis facilitator group.  \n  \"\"\"\n  masterStatus: GStatus!\n\n  \"\"\"\n    Document tags managed by the Atlas Axis facilitator group for classification.  \n  \"\"\"\n  globalTags: [GGlobalTag!]!\n\n  \"\"\"\n    References to other Atlas entities that are linked to this Grounding document.  \n  \"\"\"\n  references: [PHID!]!\n\n  \"\"\"\n    List of Atlas documents that were relevant for the creation of this Grounding document.  \n  \"\"\"\n  originalContextData: [DocumentInfo!]!\n\n  \"\"\"\n    Link to the original P0hub Notion environment where this document was first created or referenced.\n  \"\"\"\n  provenance: URL\n\n  \"\"\"\n    Original Notion document ID of the Grounding document.  \n    Used for cross-system referencing and linking back to the original Notion source.\n  \"\"\"\n  notionId: String\n}\n\n\"\"\"\n   Reference to a document within Atlas with optional name and document number for display reasons. \n\"\"\"\n\ntype DocumentInfo {\n\n id:PHID!\n  name:OLabel\n  docNo: String \n}\n",
        "scope": "global"
      },
      "scope": "global",
      "id": "c72659c8-256f-4a1e-be5f-6c062e8fa3d4",
      "index": 9,
      "timestamp": "2025-02-05T19:27:02.155Z",
      "hash": "c/oUEo2YUcQAUjtZo6/gci6v4cU=",
      "skip": 0
    },
    {
      "type": "SET_STATE_SCHEMA",
      "input": {
        "schema": "type AtlasGroundingState {\n  \"\"\"\n    Full name of the Grounding document entity.  \n  \"\"\"\n  name: String\n\n  \"\"\"\n    Unique document number assigned to the Grounding document within Atlas.  \n  \"\"\"\n  docNo: String\n\n  \"\"\"\n    Parent entity that this Grounding document belongs to.  \n    This is a reference to another Atlas document.\n  \"\"\"\n  parent: PHID!\n\n  \"\"\"\n    The type of the Grounding document within Atlas.  \n    Example: Tenet, Original Context Data, Active Data.\n  \"\"\"\n  atlasType: GAtlasType!\n\n  \"\"\"\n    Entire content body of the Grounding document within Atlas.  \n  \"\"\"\n  content: String\n\n  \"\"\"\n    Master status of the Grounding document as managed by the Atlas Axis facilitator group.  \n  \"\"\"\n  masterStatus: GStatus!\n\n  \"\"\"\n    Document tags managed by the Atlas Axis facilitator group for classification.  \n  \"\"\"\n  globalTags: [GGlobalTag!]!\n\n  \"\"\"\n    References to other Atlas entities that are linked to this Grounding document.  \n  \"\"\"\n  references: [PHID!]!\n\n  \"\"\"\n    List of Atlas documents that were relevant for the creation of this Grounding document.  \n  \"\"\"\n  originalContextData: [DocumentInfo!]!\n\n  \"\"\"\n    Link to the original P0hub Notion environment where this document was first created or referenced.\n  \"\"\"\n  provenance: URL\n\n  \"\"\"\n    Original Notion document ID of the Grounding document.  \n    Used for cross-system referencing and linking back to the original Notion source.\n  \"\"\"\n  notionId: String\n}\n\n\"\"\"\n   Reference to a document within Atlas with optional name and document number for display reasons. \n\"\"\"\n\ntype DocumentInfo {\n\n id:PHID!\n  name:OLabel\n  docNo: String \n}\n\n\n\"\"\"\n  Domain (i.e., Atlas) specific document types with the same document model global schema.  \n\"\"\"\nenum AtlasType {\n  TENET\n  ORIGINAL_CONTEXT_DATA\n  ACTIVE_DATA\n}\n",
        "scope": "global"
      },
      "scope": "global",
      "id": "c33e1b7b-3850-4e75-aa8a-2f21b7779331",
      "index": 10,
      "timestamp": "2025-02-05T19:27:22.901Z",
      "hash": "g8y9WmiAwtYGb5TfRxaKC7Hvwa8=",
      "skip": 0
    },
    {
      "type": "SET_STATE_SCHEMA",
      "input": {
        "schema": "type AtlasGroundingState {\n  \"\"\"\n    Full name of the Grounding document entity.  \n  \"\"\"\n  name: String\n\n  \"\"\"\n    Unique document number assigned to the Grounding document within Atlas.  \n  \"\"\"\n  docNo: String\n\n  \"\"\"\n    Parent entity that this Grounding document belongs to.  \n    This is a reference to another Atlas document.\n  \"\"\"\n  parent: PHID!\n\n  \"\"\"\n    The type of the Grounding document within Atlas.  \n    Example: Tenet, Original Context Data, Active Data.\n  \"\"\"\n  atlasType: GAtlasType!\n\n  \"\"\"\n    Entire content body of the Grounding document within Atlas.  \n  \"\"\"\n  content: String\n\n  \"\"\"\n    Master status of the Grounding document as managed by the Atlas Axis facilitator group.  \n  \"\"\"\n  masterStatus: GStatus!\n\n  \"\"\"\n    Document tags managed by the Atlas Axis facilitator group for classification.  \n  \"\"\"\n  globalTags: [GGlobalTag!]!\n\n  \"\"\"\n    References to other Atlas entities that are linked to this Grounding document.  \n  \"\"\"\n  references: [PHID!]!\n\n  \"\"\"\n    List of Atlas documents that were relevant for the creation of this Grounding document.  \n  \"\"\"\n  originalContextData: [DocumentInfo!]!\n\n  \"\"\"\n    Link to the original P0hub Notion environment where this document was first created or referenced.\n  \"\"\"\n  provenance: URL\n\n  \"\"\"\n    Original Notion document ID of the Grounding document.  \n    Used for cross-system referencing and linking back to the original Notion source.\n  \"\"\"\n  notionId: String\n}\n\n\"\"\"\n   Reference to a document within Atlas with optional name and document number for display reasons. \n\"\"\"\n\ntype DocumentInfo {\n\n id:PHID!\n  name:OLabel\n  docNo: String \n}\n\n\n\"\"\"\n  Domain (i.e., Atlas) specific document types with the same document model global schema.  \n\"\"\"\nenum AtlasType {\n  TENET\n  ORIGINAL_CONTEXT_DATA\n  ACTIVE_DATA\n}\n\n\n\"\"\"\n  Defines the lifecycle stage of the Grounding document within Atlas.  \n\"\"\"\nenum Status {\n  PLACEHOLDER\n  PROVISIONAL\n  APPROVED\n  DEFERRED\n  ARCHIVED\n}\n\n",
        "scope": "global"
      },
      "scope": "global",
      "id": "1118aa01-af9c-4900-aa87-c96bb0c9bc5d",
      "index": 11,
      "timestamp": "2025-02-05T19:27:39.023Z",
      "hash": "srSAFevSSy2LdUsSBDuUbidI2/w=",
      "skip": 0
    },
    {
      "type": "SET_STATE_SCHEMA",
      "input": {
        "schema": "type AtlasGroundingState {\n  \"\"\"\n    Full name of the Grounding document entity.  \n  \"\"\"\n  name: String\n\n  \"\"\"\n    Unique document number assigned to the Grounding document within Atlas.  \n  \"\"\"\n  docNo: String\n\n  \"\"\"\n    Parent entity that this Grounding document belongs to.  \n    This is a reference to another Atlas document.\n  \"\"\"\n  parent: PHID!\n\n  \"\"\"\n    The type of the Grounding document within Atlas.  \n    Example: Tenet, Original Context Data, Active Data.\n  \"\"\"\n  atlasType: GAtlasType!\n\n  \"\"\"\n    Entire content body of the Grounding document within Atlas.  \n  \"\"\"\n  content: String\n\n  \"\"\"\n    Master status of the Grounding document as managed by the Atlas Axis facilitator group.  \n  \"\"\"\n  masterStatus: GStatus!\n\n  \"\"\"\n    Document tags managed by the Atlas Axis facilitator group for classification.  \n  \"\"\"\n  globalTags: [GGlobalTag!]!\n\n  \"\"\"\n    References to other Atlas entities that are linked to this Grounding document.  \n  \"\"\"\n  references: [PHID!]!\n\n  \"\"\"\n    List of Atlas documents that were relevant for the creation of this Grounding document.  \n  \"\"\"\n  originalContextData: [DocumentInfo!]!\n\n  \"\"\"\n    Link to the original P0hub Notion environment where this document was first created or referenced.\n  \"\"\"\n  provenance: URL\n\n  \"\"\"\n    Original Notion document ID of the Grounding document.  \n    Used for cross-system referencing and linking back to the original Notion source.\n  \"\"\"\n  notionId: String\n}\n\n\"\"\"\n   Reference to a document within Atlas with optional name and document number for display reasons. \n\"\"\"\n\ntype DocumentInfo {\n\n id:PHID!\n  name:OLabel\n  docNo: String \n}\n\n\n\"\"\"\n  Domain (i.e., Atlas) specific document types with the same document model global schema.  \n\"\"\"\nenum AtlasType {\n  TENET\n  ORIGINAL_CONTEXT_DATA\n  ACTIVE_DATA\n}\n\n\n\"\"\"\n  Defines the lifecycle stage of the Grounding document within Atlas.  \n\"\"\"\nenum Status {\n  PLACEHOLDER\n  PROVISIONAL\n  APPROVED\n  DEFERRED\n  ARCHIVED\n}\n\n\"\"\"\n  These global tags are used for classification in Grounding documents.  \n\"\"\"\nenum GlobalTag {\n  SCOPE_ADVISOR\n  AVC\n  CAIS\n  ML_LOW_PRIORITY\n  EXTERNAL_REFERENCE\n  DAO_TOOLKIT\n  ML_DEFER\n  PURPOSE_SYSTEM\n  NEWCHAIN\n  ML_SUPPORT_DOCS_NEEDED\n  TWO_STAGE_BRIDGE\n  ECOSYSTEM_INTELLIGENCE\n  RECURSIVE_IMPROVEMENT\n  LEGACY_TERM_USE_APPROVED\n}\n",
        "scope": "global"
      },
      "scope": "global",
      "id": "9f9bfd88-7dca-4c9f-ab60-edf768aa2afb",
      "index": 12,
      "timestamp": "2025-02-05T19:27:45.925Z",
      "hash": "A1krusVdxTb6EOEIJ9o9cOXzH+4=",
      "skip": 0
    },
    {
      "type": "ADD_MODULE",
      "input": {
        "id": "Z4wFwR7FOy+pjbIc4oK+bA2dQjc=",
        "name": "general"
      },
      "scope": "global",
      "id": "0631ec07-81f5-4f1a-89be-50aadc8763b2",
      "index": 13,
      "timestamp": "2025-02-05T19:32:26.709Z",
      "hash": "0eHdkOIXjB5Yeo8FDk6SGfPzec4=",
      "skip": 0
    },
    {
      "type": "ADD_OPERATION",
      "input": {
        "id": "pbTnKZf0S+fzRub/1pWrD5zbNsk=",
        "moduleId": "Z4wFwR7FOy+pjbIc4oK+bA2dQjc=",
        "name": "SET_NAME"
      },
      "scope": "global",
      "id": "aab6b038-4111-4866-8ec6-6e2a72734a5b",
      "index": 14,
      "timestamp": "2025-02-05T19:32:30.099Z",
      "hash": "ZjAqVaSDxXE3CXxF2xpPIoAgUiQ=",
      "skip": 0
    },
    {
      "type": "SET_OPERATION_SCHEMA",
      "input": {
        "id": "pbTnKZf0S+fzRub/1pWrD5zbNsk=",
        "schema": "input SetNameInput {\n  \"Add your inputs here\"\n  _placeholder: String\n}"
      },
      "scope": "global",
      "id": "fd21ee1d-df1f-4e37-a5fc-1fbc35f89a59",
      "index": 15,
      "timestamp": "2025-02-05T19:32:30.110Z",
      "hash": "ElAXNJ+zrLsYDn6JEPJWST+LVhI=",
      "skip": 0
    },
    {
      "type": "ADD_OPERATION",
      "input": {
        "id": "VyLF4PhtTbRi/adkmeHIo700dzE=",
        "moduleId": "Z4wFwR7FOy+pjbIc4oK+bA2dQjc=",
        "name": "SET_DOC_NUMBER"
      },
      "scope": "global",
      "id": "59abc819-df0a-4330-b159-06bc2f625e7d",
      "index": 16,
      "timestamp": "2025-02-05T19:32:42.264Z",
      "hash": "1zbDm9fV4H1KFrhScd9wkhufJ0c=",
      "skip": 0
    },
    {
      "type": "SET_OPERATION_SCHEMA",
      "input": {
        "id": "VyLF4PhtTbRi/adkmeHIo700dzE=",
        "schema": "input SetDocNumberInput {\n  \"Add your inputs here\"\n  _placeholder: String\n}"
      },
      "scope": "global",
      "id": "197a31de-b51c-4b88-b1d6-0448864dea5e",
      "index": 17,
      "timestamp": "2025-02-05T19:32:42.277Z",
      "hash": "pqkcGQ2xEBVCJ47b15kz/s7eMaM=",
      "skip": 0
    },
    {
      "type": "ADD_OPERATION",
      "input": {
        "id": "/kGF0lna2d/9PuAjxhcQMBuIY1g=",
        "moduleId": "Z4wFwR7FOy+pjbIc4oK+bA2dQjc=",
        "name": "SET_CONTENT"
      },
      "scope": "global",
      "id": "aa204a59-33f5-4e61-a0a8-3634971c8f33",
      "index": 18,
      "timestamp": "2025-02-05T19:32:48.543Z",
      "hash": "5Al/G5C9P7ffa04r8EYp2FHBv4A=",
      "skip": 0
    },
    {
      "type": "SET_OPERATION_SCHEMA",
      "input": {
        "id": "/kGF0lna2d/9PuAjxhcQMBuIY1g=",
        "schema": "input SetContentInput {\n  \"Add your inputs here\"\n  _placeholder: String\n}"
      },
      "scope": "global",
      "id": "441c74b8-a5f7-4aa6-8712-055d6980afae",
      "index": 19,
      "timestamp": "2025-02-05T19:32:48.612Z",
      "hash": "L35+StxJQJBfIjyiqVxFmEhKPKQ=",
      "skip": 0
    },
    {
      "type": "ADD_OPERATION",
      "input": {
        "id": "yy3qFG0k67tzM1+klvVsOBe21H0=",
        "moduleId": "Z4wFwR7FOy+pjbIc4oK+bA2dQjc=",
        "name": "SET_MASTER_STATUS"
      },
      "scope": "global",
      "id": "944ac3db-3c02-41e9-9178-f87a0439dbe5",
      "index": 20,
      "timestamp": "2025-02-05T19:32:55.945Z",
      "hash": "YctVL2WW+gq8F35VwJMAWTRp62o=",
      "skip": 0
    },
    {
      "type": "SET_OPERATION_SCHEMA",
      "input": {
        "id": "yy3qFG0k67tzM1+klvVsOBe21H0=",
        "schema": "input SetMasterStatusInput {\n  \"Add your inputs here\"\n  _placeholder: String\n}"
      },
      "scope": "global",
      "id": "91b1b22d-0620-4396-bf13-a089ce9aa81f",
      "index": 21,
      "timestamp": "2025-02-05T19:32:55.959Z",
      "hash": "K2ECMPduWbXU5aXVgKSve4Xnu5E=",
      "skip": 0
    },
    {
      "type": "ADD_MODULE",
      "input": {
        "id": "vpQLv7KGVNUx30F6sValLa7BBdM=",
        "name": "tags"
      },
      "scope": "global",
      "id": "8158eb02-be8a-4894-94ba-cc87c1f22cdc",
      "index": 22,
      "timestamp": "2025-02-05T19:33:05.171Z",
      "hash": "ap4DJYzNzcQt44/28cwS58N6bdc=",
      "skip": 0
    },
    {
      "type": "ADD_OPERATION",
      "input": {
        "id": "G1qGUhuNhTQ0YYNKbhlTO4sa8K8=",
        "moduleId": "vpQLv7KGVNUx30F6sValLa7BBdM=",
        "name": "ADD_TAGS"
      },
      "scope": "global",
      "id": "afabc97b-3dfb-4a2e-997d-adb8558b4cd7",
      "index": 23,
      "timestamp": "2025-02-05T19:33:09.625Z",
      "hash": "jhrFyFoXwlG5PY205A/olac9SdI=",
      "skip": 0
    },
    {
      "type": "SET_OPERATION_SCHEMA",
      "input": {
        "id": "G1qGUhuNhTQ0YYNKbhlTO4sa8K8=",
        "schema": "input AddTagsInput {\n  \"Add your inputs here\"\n  _placeholder: String\n}"
      },
      "scope": "global",
      "id": "0311209b-4161-467e-a2ae-8a7e94222ef6",
      "index": 24,
      "timestamp": "2025-02-05T19:33:09.684Z",
      "hash": "MbHSOKbzzbJdP6SnNKsyaknY4Ns=",
      "skip": 0
    },
    {
      "type": "ADD_OPERATION",
      "input": {
        "id": "AuFU3WJ/oSjB1gFiKY/jRWeORRI=",
        "moduleId": "vpQLv7KGVNUx30F6sValLa7BBdM=",
        "name": "REMOVE_TAGS"
      },
      "scope": "global",
      "id": "c812e6fd-4128-4f48-9c28-459ce3f43b11",
      "index": 25,
      "timestamp": "2025-02-05T19:33:15.723Z",
      "hash": "C0tX5NyPZkRCOWCuN4kH9qkYQwY=",
      "skip": 0
    },
    {
      "type": "SET_OPERATION_SCHEMA",
      "input": {
        "id": "AuFU3WJ/oSjB1gFiKY/jRWeORRI=",
        "schema": "input RemoveTagsInput {\n  \"Add your inputs here\"\n  _placeholder: String\n}"
      },
      "scope": "global",
      "id": "a53611bf-09bf-4d82-a53e-df82b5b8335c",
      "index": 26,
      "timestamp": "2025-02-05T19:33:15.740Z",
      "hash": "0Gm6ve35Zab41OVi3/e2/SiFjfg=",
      "skip": 0
    },
    {
      "type": "ADD_MODULE",
      "input": {
        "id": "hYLyB00jZOGkgOYlzIK4CQyetAc=",
        "name": "context"
      },
      "scope": "global",
      "id": "cfe4f732-0a49-4eb1-a6e4-979648596418",
      "index": 27,
      "timestamp": "2025-02-05T19:33:27.303Z",
      "hash": "02+RAu4Eiz5H+rlWWdrVvHbQdOo=",
      "skip": 0
    },
    {
      "type": "ADD_OPERATION",
      "input": {
        "id": "kJ18avk8GZfFSCDB9nc3Q/IW/YM=",
        "moduleId": "hYLyB00jZOGkgOYlzIK4CQyetAc=",
        "name": "ADD_CONTEXT_DATA"
      },
      "scope": "global",
      "id": "ccf0b962-7804-4105-adcb-505d67a3a3de",
      "index": 28,
      "timestamp": "2025-02-05T19:33:32.907Z",
      "hash": "jih11zif9KVLHx0JCvkHrN9ZsT0=",
      "skip": 0
    },
    {
      "type": "SET_OPERATION_SCHEMA",
      "input": {
        "id": "kJ18avk8GZfFSCDB9nc3Q/IW/YM=",
        "schema": "input AddContextDataInput {\n  \"Add your inputs here\"\n  _placeholder: String\n}"
      },
      "scope": "global",
      "id": "b1872eac-1234-41a2-b073-5f9debdd8177",
      "index": 29,
      "timestamp": "2025-02-05T19:33:32.971Z",
      "hash": "IjQ2tvJdxSSkYb5QMP/L/3gb7v0=",
      "skip": 0
    },
    {
      "type": "ADD_OPERATION",
      "input": {
        "id": "/US9/Z+DslnShdktk4kXSPk+5mQ=",
        "moduleId": "hYLyB00jZOGkgOYlzIK4CQyetAc=",
        "name": "REMOVE_CONTEXT_DATA"
      },
      "scope": "global",
      "id": "94e50127-9d59-4850-ab52-a8ece21f7552",
      "index": 30,
      "timestamp": "2025-02-05T19:33:39.056Z",
      "hash": "3KWnMwgd4F+98AHyQHCl4CMkenw=",
      "skip": 0
    },
    {
      "type": "SET_OPERATION_SCHEMA",
      "input": {
        "id": "/US9/Z+DslnShdktk4kXSPk+5mQ=",
        "schema": "input RemoveContextDataInput {\n  \"Add your inputs here\"\n  _placeholder: String\n}"
      },
      "scope": "global",
      "id": "a99392de-9be8-4c0a-9c98-fb4788fb421d",
      "index": 31,
      "timestamp": "2025-02-05T19:33:39.072Z",
      "hash": "hmZ+d4qaeTZGUo+tu2YXqlJleaE=",
      "skip": 0
    },
    {
      "type": "ADD_OPERATION",
      "input": {
        "id": "T9esDJaav0Urn7+xzXMG06+IvyI=",
        "moduleId": "hYLyB00jZOGkgOYlzIK4CQyetAc=",
        "name": "ADD"
      },
      "scope": "global",
      "id": "48715dbd-a3ea-41eb-9a76-04d21612294a",
      "index": 32,
      "timestamp": "2025-02-05T19:33:46.849Z",
      "hash": "O5jecuiZswonFwIp9Zc2L8hJHCs=",
      "skip": 0
    },
    {
      "type": "SET_OPERATION_SCHEMA",
      "input": {
        "id": "T9esDJaav0Urn7+xzXMG06+IvyI=",
        "schema": "input AddInput {\n  \"Add your inputs here\"\n  _placeholder: String\n}"
      },
      "scope": "global",
      "id": "27a2dcd4-ecde-4023-8c49-5b03b50186ab",
      "index": 33,
      "timestamp": "2025-02-05T19:33:46.908Z",
      "hash": "p3C7eLwSFUYsIvoOXn9ngV6hpGg=",
      "skip": 0
    },
    {
      "type": "SET_OPERATION_NAME",
      "input": {
        "id": "T9esDJaav0Urn7+xzXMG06+IvyI=",
        "name": "SET_PROVENANCE"
      },
      "scope": "global",
      "id": "8171c52e-bc9c-4283-a507-8b6a27f2ba26",
      "index": 34,
      "timestamp": "2025-02-05T19:33:55.712Z",
      "hash": "QSkKLUvEBMygXkpRfBtP+qp4iIs=",
      "skip": 0
    },
    {
      "type": "ADD_OPERATION",
      "input": {
        "id": "sC5gxkpmz59EDlC1AG5kyfCR/u8=",
        "moduleId": "hYLyB00jZOGkgOYlzIK4CQyetAc=",
        "name": "SET_NOTION_ID"
      },
      "scope": "global",
      "id": "47f3aa3b-2ae1-44cb-9b6b-1178a7f83121",
      "index": 35,
      "timestamp": "2025-02-05T19:34:01.485Z",
      "hash": "myfXSL/I0aOkOTEsKJWUBhttlsQ=",
      "skip": 0
    },
    {
      "type": "SET_OPERATION_SCHEMA",
      "input": {
        "id": "sC5gxkpmz59EDlC1AG5kyfCR/u8=",
        "schema": "input SetNotionIdInput {\n  \"Add your inputs here\"\n  _placeholder: String\n}"
      },
      "scope": "global",
      "id": "e8c61087-b986-4061-a084-45466fa11bee",
      "index": 36,
      "timestamp": "2025-02-05T19:34:01.560Z",
      "hash": "c3RqZnT3XZxbn52KHe1n5jlt3og=",
      "skip": 0
    },
    {
      "type": "SET_OPERATION_SCHEMA",
      "input": {
        "id": "pbTnKZf0S+fzRub/1pWrD5zbNsk=",
        "schema": "input SetNameInput {\n  \"Add your inputs here\"\n  \n}"
      },
      "scope": "global",
      "id": "0dd461b9-99fc-446b-bd8f-f0e14fa221ce",
      "index": 37,
      "timestamp": "2025-02-06T08:04:10.448Z",
      "hash": "O3N9WpbkDBN8S1RVwCxKYUTmSpU=",
      "skip": 0
    },
    {
      "type": "SET_OPERATION_SCHEMA",
      "input": {
        "id": "pbTnKZf0S+fzRub/1pWrD5zbNsk=",
        "schema": "input SetNameInput {\n  \"Add your inputs here\"\n  name: String!\n}"
      },
      "scope": "global",
      "id": "d7c6d212-c04c-47bf-9442-1bcd3f76491b",
      "index": 38,
      "timestamp": "2025-02-06T08:04:19.854Z",
      "hash": "duJRoVhVkKW6N/08uIZ+UG02HZo=",
      "skip": 0
    },
    {
      "type": "SET_OPERATION_SCHEMA",
      "input": {
        "id": "VyLF4PhtTbRi/adkmeHIo700dzE=",
        "schema": "input SetDocNumberInput {\n  \"Add your inputs here\"\n  docNo: String! \n}"
      },
      "scope": "global",
      "id": "f321116d-6e65-4da2-bd76-da6a282c0c30",
      "index": 39,
      "timestamp": "2025-02-06T08:04:35.282Z",
      "hash": "WLn03bH532MiZplzuhDoQOc4cNE=",
      "skip": 0
    },
    {
      "type": "SET_OPERATION_SCHEMA",
      "input": {
        "id": "/kGF0lna2d/9PuAjxhcQMBuIY1g=",
        "schema": "input SetContentInput {\n  \"Add your inputs here\"\n  content: \n}"
      },
      "scope": "global",
      "id": "85bd95b8-9172-428e-b77f-b367f41f17f0",
      "index": 40,
      "timestamp": "2025-02-06T08:04:48.914Z",
      "hash": "WcgPvQZTgbutYZyjS/A7GtvHIeE=",
      "skip": 0
    },
    {
      "type": "SET_OPERATION_SCHEMA",
      "input": {
        "id": "/kGF0lna2d/9PuAjxhcQMBuIY1g=",
        "schema": "input SetContentInput {\n  \"Add your inputs here\"\n  content: String! \n}"
      },
      "scope": "global",
      "id": "c2e8e9a7-0f52-475a-a577-b0f7c60977d1",
      "index": 41,
      "timestamp": "2025-02-06T08:06:32.979Z",
      "hash": "RoAo7MKYjrROkWBD1QA7ImVX6ik=",
      "skip": 0
    },
    {
      "type": "SET_OPERATION_SCHEMA",
      "input": {
        "id": "yy3qFG0k67tzM1+klvVsOBe21H0=",
        "schema": "input SetMasterStatusInput {\n  \"Add your inputs here\"\n  \n}"
      },
      "scope": "global",
      "id": "440c6869-0a4b-49e6-be1e-d8fff7eb408c",
      "index": 42,
      "timestamp": "2025-02-06T08:07:22.897Z",
      "hash": "5uuT9xI/L0633XvM7NhK1nLTnVs=",
      "skip": 0
    },
    {
      "type": "SET_OPERATION_SCHEMA",
      "input": {
        "id": "yy3qFG0k67tzM1+klvVsOBe21H0=",
        "schema": "input SetMasterStatusInput {\n  \"Add your inputs here\"\n  masterStatus: GStatus! \n}"
      },
      "scope": "global",
      "id": "226019f5-4e12-4633-b7c4-9e851b6a8eb9",
      "index": 43,
      "timestamp": "2025-02-06T08:07:42.438Z",
      "hash": "KULxcvnezfOmqdc0GvekxZsNqEA=",
      "skip": 0
    },
    {
      "type": "SET_OPERATION_SCHEMA",
      "input": {
        "id": "G1qGUhuNhTQ0YYNKbhlTO4sa8K8=",
        "schema": "input AddTagsInput {\n  \"Add your inputs here\"\n  newTags: \n}"
      },
      "scope": "global",
      "id": "41f2bd3e-56ab-4871-b057-5df68b1c5e88",
      "index": 44,
      "timestamp": "2025-02-06T08:07:58.369Z",
      "hash": "TeQltCMPmt9zRluo5ibBomoIBpU=",
      "skip": 0
    },
    {
      "type": "SET_OPERATION_SCHEMA",
      "input": {
        "id": "G1qGUhuNhTQ0YYNKbhlTO4sa8K8=",
        "schema": "input AddTagsInput {\n  \"Add your inputs here\"\n  newTags: [GGlobalTag]\n}"
      },
      "scope": "global",
      "id": "0df8eaf9-17c3-471b-98be-02c526264e89",
      "index": 45,
      "timestamp": "2025-02-06T08:10:46.857Z",
      "hash": "3SMlmVXUCwnR9TcnVruihBoliyQ=",
      "skip": 0
    },
    {
      "type": "SET_OPERATION_SCHEMA",
      "input": {
        "id": "G1qGUhuNhTQ0YYNKbhlTO4sa8K8=",
        "schema": "input AddTagsInput {\n  \"Add your inputs here\"\n  newTags: [GGlobalTag!]!\n}"
      },
      "scope": "global",
      "id": "ede62916-4bf4-4e62-9f35-6ac19e0437aa",
      "index": 46,
      "timestamp": "2025-02-06T08:11:06.725Z",
      "hash": "lcJVY4WoDCl3hCRHSjVBFQsuiro=",
      "skip": 0
    },
    {
      "type": "SET_STATE_SCHEMA",
      "input": {
        "schema": "type AtlasGroundingState {\n  \"\"\"\n    Full name of the Grounding document entity.  \n  \"\"\"\n  name: String\n\n  \"\"\"\n    Unique document number assigned to the Grounding document within Atlas.  \n  \"\"\"\n  docNo: String\n\n  \"\"\"\n    Parent entity that this Grounding document belongs to.  \n    This is a reference to another Atlas document.\n  \"\"\"\n  parent: PHID!\n\n  \"\"\"\n    The type of the Grounding document within Atlas.  \n    Example: Tenet, Original Context Data, Active Data.\n  \"\"\"\n  atlasType: GAtlasType!\n\n  \"\"\"\n    Entire content body of the Grounding document within Atlas.  \n  \"\"\"\n  content: String\n\n  \"\"\"\n    Master status of the Grounding document as managed by the Atlas Axis facilitator group.  \n  \"\"\"\n  masterStatus: GStatus!\n\n  \"\"\"\n    Document tags managed by the Atlas Axis facilitator group for classification.  \n  \"\"\"\n  globalTags: [GGlobalTag!]!\n\n  \"\"\"\n    References to other Atlas entities that are linked to this Grounding document.  \n  \"\"\"\n  references: [PHID!]!\n\n  \"\"\"\n    List of Atlas documents that were relevant for the creation of this Grounding document.  \n  \"\"\"\n  originalContextData: [DocumentInfo!]!\n\n  \"\"\"\n    Link to the original P0hub Notion environment where this document was first created or referenced.\n  \"\"\"\n  provenance: URL\n\n  \"\"\"\n    Original Notion document ID of the Grounding document.  \n    Used for cross-system referencing and linking back to the original Notion source.\n  \"\"\"\n  notionId: String\n}\n\n\"\"\"\n   Reference to a document within Atlas with optional name and document number for display reasons. \n\"\"\"\n\ntype DocumentInfo {\n\n id:PHID!\n  name:OLabel\n  docNo: String \n}\n\n\n\"\"\"\n  Domain (i.e., Atlas) specific document types with the same document model global schema.  \n\"\"\"\nenum AtlasType {\n  TENET\n  ORIGINAL_CONTEXT_DATA\n  ACTIVE_DATA\n}\n\n\n\"\"\"\n  Defines the lifecycle stage of the Grounding document within Atlas.  \n\"\"\"\nenum Status {\n  PLACEHOLDER\n  PROVISIONAL\n  APPROVED\n  DEFERRED\n  ARCHIVED\n}\n\n\"\"\"\n  These global tags are used for classification in Grounding documents.  \n\"\"\"\nenum GGlobalTag {\n  SCOPE_ADVISOR\n  AVC\n  CAIS\n  ML_LOW_PRIORITY\n  EXTERNAL_REFERENCE\n  DAO_TOOLKIT\n  ML_DEFER\n  PURPOSE_SYSTEM\n  NEWCHAIN\n  ML_SUPPORT_DOCS_NEEDED\n  TWO_STAGE_BRIDGE\n  ECOSYSTEM_INTELLIGENCE\n  RECURSIVE_IMPROVEMENT\n  LEGACY_TERM_USE_APPROVED\n}\n",
        "scope": "global"
      },
      "scope": "global",
      "id": "d17b8e85-8981-4f6d-ba3b-91aa6589ba62",
      "index": 47,
      "timestamp": "2025-02-06T08:11:13.710Z",
      "hash": "btv/iC/h9MxokD+fARt5OLPMp9Q=",
      "skip": 0
    },
    {
      "type": "SET_STATE_SCHEMA",
      "input": {
        "schema": "type AtlasGroundingState {\n  \"\"\"\n    Full name of the Grounding document entity.  \n  \"\"\"\n  name: String\n\n  \"\"\"\n    Unique document number assigned to the Grounding document within Atlas.  \n  \"\"\"\n  docNo: String\n\n  \"\"\"\n    Parent entity that this Grounding document belongs to.  \n    This is a reference to another Atlas document.\n  \"\"\"\n  parent: PHID!\n\n  \"\"\"\n    The type of the Grounding document within Atlas.  \n    Example: Tenet, Original Context Data, Active Data.\n  \"\"\"\n  atlasType: GAtlasType!\n\n  \"\"\"\n    Entire content body of the Grounding document within Atlas.  \n  \"\"\"\n  content: String\n\n  \"\"\"\n    Master status of the Grounding document as managed by the Atlas Axis facilitator group.  \n  \"\"\"\n  masterStatus: GStatus!\n\n  \"\"\"\n    Document tags managed by the Atlas Axis facilitator group for classification.  \n  \"\"\"\n  globalTags: [GGlobalTag!]!\n\n  \"\"\"\n    References to other Atlas entities that are linked to this Grounding document.  \n  \"\"\"\n  references: [PHID!]!\n\n  \"\"\"\n    List of Atlas documents that were relevant for the creation of this Grounding document.  \n  \"\"\"\n  originalContextData: [DocumentInfo!]!\n\n  \"\"\"\n    Link to the original P0hub Notion environment where this document was first created or referenced.\n  \"\"\"\n  provenance: URL\n\n  \"\"\"\n    Original Notion document ID of the Grounding document.  \n    Used for cross-system referencing and linking back to the original Notion source.\n  \"\"\"\n  notionId: String\n}\n\n\"\"\"\n   Reference to a document within Atlas with optional name and document number for display reasons. \n\"\"\"\n\ntype DocumentInfo {\n\n id:PHID!\n  name:OLabel\n  docNo: String \n}\n\n\n\"\"\"\n  Domain (i.e., Atlas) specific document types with the same document model global schema.  \n\"\"\"\nenum GAtlasType {\n  TENET\n  ORIGINAL_CONTEXT_DATA\n  ACTIVE_DATA\n}\n\n\n\"\"\"\n  Defines the lifecycle stage of the Grounding document within Atlas.  \n\"\"\"\nenum GStatus {\n  PLACEHOLDER\n  PROVISIONAL\n  APPROVED\n  DEFERRED\n  ARCHIVED\n}\n\n\"\"\"\n  These global tags are used for classification in Grounding documents.  \n\"\"\"\nenum GGlobalTag {\n  SCOPE_ADVISOR\n  AVC\n  CAIS\n  ML_LOW_PRIORITY\n  EXTERNAL_REFERENCE\n  DAO_TOOLKIT\n  ML_DEFER\n  PURPOSE_SYSTEM\n  NEWCHAIN\n  ML_SUPPORT_DOCS_NEEDED\n  TWO_STAGE_BRIDGE\n  ECOSYSTEM_INTELLIGENCE\n  RECURSIVE_IMPROVEMENT\n  LEGACY_TERM_USE_APPROVED\n}\n",
        "scope": "global"
      },
      "scope": "global",
      "id": "b9c94100-aa71-4bf3-893c-a24020c4a49a",
      "index": 48,
      "timestamp": "2025-02-06T08:11:45.427Z",
      "hash": "A3P8xFnNx9TchE6Fr0OHfODqwLQ=",
      "skip": 0
    },
    {
      "type": "SET_OPERATION_SCHEMA",
      "input": {
        "id": "AuFU3WJ/oSjB1gFiKY/jRWeORRI=",
        "schema": "input RemoveTagsInput {\n  \"Add your inputs here\"\n  tags: PHID!\n}"
      },
      "scope": "global",
      "id": "2097bf4b-c70d-4e2b-b94d-8a6997c83482",
      "index": 49,
      "timestamp": "2025-02-06T08:12:00.204Z",
      "hash": "9drO5VQaQdtWh6xEaIIA3wf8ofI=",
      "skip": 0
    },
    {
      "type": "SET_OPERATION_SCHEMA",
      "input": {
        "id": "AuFU3WJ/oSjB1gFiKY/jRWeORRI=",
        "schema": "input RemoveTagsInput {\n  \"Add your inputs here\"\n  tags: [GGlobalTag!]!\n}"
      },
      "scope": "global",
      "id": "34fd3496-a716-4d34-b6cd-6e8661e1917a",
      "index": 50,
      "timestamp": "2025-02-06T08:12:16.507Z",
      "hash": "5P/7MecAN6/6kXx7kP8Tu4VXvZQ=",
      "skip": 0
    },
    {
      "type": "SET_OPERATION_SCHEMA",
      "input": {
        "id": "kJ18avk8GZfFSCDB9nc3Q/IW/YM=",
        "schema": "input AddContextDataInput {\n  \"Add your inputs here\"\n  \n}"
      },
      "scope": "global",
      "id": "d34d8ae2-5a6d-4cda-af07-40d3b35d589c",
      "index": 51,
      "timestamp": "2025-02-06T08:12:28.468Z",
      "hash": "/H1fLxLDOJ5qT9SBr3tLzHXdNcc=",
      "skip": 0
    },
    {
      "type": "SET_OPERATION_SCHEMA",
      "input": {
        "id": "kJ18avk8GZfFSCDB9nc3Q/IW/YM=",
        "schema": "input AddContextDataInput {\n  \"Add your inputs here\"\n  context\n}"
      },
      "scope": "global",
      "id": "8d67e7ca-931b-47fd-812d-e78958d87827",
      "index": 52,
      "timestamp": "2025-02-07T08:26:22.455Z",
      "hash": "nN0Un3ZBWEhG3thrRk1IG/YAgqc=",
      "skip": 0
    },
    {
      "type": "SET_OPERATION_SCHEMA",
      "input": {
        "id": "kJ18avk8GZfFSCDB9nc3Q/IW/YM=",
        "schema": "input AddContextDataInput {\n  \"Add your inputs here\"\n  context_\n}"
      },
      "scope": "global",
      "id": "57ef218b-c795-42a6-bd76-9f7d1ad08444",
      "index": 53,
      "timestamp": "2025-02-07T08:26:23.045Z",
      "hash": "cz44W+eI3Z3s8WkewIBx22YCtIA=",
      "skip": 0
    },
    {
      "type": "SET_OPERATION_SCHEMA",
      "input": {
        "id": "kJ18avk8GZfFSCDB9nc3Q/IW/YM=",
        "schema": "input AddContextDataInput {\n  \"Add your inputs here\"\n  context\n}"
      },
      "scope": "global",
      "id": "1e8719e2-bc1e-4ad1-ab57-2114acc3a371",
      "index": 54,
      "timestamp": "2025-02-07T08:26:23.682Z",
      "hash": "nN0Un3ZBWEhG3thrRk1IG/YAgqc=",
      "skip": 0
    },
    {
      "type": "SET_OPERATION_SCHEMA",
      "input": {
        "id": "kJ18avk8GZfFSCDB9nc3Q/IW/YM=",
        "schema": "input AddContextDataInput {\n  \"Add your inputs here\"\n  contextD\n}"
      },
      "scope": "global",
      "id": "637a407d-632d-49f6-94ad-7eba6df60d47",
      "index": 55,
      "timestamp": "2025-02-07T08:26:24.869Z",
      "hash": "cPZzsFzt7wvb32lOFLBT7BfgLzs=",
      "skip": 0
    },
    {
      "type": "SET_OPERATION_SCHEMA",
      "input": {
        "id": "kJ18avk8GZfFSCDB9nc3Q/IW/YM=",
        "schema": "input AddContextDataInput {\n  \"Add your inputs here\"\n  contextData\n}"
      },
      "scope": "global",
      "id": "a35c417e-b020-4489-b560-fe4bc37ae2b1",
      "index": 56,
      "timestamp": "2025-02-07T08:26:27.084Z",
      "hash": "UhnXejvDfgCHmKMNIqwRq6Z8Xak=",
      "skip": 0
    },
    {
      "type": "SET_OPERATION_SCHEMA",
      "input": {
        "id": "kJ18avk8GZfFSCDB9nc3Q/IW/YM=",
        "schema": "input AddContextDataInput {\n  \"Add your inputs here\"\n  contextData;\n}"
      },
      "scope": "global",
      "id": "ac9ad1de-7d7c-4942-a1ff-ed881567225d",
      "index": 57,
      "timestamp": "2025-02-07T08:26:27.648Z",
      "hash": "H1tAZfRKHUBisBhGbeX5kuZsxCI=",
      "skip": 0
    },
    {
      "type": "SET_OPERATION_SCHEMA",
      "input": {
        "id": "kJ18avk8GZfFSCDB9nc3Q/IW/YM=",
        "schema": "input AddContextDataInput {\n  \"Add your inputs here\"\n  contextData: PHID!\n  \n}"
      },
      "scope": "global",
      "id": "b0a18f5f-655b-4e83-a01d-cf6a9a984d63",
      "index": 58,
      "timestamp": "2025-02-07T08:26:30.466Z",
      "hash": "5WyEGNdvdg0crmE7e+ioMpkwhbg=",
      "skip": 0
    },
    {
      "type": "SET_OPERATION_SCHEMA",
      "input": {
        "id": "kJ18avk8GZfFSCDB9nc3Q/IW/YM=",
        "schema": "input AddContextDataInput {\n  \"Add your inputs here\"\n  cid: PHID!\n  name: String\n  docNo: String\n  \n}"
      },
      "scope": "global",
      "id": "e9c39387-cd00-40fc-bffc-157c89d0cf45",
      "index": 59,
      "timestamp": "2025-02-07T08:26:50.728Z",
      "hash": "Glgb2iBVGntI06h1eZJY2jWzIW8=",
      "skip": 0
    },
    {
      "type": "SET_OPERATION_SCHEMA",
      "input": {
        "id": "kJ18avk8GZfFSCDB9nc3Q/IW/YM=",
        "schema": "input AddContextDataInput {\n  \"Add your inputs here\"\n  id: PHID!\n  name: String\n  docNo: String\n  \n}"
      },
      "scope": "global",
      "id": "cd16a5a4-5010-47af-82a3-4c21acfc056b",
      "index": 60,
      "timestamp": "2025-02-07T08:26:58.517Z",
      "hash": "/WxT7hDq6kuQ1IwF8vLLwQ6o/xY=",
      "skip": 0
    },
    {
      "type": "SET_OPERATION_SCHEMA",
      "input": {
        "id": "/US9/Z+DslnShdktk4kXSPk+5mQ=",
        "schema": "input RemoveContextDataInput {\n  \"Add your inputs here\"\n  id: PHID!\n}"
      },
      "scope": "global",
      "id": "69d97abb-dca9-45a2-a0db-104064dc1325",
      "index": 61,
      "timestamp": "2025-02-07T08:27:06.810Z",
      "hash": "Szs5QVdaOgqdFWndmu1lN3Kalvk=",
      "skip": 0
    },
    {
      "type": "SET_OPERATION_SCHEMA",
      "input": {
        "id": "T9esDJaav0Urn7+xzXMG06+IvyI=",
        "schema": "input AddInput {\n  \"Add your inputs here\"\n  provenance: URL\n}"
      },
      "scope": "global",
      "id": "cda2720b-c8a3-4625-ae28-6abc5cc447bc",
      "index": 62,
      "timestamp": "2025-02-07T08:27:16.216Z",
      "hash": "250zuHZMZddci4bkNFib6r7Ak2A=",
      "skip": 0
    },
    {
      "type": "SET_OPERATION_SCHEMA",
      "input": {
        "id": "T9esDJaav0Urn7+xzXMG06+IvyI=",
        "schema": "input AddInput {\n  \"Add your inputs here\"\n  provenance: URL!\n  \n}"
      },
      "scope": "global",
      "id": "b2f77fd1-ae3f-430d-90f4-e5341afd37e9",
      "index": 63,
      "timestamp": "2025-02-07T08:27:17.282Z",
      "hash": "YZMuiMMBpWsp68NaEK+wjvplnwU=",
      "skip": 0
    },
    {
      "type": "SET_OPERATION_SCHEMA",
      "input": {
        "id": "T9esDJaav0Urn7+xzXMG06+IvyI=",
        "schema": "input AddInput {\n  \"Add your inputs here\"\n  provenance: URL\n  \n}"
      },
      "scope": "global",
      "id": "9c4f472c-d96a-4d14-b28e-5f867e65afa9",
      "index": 64,
      "timestamp": "2025-02-07T08:27:20.707Z",
      "hash": "Gov+z2L+5sDCk7egm69jhBg2BII=",
      "skip": 0
    },
    {
      "type": "SET_OPERATION_SCHEMA",
      "input": {
        "id": "sC5gxkpmz59EDlC1AG5kyfCR/u8=",
        "schema": "input SetNotionIdInput {\n  \"Add your inputs here\"\n  notion\n}"
      },
      "scope": "global",
      "id": "c586db98-79dc-4ec0-8979-bb6893426b72",
      "index": 65,
      "timestamp": "2025-02-07T08:27:25.581Z",
      "hash": "MyAxfyf8J8NJnGLWrK7e6fk/enA=",
      "skip": 0
    },
    {
      "type": "SET_OPERATION_SCHEMA",
      "input": {
        "id": "sC5gxkpmz59EDlC1AG5kyfCR/u8=",
        "schema": "input SetNotionIdInput {\n  \"Add your inputs here\"\n  notionID: \n}"
      },
      "scope": "global",
      "id": "397ce736-b90f-4d7b-8d02-9c421f1b59e7",
      "index": 66,
      "timestamp": "2025-02-07T08:27:26.961Z",
      "hash": "whfEz+fgO3GiTH+26auh2VeNWHI=",
      "skip": 0
    },
    {
      "type": "SET_OPERATION_SCHEMA",
      "input": {
        "id": "sC5gxkpmz59EDlC1AG5kyfCR/u8=",
        "schema": "input SetNotionIdInput {\n  \"Add your inputs here\"\n  notionID: String\n}"
      },
      "scope": "global",
      "id": "bc345fe9-a873-4212-a067-090379a2c87a",
      "index": 67,
      "timestamp": "2025-02-07T08:27:29.190Z",
      "hash": "kYaDaUH1tDHff4c2BF9mErSARB8=",
      "skip": 0
    },
    {
      "type": "SET_OPERATION_SCHEMA",
      "input": {
        "id": "T9esDJaav0Urn7+xzXMG06+IvyI=",
        "schema": "input Set {\n  \"Add your inputs here\"\n  provenance: URL\n  \n}"
      },
      "scope": "global",
      "id": "86f04f69-dd21-4bfe-bcf9-b96920e22dd5",
      "index": 68,
      "timestamp": "2025-02-07T09:12:38.338Z",
      "hash": "StlsyUbvHe3r6WYVGtS76ehWAMo=",
      "skip": 0
    },
    {
      "type": "SET_OPERATION_SCHEMA",
      "input": {
        "id": "T9esDJaav0Urn7+xzXMG06+IvyI=",
        "schema": "input S {\n  \"Add your inputs here\"\n  provenance: URL\n  \n}"
      },
      "scope": "global",
      "id": "67df1015-126f-4811-8ef7-ff35d11cc3a6",
      "index": 69,
      "timestamp": "2025-02-07T09:12:39.115Z",
      "hash": "FGalP9u34q2RNmnEOo3QOd0DXkA=",
      "skip": 0
    },
    {
      "type": "SET_OPERATION_SCHEMA",
      "input": {
        "id": "T9esDJaav0Urn7+xzXMG06+IvyI=",
        "schema": "input Set {\n  \"Add your inputs here\"\n  provenance: URL\n  \n}"
      },
      "scope": "global",
      "id": "a0bbcce0-4bba-46fb-94b9-56836c254987",
      "index": 70,
      "timestamp": "2025-02-07T09:12:39.889Z",
      "hash": "StlsyUbvHe3r6WYVGtS76ehWAMo=",
      "skip": 0
    },
    {
      "type": "SET_OPERATION_SCHEMA",
      "input": {
        "id": "T9esDJaav0Urn7+xzXMG06+IvyI=",
        "schema": "input SetProvenance {\n  \"Add your inputs here\"\n  provenance: URL\n  \n}"
      },
      "scope": "global",
      "id": "91268543-a873-4e66-be15-75b977a6ef9a",
      "index": 71,
      "timestamp": "2025-02-07T09:12:42.318Z",
      "hash": "YH23n62kZdTY16dvIDF6Ngduxm0=",
      "skip": 0
    },
    {
      "type": "SET_OPERATION_SCHEMA",
      "input": {
        "id": "T9esDJaav0Urn7+xzXMG06+IvyI=",
        "schema": "input SetProvenanceInput {\n  \"Add your inputs here\"\n  provenance: URL\n  \n}"
      },
      "scope": "global",
      "id": "db9937e6-e125-48e9-aee4-01d1bc8f59c6",
      "index": 72,
      "timestamp": "2025-02-07T09:12:43.736Z",
      "hash": "AyWtBNVi+bVfLlV0p+f6YLlIiTY=",
      "skip": 0
    },
    {
      "type": "SET_OPERATION_NAME",
      "input": {
        "id": "pbTnKZf0S+fzRub/1pWrD5zbNsk=",
        "name": "SET_GROUNDING_NAME"
      },
      "scope": "global",
      "id": "1f73b3c4-83d9-4cbc-8d48-c3cf42c14bfc",
      "index": 73,
      "timestamp": "2025-02-07T12:23:24.974Z",
      "hash": "AFb/Y5fFb3gU5JJn7gNNFAEeBRs=",
      "skip": 0
    },
    {
      "type": "SET_MODEL_EXTENSION",
      "input": {
        "extension": ".agr"
      },
      "scope": "global",
      "id": "7296d97e-ad07-4d5b-8fd8-cee1be34c7c0",
      "index": 74,
      "timestamp": "2025-02-07T13:02:07.512Z",
      "hash": "Z96mLU/MB4LSvRDhOHyt3NqStyk=",
      "skip": 0
    },
    {
      "type": "SET_OPERATION_SCHEMA",
      "input": {
        "id": "pbTnKZf0S+fzRub/1pWrD5zbNsk=",
        "schema": "input SetGroundingNameInput {\n  \"Add your inputs here\"\n  name: String!\n}"
      },
      "scope": "global",
      "id": "9883169b-4609-4c85-a5f9-e9fc026c4623",
      "index": 75,
      "timestamp": "2025-02-07T13:02:10.751Z",
      "hash": "kCtv2RmTSsEUBX6mN4YJVzMlPb0=",
      "skip": 0
    },
    {
      "type": "ADD_OPERATION",
      "input": {
        "id": "HsC7LHDYz5BwFp4tTnpWA4312zw=",
        "moduleId": "Z4wFwR7FOy+pjbIc4oK+bA2dQjc=",
        "name": "SET_ATLAS_TYPE"
      },
      "scope": "global",
      "id": "49ab7310-dce2-49d1-afad-bb682cdaae51",
      "index": 76,
      "timestamp": "2025-02-07T13:02:47.113Z",
      "hash": "93tcfdCKtndFh25otbM9qnLfrFY=",
      "skip": 0
    },
    {
      "type": "SET_OPERATION_SCHEMA",
      "input": {
        "id": "HsC7LHDYz5BwFp4tTnpWA4312zw=",
        "schema": "input SetAtlasTypeInput {\n  \"Add your inputs here\"\n  _placeholder: String\n}"
      },
      "scope": "global",
      "id": "5dd598c1-8ad1-411a-ad44-b12fb3eb7fef",
      "index": 77,
      "timestamp": "2025-02-07T13:02:47.150Z",
      "hash": "s63qbULk6MA2uijupC/n+UFLsn8=",
      "skip": 0
    },
    {
      "type": "SET_OPERATION_SCHEMA",
      "input": {
        "id": "HsC7LHDYz5BwFp4tTnpWA4312zw=",
        "schema": "input SetAtlasTypeInput {\n  \"Add your inputs here\"\n  atlas_\n}"
      },
      "scope": "global",
      "id": "4f19a408-1e42-4f8c-aa55-b762ffa4301a",
      "index": 78,
      "timestamp": "2025-02-07T13:02:52.407Z",
      "hash": "TgyDfBEg8/uIltLE+7zZBEuHNZE=",
      "skip": 0
    },
    {
      "type": "SET_OPERATION_SCHEMA",
      "input": {
        "id": "HsC7LHDYz5BwFp4tTnpWA4312zw=",
        "schema": "input SetAtlasTypeInput {\n  \"Add your inputs here\"\n  atlasType:\n}"
      },
      "scope": "global",
      "id": "9c113a54-4a05-4c73-8c05-12c4061daf13",
      "index": 79,
      "timestamp": "2025-02-07T13:02:54.017Z",
      "hash": "N2H9TD3xy0g+xL4ea28RPZgoyKI=",
      "skip": 0
    },
    {
      "type": "SET_OPERATION_SCHEMA",
      "input": {
        "id": "HsC7LHDYz5BwFp4tTnpWA4312zw=",
        "schema": "input SetAtlasTypeInput {\n  \"Add your inputs here\"\n  atlasType: []\n}"
      },
      "scope": "global",
      "id": "66c8dd8d-890e-4d5a-b207-ca28b22c56cd",
      "index": 80,
      "timestamp": "2025-02-07T13:02:55.103Z",
      "hash": "/Y6ijIRguMHwaO+9tmjQMmrs2TU=",
      "skip": 0
    },
    {
      "type": "SET_OPERATION_SCHEMA",
      "input": {
        "id": "HsC7LHDYz5BwFp4tTnpWA4312zw=",
        "schema": "input SetAtlasTypeInput {\n  \"Add your inputs here\"\n  atlasType: [G]\n}"
      },
      "scope": "global",
      "id": "c3f531ef-cdcc-464d-89b6-05036d3b23fb",
      "index": 81,
      "timestamp": "2025-02-07T13:02:55.650Z",
      "hash": "HAzZGfeR9W6rmhLvFL0M3T9wsLg=",
      "skip": 0
    },
    {
      "type": "SET_OPERATION_SCHEMA",
      "input": {
        "id": "HsC7LHDYz5BwFp4tTnpWA4312zw=",
        "schema": "input SetAtlasTypeInput {\n  \"Add your inputs here\"\n  atlasType: [GAtlasType!]\n}"
      },
      "scope": "global",
      "id": "f281a26c-75f4-4351-8278-9debee25cf42",
      "index": 82,
      "timestamp": "2025-02-07T13:02:56.626Z",
      "hash": "LlUKwjnE8patRBot20SKub2HgY4=",
      "skip": 0
    },
    {
      "type": "SET_INITIAL_STATE",
      "input": {
        "initialValue": "{\n  \"name\": \"\",\n  \"docNo\": \"\",\n  \"parent\": \"\",\n  \"atlasType\": \"TENET\",\n  \"content\": \"\",\n  \"masterStatus\": \"PLACEHOLDER\",\n  \"globalTags\": [],\n  \"references\": [],\n  \"originalContextData\": [],\n  \"provenance\": \"\",\n  \"notionId\": \"\"\n}",
        "scope": "global"
      },
      "scope": "global",
      "id": "a16842a7-493e-4936-a790-3aad9d259c6f",
      "index": 83,
      "timestamp": "2025-02-07T13:08:57.437Z",
      "hash": "ewN3E8j1UN224tFKMnwHCHb9k/E=",
      "skip": 0
    },
    {
      "type": "SET_STATE_SCHEMA",
      "input": {
        "schema": "type AtlasGroundingState {\n  \"\"\"\n    Full name of the Grounding document entity.  \n  \"\"\"\n  name: String\n\n  \"\"\"\n    Unique document number assigned to the Grounding document within Atlas.  \n  \"\"\"\n  docNo: String\n\n  \"\"\"\n    Parent entity that this Grounding document belongs to.  \n    This is a reference to another Atlas document.\n  \"\"\"\n  parent: PHID!\n\n  \"\"\"\n    The type of the Grounding document within Atlas.  \n    Example: Tenet, Original Context Data, Active Data.\n  \"\"\"\n  atlasType: GAtlasType!\n\n  \"\"\"\n    Entire content body of the Grounding document within Atlas.  \n  \"\"\"\n  content: String\n\n  \"\"\"\n    Master status of the Grounding document as managed by the Atlas Axis facilitator group.  \n  \"\"\"\n  masterStatus: GStatus!\n\n  \"\"\"\n    Document tags managed by the Atlas Axis facilitator group for classification.  \n  \"\"\"\n  globalTags: [GGlobalTag!]!\n\n  \"\"\"\n    References to other Atlas entities that are linked to this Grounding document.  \n  \"\"\"\n  references: [PHID!]!\n\n  \"\"\"\n    List of Atlas documents that were relevant for the creation of this Grounding document.  \n  \"\"\"\n  originalContextData: [DocumentInfo!]!\n\n  \"\"\"\n    Link to the original P0hub Notion environment where this document was first created or referenced.\n  \"\"\"\n  provenance: URL\n\n  \"\"\"\n    Original Notion document ID of the Grounding document.  \n    Used for cross-system referencing and linking back to the original Notion source.\n  \"\"\"\n  notionId: String\n}\n\n\"\"\"\n   Reference to a document within Atlas with optional name and document number for display reasons. \n\"\"\"\n\ntype GDocumentLink {\n  id:PHID!\n  name:OLabel\n  docNo: String \n}\n\n\"\"\"\n  Domain (i.e., Atlas) specific document types with the same document model global schema.  \n\"\"\"\nenum GAtlasType {\n  TENET\n  ORIGINAL_CONTEXT_DATA\n  ACTIVE_DATA\n}\n\n\"\"\"\n  Defines the lifecycle stage of the Grounding document within Atlas.  \n\"\"\"\nenum GStatus {\n  PLACEHOLDER\n  PROVISIONAL\n  APPROVED\n  DEFERRED\n  ARCHIVED\n}\n\n\"\"\"\n  These global tags are used for classification in Grounding documents.  \n\"\"\"\nenum GGlobalTag {\n  SCOPE_ADVISOR\n  AVC\n  CAIS\n  ML_LOW_PRIORITY\n  EXTERNAL_REFERENCE\n  DAO_TOOLKIT\n  ML_DEFER\n  PURPOSE_SYSTEM\n  NEWCHAIN\n  ML_SUPPORT_DOCS_NEEDED\n  TWO_STAGE_BRIDGE\n  ECOSYSTEM_INTELLIGENCE\n  RECURSIVE_IMPROVEMENT\n  LEGACY_TERM_USE_APPROVED\n}\n",
        "scope": "global"
      },
      "scope": "global",
      "id": "b303d1b8-96a0-487f-9f30-9415c57a3106",
      "index": 84,
      "timestamp": "2025-02-20T20:19:46.436Z",
      "hash": "aQ2esYq1uZrzW1J9Wv5EtHWkLB4=",
      "skip": 0
    },
    {
      "type": "SET_STATE_SCHEMA",
      "input": {
        "schema": "type AtlasGroundingState {\n  \"\"\"\n    Full name of the Grounding document entity.  \n  \"\"\"\n  name: String\n\n  \"\"\"\n    Unique document number assigned to the Grounding document within Atlas.  \n  \"\"\"\n  docNo: String\n\n  \"\"\"\n    Parent entity that this Grounding document belongs to.  \n    This is a reference to another Atlas document.\n  \"\"\"\n  parent: PHID!\n\n  \"\"\"\n    The type of the Grounding document within Atlas.  \n    Example: Tenet, Original Context Data, Active Data.\n  \"\"\"\n  atlasType: GAtlasType!\n\n  \"\"\"\n    Entire content body of the Grounding document within Atlas.  \n  \"\"\"\n  content: String\n\n  \"\"\"\n    Master status of the Grounding document as managed by the Atlas Axis facilitator group.  \n  \"\"\"\n  masterStatus: GStatus!\n\n  \"\"\"\n    Document tags managed by the Atlas Axis facilitator group for classification.  \n  \"\"\"\n  globalTags: [GGlobalTag!]!\n\n  \"\"\"\n    References to other Atlas entities that are linked to this Grounding document.  \n  \"\"\"\n  references: [PHID!]!\n\n  \"\"\"\n    List of Atlas documents that were relevant for the creation of this Grounding document.  \n  \"\"\"\n  originalContextData: [DocumentInfo!]!\n\n  \"\"\"\n    Link to the original P0hub Notion environment where this document was first created or referenced.\n  \"\"\"\n  provenance: [URL!]!\n\n  \"\"\"\n    Original Notion document ID of the Grounding document.  \n    Used for cross-system referencing and linking back to the original Notion source.\n  \"\"\"\n  notionId: String\n}\n\n\"\"\"\n   Reference to a document within Atlas with optional name and document number for display reasons. \n\"\"\"\n\ntype GDocumentLink {\n  id:PHID!\n  name:OLabel\n  docNo: String \n}\n\n\"\"\"\n  Domain (i.e., Atlas) specific document types with the same document model global schema.  \n\"\"\"\nenum GAtlasType {\n  TENET\n  ORIGINAL_CONTEXT_DATA\n  ACTIVE_DATA\n}\n\n\"\"\"\n  Defines the lifecycle stage of the Grounding document within Atlas.  \n\"\"\"\nenum GStatus {\n  PLACEHOLDER\n  PROVISIONAL\n  APPROVED\n  DEFERRED\n  ARCHIVED\n}\n\n\"\"\"\n  These global tags are used for classification in Grounding documents.  \n\"\"\"\nenum GGlobalTag {\n  SCOPE_ADVISOR\n  AVC\n  CAIS\n  ML_LOW_PRIORITY\n  EXTERNAL_REFERENCE\n  DAO_TOOLKIT\n  ML_DEFER\n  PURPOSE_SYSTEM\n  NEWCHAIN\n  ML_SUPPORT_DOCS_NEEDED\n  TWO_STAGE_BRIDGE\n  ECOSYSTEM_INTELLIGENCE\n  RECURSIVE_IMPROVEMENT\n  LEGACY_TERM_USE_APPROVED\n}\n",
        "scope": "global"
      },
      "scope": "global",
      "id": "c3b7925b-7424-4bf9-bea6-9e150b4b8148",
      "index": 85,
      "timestamp": "2025-02-20T20:20:06.183Z",
      "hash": "00ABPe40YebvEmPkXRSTJlGRhlg=",
      "skip": 0
    },
    {
      "type": "ADD_OPERATION",
      "input": {
        "id": "3irVZy4c8VlQntz2TEjyeA7uit4=",
        "moduleId": "Z4wFwR7FOy+pjbIc4oK+bA2dQjc=",
        "name": "SET_PARENT"
      },
      "scope": "global",
      "id": "b9ab344b-66f5-4fd8-81b2-f1d9900246a6",
      "index": 86,
      "timestamp": "2025-02-20T20:22:12.973Z",
      "hash": "HtQzzpYiM1qstSAfbgu9PrObsTY=",
      "skip": 0
    },
    {
      "type": "SET_OPERATION_SCHEMA",
      "input": {
        "id": "3irVZy4c8VlQntz2TEjyeA7uit4=",
        "schema": "input SetParentInput {\n  \"Add your inputs here\"\n  _placeholder: String\n}"
      },
      "scope": "global",
      "id": "5b6e67ec-8c58-44b5-8f45-081909f61504",
      "index": 87,
      "timestamp": "2025-02-20T20:22:13.017Z",
      "hash": "N4B/U7C0bfs4ij3kTasjfm/Qohw=",
      "skip": 0
    },
    {
      "type": "SET_OPERATION_SCHEMA",
      "input": {
        "id": "3irVZy4c8VlQntz2TEjyeA7uit4=",
        "schema": "input SetParentInput {\n  id: PHID!\n  name: OLabel \n  docNo: String\n}"
      },
      "scope": "global",
      "id": "ef5f4cf7-670b-4fe9-80db-7ec6aadbd450",
      "index": 88,
      "timestamp": "2025-02-20T20:22:40.574Z",
      "hash": "qQaCbytfDAzgmEykomG2y2NiIo0=",
      "skip": 0
    },
    {
      "type": "SET_OPERATION_SCHEMA",
      "input": {
        "id": "HsC7LHDYz5BwFp4tTnpWA4312zw=",
        "schema": "input SetAtlasTypeInput {\n  atlasType: GAtlasType!\n}"
      },
      "scope": "global",
      "id": "4990e841-a25b-4290-b3e3-4341c4f393bf",
      "index": 89,
      "timestamp": "2025-02-20T20:23:02.167Z",
      "hash": "4sYW4Tzod4pkF19uxLWUN7A7uAY=",
      "skip": 0
    },
    {
      "type": "SET_OPERATION_SCHEMA",
      "input": {
        "id": "/kGF0lna2d/9PuAjxhcQMBuIY1g=",
        "schema": "input SetContentInput {\n  content: String! \n}"
      },
      "scope": "global",
      "id": "4f2a9382-9d62-4e00-bcbd-139650907ae7",
      "index": 90,
      "timestamp": "2025-02-20T20:23:13.917Z",
      "hash": "kqigaunmVCoDp9q7LcDHTZYv+zM=",
      "skip": 0
    },
    {
      "type": "SET_OPERATION_SCHEMA",
      "input": {
        "id": "VyLF4PhtTbRi/adkmeHIo700dzE=",
        "schema": "input SetDocNumberInput {\n  docNo: String! \n}"
      },
      "scope": "global",
      "id": "c4fb966e-5347-4edd-a574-d5076f55643e",
      "index": 91,
      "timestamp": "2025-02-20T20:25:18.233Z",
      "hash": "wyRkJ6RrIr7XBY1galpJftDFUXA=",
      "skip": 0
    },
    {
      "type": "SET_OPERATION_SCHEMA",
      "input": {
        "id": "pbTnKZf0S+fzRub/1pWrD5zbNsk=",
        "schema": "input SetGroundingNameInput {\n  name: String!\n}"
      },
      "scope": "global",
      "id": "d152128d-267a-47f7-8f35-af0bb3e6c344",
      "index": 92,
      "timestamp": "2025-02-20T20:25:18.234Z",
      "hash": "T4AZQvLLw95pW0b+pLxjjhwAgxY=",
      "skip": 0
    },
    {
      "type": "SET_OPERATION_SCHEMA",
      "input": {
        "id": "G1qGUhuNhTQ0YYNKbhlTO4sa8K8=",
        "schema": "input AddTagsInput {\n  tags: [GGlobalTag!]!\n}"
      },
      "scope": "global",
      "id": "85bf957f-1559-432d-a363-5b87db88a9fc",
      "index": 93,
      "timestamp": "2025-02-20T20:25:18.234Z",
      "hash": "ZjMIZrgRKTtexVTvkrK6ynjZAAY=",
      "skip": 0
    },
    {
      "type": "SET_OPERATION_SCHEMA",
      "input": {
        "id": "AuFU3WJ/oSjB1gFiKY/jRWeORRI=",
        "schema": "input RemoveTagsInput {\n  tags: [GGlobalTag!]!\n}"
      },
      "scope": "global",
      "id": "877fb477-6aaa-4ce0-8ca3-29e05b500981",
      "index": 94,
      "timestamp": "2025-02-20T20:25:18.234Z",
      "hash": "gsKEusboWV40bLD21BtTVNecCFk=",
      "skip": 0
    },
    {
      "type": "SET_OPERATION_SCHEMA",
      "input": {
        "id": "kJ18avk8GZfFSCDB9nc3Q/IW/YM=",
        "schema": "input AddContextDataInput {\n  id: PHID!\n  name: String\n  docNo: String\n}"
      },
      "scope": "global",
      "id": "5a2e5b2d-93b8-442a-b7e9-e9634ae58fae",
      "index": 95,
      "timestamp": "2025-02-20T20:25:18.234Z",
      "hash": "FmXKdqkWtl+ZVZAQnfioYgx6PL8=",
      "skip": 0
    },
    {
      "type": "SET_OPERATION_SCHEMA",
      "input": {
        "id": "/US9/Z+DslnShdktk4kXSPk+5mQ=",
        "schema": "input RemoveContextDataInput {\n  id: PHID!\n}"
      },
      "scope": "global",
      "id": "c34a3b32-dc30-4646-b538-75173da886cb",
      "index": 96,
      "timestamp": "2025-02-20T20:25:18.234Z",
      "hash": "ZORVyLF88On68iyx3BTt3oonL1M=",
      "skip": 0
    },
    {
      "type": "SET_OPERATION_SCHEMA",
      "input": {
        "id": "T9esDJaav0Urn7+xzXMG06+IvyI=",
        "schema": "input SetProvenanceInput {\n  \"Add your inputs here\"\n  provenance: [URL!]!\n}"
      },
      "scope": "global",
      "id": "305fc987-97e2-44e7-ba49-d8f994be9867",
      "index": 97,
      "timestamp": "2025-02-20T20:25:18.235Z",
      "hash": "Yty8J7bY0iwbdZWT3eFBLFVxaN0=",
      "skip": 0
    },
    {
      "type": "SET_OPERATION_SCHEMA",
      "input": {
        "id": "T9esDJaav0Urn7+xzXMG06+IvyI=",
        "schema": "input SetProvenanceInput {\n  provenance: [URL!]!\n}"
      },
      "scope": "global",
      "id": "73eb6cba-9a44-4403-adf0-cf3e6547092d",
      "index": 98,
      "timestamp": "2025-02-20T20:25:18.235Z",
      "hash": "cNV7KmwXy5K+fG6xHzobVurQct8=",
      "skip": 0
    },
    {
      "type": "SET_OPERATION_SCHEMA",
      "input": {
        "id": "T9esDJaav0Urn7+xzXMG06+IvyI=",
        "schema": "input SetProvenanceInput {\n  provenance: [URL!]!\n}"
      },
      "scope": "global",
      "id": "a1c99cc2-c3e4-426a-8c4f-b09f7ebc888b",
      "index": 99,
      "timestamp": "2025-02-20T20:25:18.235Z",
      "hash": "cNV7KmwXy5K+fG6xHzobVurQct8=",
      "skip": 0
    },
    {
      "type": "SET_OPERATION_SCHEMA",
      "input": {
        "id": "sC5gxkpmz59EDlC1AG5kyfCR/u8=",
        "schema": "input SetNotionIdInput {\n  notionID: String!\n}"
      },
      "scope": "global",
      "id": "0758be3f-538f-4cf6-8c55-f441d2b0d554",
      "index": 100,
      "timestamp": "2025-02-20T20:25:18.235Z",
      "hash": "Dir9cqRMP+OVpz6zpumEe0Rnigw=",
      "skip": 0
    },
    {
      "type": "SET_STATE_SCHEMA",
      "input": {
        "schema": "type AtlasGroundingState {\n  \"\"\"\n    Full name of the Grounding document entity.  \n  \"\"\"\n  name: String\n\n  \"\"\"\n    Unique document number assigned to the Grounding document within Atlas.  \n  \"\"\"\n  docNo: String\n\n  \"\"\"\n    Parent entity that this Grounding document belongs to.  \n    This is a reference to another Atlas document.\n  \"\"\"\n  parent: PHID!\n\n  \"\"\"\n    The type of the Grounding document within Atlas.  \n    Example: Tenet, Original Context Data, Active Data.\n  \"\"\"\n  atlasType: GAtlasType!\n\n  \"\"\"\n    Entire content body of the Grounding document within Atlas.  \n  \"\"\"\n  content: String\n\n  \"\"\"\n    Master status of the Grounding document as managed by the Atlas Axis facilitator group.  \n  \"\"\"\n  masterStatus: GStatus!\n\n  \"\"\"\n    Document tags managed by the Atlas Axis facilitator group for classification.  \n  \"\"\"\n  globalTags: [GGlobalTag!]!\n\n  \"\"\"\n    References to other Atlas entities that are linked to this Grounding document.  \n  \"\"\"\n  references: [GDocumentLink!]!\n\n  \"\"\"\n    List of Atlas documents that were relevant for the creation of this Grounding document.  \n  \"\"\"\n  originalContextData: [DocumentInfo!]!\n\n  \"\"\"\n    Link to the original P0hub Notion environment where this document was first created or referenced.\n  \"\"\"\n  provenance: [URL!]!\n\n  \"\"\"\n    Original Notion document ID of the Grounding document.  \n    Used for cross-system referencing and linking back to the original Notion source.\n  \"\"\"\n  notionId: String\n}\n\n\"\"\"\n   Reference to a document within Atlas with optional name and document number for display reasons. \n\"\"\"\n\ntype GDocumentLink {\n  id: PHID!\n  name: OLabel\n  docNo: String \n}\n\n\"\"\"\n  Domain (i.e., Atlas) specific document types with the same document model global schema.  \n\"\"\"\nenum GAtlasType {\n  TENET\n  ORIGINAL_CONTEXT_DATA\n  ACTIVE_DATA\n}\n\n\"\"\"\n  Defines the lifecycle stage of the Grounding document within Atlas.  \n\"\"\"\nenum GStatus {\n  PLACEHOLDER\n  PROVISIONAL\n  APPROVED\n  DEFERRED\n  ARCHIVED\n}\n\n\"\"\"\n  These global tags are used for classification in Grounding documents.  \n\"\"\"\nenum GGlobalTag {\n  SCOPE_ADVISOR\n  AVC\n  CAIS\n  ML_LOW_PRIORITY\n  EXTERNAL_REFERENCE\n  DAO_TOOLKIT\n  ML_DEFER\n  PURPOSE_SYSTEM\n  NEWCHAIN\n  ML_SUPPORT_DOCS_NEEDED\n  TWO_STAGE_BRIDGE\n  ECOSYSTEM_INTELLIGENCE\n  RECURSIVE_IMPROVEMENT\n  LEGACY_TERM_USE_APPROVED\n}\n",
        "scope": "global"
      },
      "scope": "global",
      "id": "243b7910-b1ab-4e54-9513-053d3976947f",
      "index": 101,
      "timestamp": "2025-02-20T20:25:42.933Z",
      "hash": "hu48hvuu/pmJL3017UsAbssXYQE=",
      "skip": 0
    },
    {
      "type": "SET_STATE_SCHEMA",
      "input": {
        "schema": "type AtlasGroundingState {\n  \"\"\"\n    Full name of the Grounding document entity.  \n  \"\"\"\n  name: String\n\n  \"\"\"\n    Unique document number assigned to the Grounding document within Atlas.  \n  \"\"\"\n  docNo: String\n\n  \"\"\"\n    Parent entity that this Grounding document belongs to.  \n    This is a reference to another Atlas document.\n  \"\"\"\n  parent: PHID!\n\n  \"\"\"\n    The type of the Grounding document within Atlas.  \n    Example: Tenet, Original Context Data, Active Data.\n  \"\"\"\n  atlasType: GAtlasType!\n\n  \"\"\"\n    Entire content body of the Grounding document within Atlas.  \n  \"\"\"\n  content: String\n\n  \"\"\"\n    Master status of the Grounding document as managed by the Atlas Axis facilitator group.  \n  \"\"\"\n  masterStatus: GStatus!\n\n  \"\"\"\n    Document tags managed by the Atlas Axis facilitator group for classification.  \n  \"\"\"\n  globalTags: [GGlobalTag!]!\n\n  \"\"\"\n    References to other Atlas entities that are linked to this Grounding document.  \n  \"\"\"\n  references: [GDocumentLink!]!\n\n  \"\"\"\n    List of Atlas documents that were relevant for the creation of this Grounding document.  \n  \"\"\"\n  originalContextData: [DocumentInfo!]!\n\n  \"\"\"\n    Link to the original P0hub Notion environment where this document was first created or referenced.\n  \"\"\"\n  provenance: [URL!]!\n\n  \"\"\"\n    Original Notion document ID of the Grounding document.  \n    Used for cross-system referencing and linking back to the original Notion source.\n  \"\"\"\n  notionId: String\n}\n\n\"\"\"\n   Reference to a document within Atlas with optional name and document number for display reasons. \n\"\"\"\n\ntype GDocumentLink {\n  id: PHID!\n  name: OLabel\n  docNo: String \n}\n\n\"\"\"\n  Domain (i.e., Atlas) specific document types with the same document model global schema.  \n\"\"\"\nenum GAtlasType {\n  TENET\n  ORIGINAL_CONTEXT_DATA\n  ACTIVE_DATA\n}\n\n\"\"\"\n  Defines the lifecycle stage of the Grounding document within Atlas.  \n\"\"\"\nenum GStatus {\n  PLACEHOLDER\n  PROVISIONAL\n  APPROVED\n  DEFERRED\n  ARCHIVED\n}\n\n\"\"\"\n  These global tags are used for classification in Grounding documents.  \n\"\"\"\nenum GGlobalTag {\n  SCOPE_ADVISOR\n  AVC\n  CAIS\n  ML_LOW_PRIORITY\n  EXTERNAL_REFERENCE\n  DAO_TOOLKIT\n  ML_DEFER\n  PURPOSE_SYSTEM\n  NEWCHAIN\n  ML_SUPPORT_DOCS_NEEDED\n  TWO_STAGE_BRIDGE\n  ECOSYSTEM_INTELLIGENCE\n  RECURSIVE_IMPROVEMENT\n  LEGACY_TERM_USE_APPROVED\n}\n",
        "scope": "global"
      },
      "scope": "global",
      "id": "f4f2d045-1807-47e7-8d4a-a46c552793bc",
      "index": 103,
      "timestamp": "2025-02-20T20:26:13.771Z",
      "hash": "hu48hvuu/pmJL3017UsAbssXYQE=",
      "skip": 1
    },
    {
      "type": "SET_STATE_SCHEMA",
      "input": {
        "schema": "type AtlasGroundingState {\n  \"\"\"\n    Full name of the Grounding document entity.  \n  \"\"\"\n  name: String\n\n  \"\"\"\n    Unique document number assigned to the Grounding document within Atlas.  \n  \"\"\"\n  docNo: String\n\n  \"\"\"\n    Parent entity that this Grounding document belongs to.  \n    This is a reference to another Atlas document.\n  \"\"\"\n  parent: PHID!\n\n  \"\"\"\n    The type of the Grounding document within Atlas.  \n    Example: Tenet, Original Context Data, Active Data.\n  \"\"\"\n  atlasType: GAtlasType!\n\n  \"\"\"\n    Entire content body of the Grounding document within Atlas.  \n  \"\"\"\n  content: String\n\n  \"\"\"\n    Master status of the Grounding document as managed by the Atlas Axis facilitator group.  \n  \"\"\"\n  masterStatus: GStatus!\n\n  \"\"\"\n    Document tags managed by the Atlas Axis facilitator group for classification.  \n  \"\"\"\n  globalTags: [GGlobalTag!]!\n\n  \"\"\"\n    References to other Atlas entities that are linked to this Grounding document.  \n  \"\"\"\n  references: [GDocumentLink!]!\n\n  \"\"\"\n    List of Atlas documents that were relevant for the creation of this Grounding document.  \n  \"\"\"\n  originalContextData: [GDocumentLink!]!\n\n  \"\"\"\n    Link to the original P0hub Notion environment where this document was first created or referenced.\n  \"\"\"\n  provenance: [URL!]!\n\n  \"\"\"\n    Original Notion document ID of the Grounding document.  \n    Used for cross-system referencing and linking back to the original Notion source.\n  \"\"\"\n  notionId: String\n}\n\n\"\"\"\n   Reference to a document within Atlas with optional name and document number for display reasons. \n\"\"\"\n\ntype GDocumentLink {\n  id: PHID!\n  name: OLabel\n  docNo: String \n}\n\n\"\"\"\n  Domain (i.e., Atlas) specific document types with the same document model global schema.  \n\"\"\"\nenum GAtlasType {\n  TENET\n  ORIGINAL_CONTEXT_DATA\n  ACTIVE_DATA\n}\n\n\"\"\"\n  Defines the lifecycle stage of the Grounding document within Atlas.  \n\"\"\"\nenum GStatus {\n  PLACEHOLDER\n  PROVISIONAL\n  APPROVED\n  DEFERRED\n  ARCHIVED\n}\n\n\"\"\"\n  These global tags are used for classification in Grounding documents.  \n\"\"\"\nenum GGlobalTag {\n  SCOPE_ADVISOR\n  AVC\n  CAIS\n  ML_LOW_PRIORITY\n  EXTERNAL_REFERENCE\n  DAO_TOOLKIT\n  ML_DEFER\n  PURPOSE_SYSTEM\n  NEWCHAIN\n  ML_SUPPORT_DOCS_NEEDED\n  TWO_STAGE_BRIDGE\n  ECOSYSTEM_INTELLIGENCE\n  RECURSIVE_IMPROVEMENT\n  LEGACY_TERM_USE_APPROVED\n}\n",
        "scope": "global"
      },
      "scope": "global",
      "id": "9642f6e9-c0ab-4a89-82b9-d534003d8899",
      "index": 104,
      "timestamp": "2025-02-20T20:27:18.808Z",
      "hash": "tlV7r2LjllcXkjq9bA9rJvsLL9Q=",
      "skip": 0
    },
    {
      "type": "SET_INITIAL_STATE",
      "input": {
        "initialValue": "{\n  \"name\": \"\",\n  \"docNo\": \"\",\n  \"parent\": \"\",\n  \"atlasType\": \"TENET\",\n  \"content\": \"\",\n  \"masterStatus\": \"PLACEHOLDER\",\n  \"globalTags\": [],\n  \"references\": [],\n  \"originalContextData\": [],\n  \"provenance\": [],\n  \"notionId\": \"\"\n}",
        "scope": "global"
      },
      "scope": "global",
      "id": "9a41829b-19d6-4203-9735-ea43dc49996c",
      "index": 105,
      "timestamp": "2025-02-20T20:29:08.239Z",
      "hash": "5QrFUJ+v/7/JrF1+6KWyJI/8hB0=",
      "skip": 0
    },
    {
      "type": "ADD_OPERATION",
      "input": {
        "id": "xvrIoaQIDL1GXht7pF9n+fdkZoM=",
        "moduleId": "hYLyB00jZOGkgOYlzIK4CQyetAc=",
        "name": "ADD_REFERENCE"
      },
      "scope": "global",
      "id": "47cd9f5a-64ed-4188-9bfe-e80966e65830",
      "index": 106,
      "timestamp": "2025-02-20T20:29:22.002Z",
      "hash": "hHL3PmP6c0r+GhUvpkblHCMeYpM=",
      "skip": 0
    },
    {
      "type": "SET_OPERATION_SCHEMA",
      "input": {
        "id": "xvrIoaQIDL1GXht7pF9n+fdkZoM=",
        "schema": "input AddReferenceInput {\n  \"Add your inputs here\"\n  _placeholder: String\n}"
      },
      "scope": "global",
      "id": "f14a76eb-c885-4867-9080-8a93f2eef36a",
      "index": 107,
      "timestamp": "2025-02-20T20:29:22.044Z",
      "hash": "yC5ZK6c/I73apLnEvImyj0gMsqg=",
      "skip": 0
    },
    {
      "type": "SET_OPERATION_SCHEMA",
      "input": {
        "id": "xvrIoaQIDL1GXht7pF9n+fdkZoM=",
        "schema": "input AddReferenceInput {\n  id: PHID!\n  name: String\n  docNo: String\n}"
      },
      "scope": "global",
      "id": "483556c3-19f0-4fdd-b755-62d8c64b2bff",
      "index": 108,
      "timestamp": "2025-02-20T20:29:39.332Z",
      "hash": "Pyre9Vv6K52ExWlcCK9lVT5rGfg=",
      "skip": 0
    },
    {
      "type": "ADD_OPERATION",
      "input": {
        "id": "zR3Q9tOd5g2jKfDm0HpMF88zUM4=",
        "moduleId": "hYLyB00jZOGkgOYlzIK4CQyetAc=",
        "name": "REMOVE_REFERENCE"
      },
      "scope": "global",
      "id": "254adb86-4424-4595-a967-b31e040703c7",
      "index": 109,
      "timestamp": "2025-02-20T20:30:00.390Z",
      "hash": "AXqi/cnJzdTaasM02WdQQb+z9QU=",
      "skip": 0
    },
    {
      "type": "SET_OPERATION_SCHEMA",
      "input": {
        "id": "zR3Q9tOd5g2jKfDm0HpMF88zUM4=",
        "schema": "input RemoveReferenceInput {\n  \"Add your inputs here\"\n  _placeholder: String\n}"
      },
      "scope": "global",
      "id": "ca4f8de2-dcb0-46ea-92a0-8604e09cc1e2",
      "index": 110,
      "timestamp": "2025-02-20T20:30:00.390Z",
      "hash": "qBt/QEIA7zxx+cMm853sk8HM1i4=",
      "skip": 0
    },
    {
      "type": "SET_OPERATION_SCHEMA",
      "input": {
        "id": "xvrIoaQIDL1GXht7pF9n+fdkZoM=",
        "schema": "input AddReferenceInput {\n  id: PHID!\n  name: String\n  docNo: String\n}"
      },
      "scope": "global",
      "id": "18b32565-042c-4ccc-b226-a211dbbdf893",
      "index": 111,
      "timestamp": "2025-02-20T20:30:00.390Z",
      "hash": "qBt/QEIA7zxx+cMm853sk8HM1i4=",
      "skip": 0
    },
    {
      "type": "SET_OPERATION_SCHEMA",
      "input": {
        "id": "zR3Q9tOd5g2jKfDm0HpMF88zUM4=",
        "schema": "input RemoveReferenceInput {\n  id: PHID!\n}"
      },
      "scope": "global",
      "id": "280e9f61-a329-450a-9cc3-11dc0bdc62b3",
      "index": 112,
      "timestamp": "2025-02-20T20:30:00.390Z",
      "hash": "/cyn5bnXgixABUG94bn6bzBO470=",
      "skip": 0
    },
    {
      "type": "SET_OPERATION_SCHEMA",
      "input": {
        "id": "xvrIoaQIDL1GXht7pF9n+fdkZoM=",
        "schema": "input AddReferenceInput {\n  id: PHID!\n  name: String\n  docNo: String\n}"
      },
      "scope": "global",
      "id": "f8250eb9-7715-4f7e-a2a9-f26817ff2fbf",
      "index": 113,
      "timestamp": "2025-02-20T20:30:00.390Z",
      "hash": "/cyn5bnXgixABUG94bn6bzBO470=",
      "skip": 0
    },
    {
      "type": "SET_STATE_SCHEMA",
      "input": {
        "schema": "type AtlasGroundingState {\n  \"\"\"\n    Full name of the Grounding document entity.  \n  \"\"\"\n  name: String\n\n  \"\"\"\n    Unique document number assigned to the Grounding document within Atlas.  \n  \"\"\"\n  docNo: String\n\n  \"\"\"\n    Parent entity that this Grounding document belongs to.  \n    This is a reference to another Atlas document.\n  \"\"\"\n  parent: GDocumentLink!\n\n  \"\"\"\n    The type of the Grounding document within Atlas.  \n    Example: Tenet, Original Context Data, Active Data.\n  \"\"\"\n  atlasType: GAtlasType!\n\n  \"\"\"\n    Entire content body of the Grounding document within Atlas.  \n  \"\"\"\n  content: String\n\n  \"\"\"\n    Master status of the Grounding document as managed by the Atlas Axis facilitator group.  \n  \"\"\"\n  masterStatus: GStatus!\n\n  \"\"\"\n    Document tags managed by the Atlas Axis facilitator group for classification.  \n  \"\"\"\n  globalTags: [GGlobalTag!]!\n\n  \"\"\"\n    References to other Atlas entities that are linked to this Grounding document.  \n  \"\"\"\n  references: [GDocumentLink!]!\n\n  \"\"\"\n    List of Atlas documents that were relevant for the creation of this Grounding document.  \n  \"\"\"\n  originalContextData: [GDocumentLink!]!\n\n  \"\"\"\n    Link to the original P0hub Notion environment where this document was first created or referenced.\n  \"\"\"\n  provenance: [URL!]!\n\n  \"\"\"\n    Original Notion document ID of the Grounding document.  \n    Used for cross-system referencing and linking back to the original Notion source.\n  \"\"\"\n  notionId: String\n}\n\n\"\"\"\n   Reference to a document within Atlas with optional name and document number for display reasons. \n\"\"\"\n\ntype GDocumentLink {\n  id: PHID!\n  name: OLabel\n  docNo: String \n}\n\n\"\"\"\n  Domain (i.e., Atlas) specific document types with the same document model global schema.  \n\"\"\"\nenum GAtlasType {\n  TENET\n  ORIGINAL_CONTEXT_DATA\n  ACTIVE_DATA\n}\n\n\"\"\"\n  Defines the lifecycle stage of the Grounding document within Atlas.  \n\"\"\"\nenum GStatus {\n  PLACEHOLDER\n  PROVISIONAL\n  APPROVED\n  DEFERRED\n  ARCHIVED\n}\n\n\"\"\"\n  These global tags are used for classification in Grounding documents.  \n\"\"\"\nenum GGlobalTag {\n  SCOPE_ADVISOR\n  AVC\n  CAIS\n  ML_LOW_PRIORITY\n  EXTERNAL_REFERENCE\n  DAO_TOOLKIT\n  ML_DEFER\n  PURPOSE_SYSTEM\n  NEWCHAIN\n  ML_SUPPORT_DOCS_NEEDED\n  TWO_STAGE_BRIDGE\n  ECOSYSTEM_INTELLIGENCE\n  RECURSIVE_IMPROVEMENT\n  LEGACY_TERM_USE_APPROVED\n}\n",
        "scope": "global"
      },
      "scope": "global",
      "id": "44510f79-cfa9-4a43-908b-a483c31f9aae",
      "index": 114,
      "timestamp": "2025-02-20T20:37:58.813Z",
      "hash": "y+fiZ4kN49Z8GwSGm5EtWcZ21yc=",
      "skip": 0
    },
    {
      "type": "SET_INITIAL_STATE",
      "input": {
        "initialValue": "{\n  \"name\": \"\",\n  \"docNo\": \"\",\n  \"parent\": {\n    \"id\": \"\",\n    \"name\": \"\",\n    \"docNo\": \"\"\n  },\n  \"atlasType\": \"TENET\",\n  \"content\": \"\",\n  \"masterStatus\": \"PLACEHOLDER\",\n  \"globalTags\": [],\n  \"references\": [],\n  \"originalContextData\": [],\n  \"provenance\": [],\n  \"notionId\": \"\"\n}",
        "scope": "global"
      },
      "scope": "global",
      "id": "dea717c9-6b67-4edf-8c88-69aab5016296",
      "index": 115,
      "timestamp": "2025-02-20T20:37:58.870Z",
      "hash": "22n4U/wyCIoxS/mmgg72GdOkOUY=",
      "skip": 0
    }
  ],
  "local": []
}